plot,treatment,focal,id.focal,seed,year,reserve
8B,1,CRAS,7,NA,2017,perenjori
2A,0,HYGL,287,NA,2017,perenjori
8B,1,CRAS,2,NA,2017,perenjori
8B,1,CRAS,5,NA,2017,perenjori
3B,1,CRAS,2,NA,2017,perenjori
9A,0,CRAS,8,NA,2017,perenjori
8B,1,CRAS,6,NA,2017,perenjori
9A,0,CRAS,7,NA,2017,perenjori
7A,0,POMU,21,NA,2017,perenjori
9B,1,CRAS,5,NA,2017,perenjori
9A,0,CRAS,6,NA,2017,perenjori
1A,0,UNK,FB,NA,2017,perenjori
2A,0,CRAS,4,NA,2017,perenjori
7B,1,CHPS,10,NA,2017,perenjori
8B,1,CRAS,1,NA,2017,perenjori
2A,0,HYGL,290,NA,2017,perenjori
9A,0,CRAS,1,NA,2017,perenjori
9A,0,CRAS,5,NA,2017,perenjori
6B,1,POMU,1,NA,2017,perenjori
9A,0,CRAS,9,NA,2017,perenjori
8A,0,CRAS,10,NA,2017,perenjori
8A,0,CRAS,3,NA,2017,perenjori
9A,0,POMU,63,NA,2017,perenjori
3A,0,HYGL,7,5,2017,perenjori
9A,0,CRAS,10,NA,2017,perenjori
2B,1,CRAS,1,NA,2017,perenjori
9A,0,CRAS,4,NA,2017,perenjori
3A,0,CRAS,2,NA,2017,perenjori
3A,0,CRAS,2,NA,2017,perenjori
3B,1,CRAS,5,NA,2017,perenjori
7B,1,CRAS,6,NA,2017,perenjori
7A,0,POMU,43,NA,2017,perenjori
5B,1,CHPS,17,NA,2017,perenjori
8A,0,CRAS,5,NA,2017,perenjori
9A,0,CRAS,3,NA,2017,perenjori
7B,1,CRAS,2,NA,2017,perenjori
3A,0,CHPS,18,NA,2017,perenjori
3B,1,CRAS,6,NA,2017,perenjori
3B,1,CRAS,4,NA,2017,perenjori
3A,0,CRAS,8,NA,2017,perenjori
3A,0,CRAS,8,NA,2017,perenjori
7A,0,POMU,13,NA,2017,perenjori
7B,1,CRAS,5,NA,2017,perenjori
2A,0,CRAS,1,NA,2017,perenjori
8A,0,CRAS,1,NA,2017,perenjori
1A,0,UNK,FB,NA,2017,perenjori
10B,1,CRAS,2,NA,2017,perenjori
3A,0,CRAS,7,NA,2017,perenjori
3A,0,CRAS,7,NA,2017,perenjori
7A,0,POMU,15,NA,2017,perenjori
9A,0,CRAS,2,NA,2017,perenjori
3A,0,CRAS,5,NA,2017,perenjori
3A,0,CRAS,5,NA,2017,perenjori
2A,0,UNKNOWN,8,NA,2017,perenjori
3A,0,CRAS,4,NA,2017,perenjori
3A,0,CRAS,4,NA,2017,perenjori
2A,0,CRAS,2,NA,2017,perenjori
7B,1,POMU,13,NA,2017,perenjori
10B,1,CRAS,1,NA,2017,perenjori
3B,1,CRAS,1,NA,2017,perenjori
7A,0,POMU,7,NA,2017,perenjori
5B,1,CHPS,42,NA,2017,perenjori
9A,0,POMU,11,NA,2017,perenjori
4A,0,CRAS,1,NA,2017,perenjori
4A,0,CRAS,1,NA,2017,perenjori
3B,1,CRAS,9,NA,2017,perenjori
9A,0,POMU,14,NA,2017,perenjori
6A,0,POMU,3,NA,2017,perenjori
7A,0,POMU,20,NA,2017,perenjori
5B,1,CHPS,26,NA,2017,perenjori
8A,0,CRAS,12,NA,2017,perenjori
3B,1,CRAS,8,NA,2017,perenjori
2B,1,UNKNOWN,5,NA,2017,perenjori
7A,0,POMU,16,NA,2017,perenjori
3A,0,UNKNOWN,F7,3,2017,perenjori
2B,1,UNKNOWN,17,NA,2017,perenjori
10B,1,CRAS,6,NA,2017,perenjori
2B,1,UNKNOWN,8,NA,2017,perenjori
2A,0,HYGL,293,NA,2017,perenjori
1A,0,PEDU,35,NA,2017,perenjori
10B,1,CRAS,5,NA,2017,perenjori
8A,0,POMU,4,NA,2017,perenjori
9A,0,POMU,38,NA,2017,perenjori
3A,0,UNKNOWN,F16,1,2017,perenjori
8B,1,CRAS,9,NA,2017,perenjori
7A,0,POMU,27,NA,2017,perenjori
7B,1,POMU,3,NA,2017,perenjori
6A,0,POMU,1,NA,2017,perenjori
5B,1,CHPS,44,NA,2017,perenjori
9B,1,POMU,78,NA,2017,perenjori
2A,0,PLDE,8,0,2017,perenjori
9B,1,CRAS,4,NA,2017,perenjori
7A,0,POMU,41,NA,2017,perenjori
1A,0,UNK,FB,NA,2017,perenjori
8B,1,CRAS,8,NA,2017,perenjori
3A,0,CRAS,3,NA,2017,perenjori
3A,0,CRAS,3,NA,2017,perenjori
9B,1,CRAS,7,NA,2017,perenjori
2B,1,HYGL,39,0,2017,perenjori
7B,1,CRAS,7,NA,2017,perenjori
3B,1,CRAS,10,NA,2017,perenjori
7B,1,CRAS,9,NA,2017,perenjori
7A,0,POMU,11,NA,2017,perenjori
7B,1,POMU,14,NA,2017,perenjori
1A,0,UNK,FB,NA,2017,perenjori
8B,1,CRAS,3,NA,2017,perenjori
3A,0,CHPS,5,NA,2017,perenjori
2A,0,CRAS,3,NA,2017,perenjori
2B,1,UNKNOWN,2,NA,2017,perenjori
7B,1,POMU,9,NA,2017,perenjori
2B,1,HYGL,83,NA,2017,perenjori
3B,1,CHPS,2,NA,2017,perenjori
7B,1,POMU,5,NA,2017,perenjori
2B,1,CRAS,2,NA,2017,perenjori
1A,0,PEDU,33,NA,2017,perenjori
2B,1,UNKNOWN,10,NA,2017,perenjori
10B,1,CRAS,3,NA,2017,perenjori
2A,0,HYGL,394,10,2017,perenjori
9A,0,POMU,35,NA,2017,perenjori
3A,0,CHPS,31,NA,2017,perenjori
3A,0,HYGL,6,0,2017,perenjori
3A,0,UNKNOWN,F11,NA,2017,perenjori
7B,1,POMU,36,NA,2017,perenjori
7A,0,POMU,23,NA,2017,perenjori
3A,0,UNKNOWN,F14,30,2017,perenjori
2B,1,CRAS,3,NA,2017,perenjori
2A,0,HYGL,393,7,2017,perenjori
8A,0,POMU,1,NA,2017,perenjori
9B,1,POMU,73,NA,2017,perenjori
5B,1,CHPS,13,NA,2017,perenjori
3B,1,CHPS,10,NA,2017,perenjori
8A,0,POMU,6,NA,2017,perenjori
3A,0,UNKNOWN,F4,4,2017,perenjori
2A,0,UNKNOWN,4,NA,2017,perenjori
3A,0,CHPS,3,NA,2017,perenjori
2A,0,HYGL,329,NA,2017,perenjori
7A,0,POMU,25,NA,2017,perenjori
7B,1,CHPS,3,NA,2017,perenjori
8A,0,POMU,2,NA,2017,perenjori
6A,0,POMU,2,NA,2017,perenjori
1A,0,UNK,FB,NA,2017,perenjori
7A,0,CHPS,11,NA,2017,perenjori
3A,0,CHPS,4,NA,2017,perenjori
1A,0,UNK,FB,NA,2017,perenjori
5B,1,CHPS,14,NA,2017,perenjori
2A,0,PEAI,40,NA,2017,perenjori
7A,0,POMU,53,NA,2017,perenjori
7B,1,POMU,29,NA,2017,perenjori
2A,0,HYGL,216,NA,2017,perenjori
7B,1,POMU,4,NA,2017,perenjori
7A,0,POMU,37,NA,2017,perenjori
2A,0,HYGL,298,1,2017,perenjori
2A,0,HYGL,392,2,2017,perenjori
7B,1,PEAI,6,NA,2017,perenjori
2A,0,HYGL,243,11,2017,perenjori
2A,0,HYGL,217,12,2017,perenjori
2A,0,HYGL,235,0,2017,perenjori
3A,0,CRAS,10,NA,2017,perenjori
3A,0,CRAS,10,NA,2017,perenjori
7A,0,PTGA,14,38,2017,perenjori
3A,0,CRAS,1,NA,2017,perenjori
3A,0,CRAS,1,NA,2017,perenjori
7A,0,PEAI,5,0,2017,perenjori
7A,0,POMU,49,NA,2017,perenjori
9B,1,CRAS,8,NA,2017,perenjori
3A,0,UNKNOWN,F5,0,2017,perenjori
2A,0,HYGL,210,9,2017,perenjori
7B,1,POMU,27,NA,2017,perenjori
3A,0,UNKNOWN,26,NA,2017,perenjori
6A,0,POMU,9,NA,2017,perenjori
2A,0,HYGL,344,NA,2017,perenjori
7A,0,POMU,51,NA,2017,perenjori
2A,0,PEAI,42,8,2017,perenjori
7B,1,POMU,1,NA,2017,perenjori
9B,1,POMU,114,NA,2017,perenjori
7B,1,POMU,15,NA,2017,perenjori
2A,0,HYGL,182,0,2017,perenjori
2A,0,BRPE,32,NA,2017,perenjori
2A,0,HYGL,381,NA,2017,perenjori
9A,0,POMU,20,NA,2017,perenjori
7B,1,POMU,12,NA,2017,perenjori
6A,0,POMU,5,NA,2017,perenjori
3A,0,UNKNOWN,29,5,2017,perenjori
2B,1,HYGL,71,NA,2017,perenjori
3A,0,CHPS,24,NA,2017,perenjori
7A,0,POMU,26,NA,2017,perenjori
7A,0,POMU,6,NA,2017,perenjori
2A,0,HYGL,203,NA,2017,perenjori
2B,1,HYGL,70,NA,2017,perenjori
2A,0,HYGL,165,9,2017,perenjori
2A,0,HYGL,289,NA,2017,perenjori
2A,0,HYGL,164,NA,2017,perenjori
7B,1,POMU,6,NA,2017,perenjori
8A,0,POMU,8,NA,2017,perenjori
2A,0,HYGL,233,8,2017,perenjori
1B,1,UNK,FB,NA,2017,perenjori
2A,0,HYGL,362,NA,2017,perenjori
2A,0,HYGL,202,NA,2017,perenjori
3B,1,CRAS,3,NA,2017,perenjori
2B,1,HYGL,6,9,2017,perenjori
2A,0,HYGL,345,NA,2017,perenjori
5B,1,CHPS,45,NA,2017,perenjori
9B,1,POMU,85,NA,2017,perenjori
7A,0,CHPS,1,NA,2017,perenjori
7A,0,POMU,40,NA,2017,perenjori
7A,0,POMU,56,NA,2017,perenjori
2A,0,HYGL,310,6,2017,perenjori
9B,1,POMU,90,NA,2017,perenjori
2A,0,HYGL,301,10,2017,perenjori
2A,0,HYGL,294,NA,2017,perenjori
1A,0,PEAI,47,6,2017,perenjori
7A,0,POMU,50,NA,2017,perenjori
2A,0,HYGL,163,10,2017,perenjori
7A,0,POMU,12,NA,2017,perenjori
7A,0,POMU,38,NA,2017,perenjori
3A,0,UNKNOWN,F8,NA,2017,perenjori
4A,0,PTGA,11,NA,2017,perenjori
2A,0,HYGL,357,NA,2017,perenjori
2A,0,HYGL,221,9,2017,perenjori
3B,1,CRAS,7,NA,2017,perenjori
3A,0,HYGL,5,0,2017,perenjori
7A,0,CHPS,2,NA,2017,perenjori
3A,0,PEAI,3,0,2017,perenjori
2B,1,UNKNOWN,9,NA,2017,perenjori
2A,0,HYGL,200,NA,2017,perenjori
7B,1,POMU,7,NA,2017,perenjori
1A,0,PEDU,2,1,2017,perenjori
2A,0,HYGL,265,NA,2017,perenjori
3A,0,UNKNOWN,G2,NA,2017,perenjori
9A,0,POMU,64,NA,2017,perenjori
7B,1,POMU,2,NA,2017,perenjori
2A,0,HYGL,195,0,2017,perenjori
2A,0,HYGL,305,7,2017,perenjori
7A,0,CHPS,7,NA,2017,perenjori
8A,0,CRAS,13,NA,2017,perenjori
2A,0,HYGL,141,7,2017,perenjori
7B,1,CHPS,4,NA,2017,perenjori
2A,0,HYGL,196,9,2017,perenjori
7B,1,POMU,11,NA,2017,perenjori
7A,0,POMU,42,NA,2017,perenjori
2A,0,HYGL,199,8,2017,perenjori
2A,0,HYGL,266,NA,2017,perenjori
7B,1,CRAS,1,NA,2017,perenjori
2B,1,HYGL,44,0,2017,perenjori
8A,0,POMU,7,NA,2017,perenjori
9B,1,POMU,130,NA,2017,perenjori
2A,0,HYGL,136,6,2017,perenjori
2A,0,HYGL,282,NA,2017,perenjori
6A,0,POMU,8,NA,2017,perenjori
3B,1,CHPS,4,NA,2017,perenjori
3A,0,CHPS,19,NA,2017,perenjori
7A,0,CHPS,3,NA,2017,perenjori
7A,0,POMU,39,NA,2017,perenjori
3A,0,CHPS,20,NA,2017,perenjori
2A,0,HYGL,167,2,2017,perenjori
3A,0,UNKNOWN,22,NA,2017,perenjori
2A,0,HYGL,161,9,2017,perenjori
3B,1,CHPS,5,NA,2017,perenjori
2A,0,HYGL,379,NA,2017,perenjori
2B,1,PLDE,14,NA,2017,perenjori
2A,0,HYGL,140,4,2017,perenjori
8B,1,PTGA,9,3,2017,perenjori
2A,0,HYGL,380,NA,2017,perenjori
2A,0,HYGL,352,8,2017,perenjori
7A,0,POMU,18,NA,2017,perenjori
3A,0,CHPS,16,NA,2017,perenjori
2A,0,HYGL,347,4,2017,perenjori
2A,0,HYGL,258,19,2017,perenjori
3B,1,CHPS,7,NA,2017,perenjori
2A,0,HYGL,325,8,2017,perenjori
2B,1,HYGL,38,4,2017,perenjori
3A,0,HYGL,18,2,2017,perenjori
3A,0,CHPS,2,NA,2017,perenjori
2A,0,HYGL,137,14,2017,perenjori
2A,0,HYGL,343,NA,2017,perenjori
2A,0,HYGL,361,NA,2017,perenjori
6B,1,PEAI,101,NA,2017,perenjori
3A,0,HYGL,9,5,2017,perenjori
2A,0,HYGL,302,5,2017,perenjori
2A,0,HYGL,312,NA,2017,perenjori
5B,1,CHPS,29,NA,2017,perenjori
3B,1,CHPS,12,NA,2017,perenjori
2B,1,HYGL,74,15,2017,perenjori
8A,0,POMU,9,NA,2017,perenjori
2A,0,BRPE,36,NA,2017,perenjori
2B,1,HYGL,76,5,2017,perenjori
9B,1,POMU,69,NA,2017,perenjori
5B,1,VERO,104,0,2017,perenjori
4A,0,PTGA,7,NA,2017,perenjori
2A,0,PEAI,54,NA,2017,perenjori
2A,0,HYGL,328,NA,2017,perenjori
7A,0,POMU,52,NA,2017,perenjori
1A,0,PEDU,1,0,2017,perenjori
2A,0,HYGL,225,3,2017,perenjori
2A,0,HYGL,178,5,2017,perenjori
9A,0,POMU,12,NA,2017,perenjori
2B,1,HYGL,37,2,2017,perenjori
2A,0,HYGL,162,4,2017,perenjori
2A,0,HYGL,144,12,2017,perenjori
3A,0,UNKNOWN,F18,8,2017,perenjori
3A,0,HYGL,16,7,2017,perenjori
2A,0,HYGL,326,NA,2017,perenjori
2A,0,PEAI,56,NA,2017,perenjori
2B,1,HYGL,11,2,2017,perenjori
2A,0,HYGL,189,3,2017,perenjori
2A,0,HYGL,334,NA,2017,perenjori
3A,0,HYGL,8,NA,2017,perenjori
2A,0,HYGL,396,0,2017,perenjori
1B,1,PEAI,193,NA,2017,perenjori
3A,0,HYGL,1,5,2017,perenjori
2A,0,HYGL,180,11,2017,perenjori
2A,0,PEAI,58,NA,2017,perenjori
2A,0,HYGL,208,8,2017,perenjori
4A,0,PTGA,8,NA,2017,perenjori
2B,1,PLDE,11,0,2017,perenjori
8A,0,CAHI,1,4,2017,perenjori
2A,0,HYGL,368,13,2017,perenjori
2A,0,PEAI,67,NA,2017,perenjori
6A,0,PEAI,6,NA,2017,perenjori
2B,1,UNKNOWN,13,NA,2017,perenjori
1B,1,UNK,FB,NA,2017,perenjori
3A,0,CRAS,6,NA,2017,perenjori
2A,0,HYGL,168,12,2017,perenjori
2A,0,HYGL,383,NA,2017,perenjori
7B,1,POMU,25,NA,2017,perenjori
9A,0,PEAI,6,0,2017,perenjori
6A,0,POMU,4,NA,2017,perenjori
2A,0,HYGL,382,NA,2017,perenjori
2B,1,HYGL,73,24,2017,perenjori
6A,0,POMU,6,NA,2017,perenjori
7B,1,POMU,26,NA,2017,perenjori
2A,0,HYGL,303,NA,2017,perenjori
9A,0,POMU,10,NA,2017,perenjori
4A,0,PTGA,3,NA,2017,perenjori
2A,0,HYGL,227,0,2017,perenjori
3A,0,POLE,4,NA,2017,perenjori
2A,0,HYGL,309,NA,2017,perenjori
2A,0,HYGL,327,13,2017,perenjori
4A,0,PTGA,12,0,2017,perenjori
1B,1,UNK,FB,NA,2017,perenjori
10B,1,POCA,2,0,2017,perenjori
7A,0,POMU,35,NA,2017,perenjori
7B,1,POMU,37,NA,2017,perenjori
2A,0,HYGL,166,NA,2017,perenjori
2A,0,HYGL,295,8,2017,perenjori
2A,0,HYGL,242,10,2017,perenjori
3A,0,PEAI,2,2,2017,perenjori
2A,0,HYGL,146,1,2017,perenjori
2B,1,HYGL,20,12,2017,perenjori
2A,0,HYGL,369,11,2017,perenjori
9B,1,POMU,116,NA,2017,perenjori
7A,0,CHPS,10,NA,2017,perenjori
2B,1,HYGL,64,0,2017,perenjori
9B,1,POMU,179,NA,2017,perenjori
7A,0,POMU,9,NA,2017,perenjori
3A,0,HYGL,3,13,2017,perenjori
2B,1,HYGL,57,4,2017,perenjori
2A,0,HYGL,378,NA,2017,perenjori
7B,1,PEAI,12,0,2017,perenjori
2A,0,HYGL,297,NA,2017,perenjori
5B,1,CHPS,31,NA,2017,perenjori
7B,1,CHPS,2,NA,2017,perenjori
2B,1,HYGL,8,12,2017,perenjori
2A,0,HYGL,358,NA,2017,perenjori
1B,1,UNK,FB,NA,2017,perenjori
2B,1,HYGL,22,4,2017,perenjori
2A,0,HYGL,160,31,2017,perenjori
2A,0,HYGL,155,NA,2017,perenjori
7B,1,POMU,17,NA,2017,perenjori
2A,0,HYGL,135,NA,2017,perenjori
2A,0,HYGL,143,8,2017,perenjori
2A,0,HYGL,158,18,2017,perenjori
7A,0,CHPS,8,NA,2017,perenjori
5B,1,VERO,99,5,2017,perenjori
2B,1,HYGL,21,10,2017,perenjori
2B,1,UNKNOWN,12,NA,2017,perenjori
2A,0,BRPE,26,NA,2017,perenjori
2A,0,HYGL,355,NA,2017,perenjori
2B,1,HYGL,69,10,2017,perenjori
7A,0,PEAI,4,NA,2017,perenjori
7B,1,VERO,67,5,2017,perenjori
2A,0,HYGL,286,2,2017,perenjori
2A,0,HYGL,350,NA,2017,perenjori
2B,1,POLE,5,11,2017,perenjori
4A,0,GOOC,8,NA,2017,perenjori
2A,0,HYGL,387,NA,2017,perenjori
3A,0,HYGL,11,11,2017,perenjori
3A,0,UNKNOWN,F12,NA,2017,perenjori
2A,0,HYGL,174,34,2017,perenjori
3A,0,CHEI,20,NA,2017,perenjori
8B,1,POCA,5,10,2017,perenjori
3A,0,WAAC,2,NA,2017,perenjori
2A,0,HYGL,148,10,2017,perenjori
6B,1,PTGA,10,0,2017,perenjori
1A,0,PEAI,23,NA,2017,perenjori
2A,0,HYGL,192,NA,2017,perenjori
2A,0,HYGL,179,NA,2017,perenjori
2A,0,HYGL,300,12,2017,perenjori
2B,1,HYGL,68,31,2017,perenjori
3B,1,CHPS,13,NA,2017,perenjori
2A,0,HYGL,185,NA,2017,perenjori
10B,1,PEAI,3,NA,2017,perenjori
1A,0,WAAC,5,0,2017,perenjori
7B,1,CHPS,9,NA,2017,perenjori
3B,1,CHPS,8,NA,2017,perenjori
7A,0,CHPS,9,NA,2017,perenjori
2A,0,HYGL,384,NA,2017,perenjori
7B,1,POMU,32,NA,2017,perenjori
2A,0,HYGL,138,8,2017,perenjori
2B,1,PTGA,1,7,2017,perenjori
3B,1,CHPS,9,NA,2017,perenjori
7A,0,POMU,4,NA,2017,perenjori
3A,0,HYGL,15,5,2017,perenjori
3A,0,HYGL,19,9,2017,perenjori
2A,0,HYGL,324,NA,2017,perenjori
2A,0,HYGL,186,3,2017,perenjori
2A,0,HYGL,241,15,2017,perenjori
3A,0,HYGL,21,0,2017,perenjori
10A,0,VERO,2,NA,2017,perenjori
2A,0,HYGL,187,0,2017,perenjori
2B,1,HYGL,24,7,2017,perenjori
7B,1,CAHI,1,NA,2017,perenjori
3A,0,PEAI,1,4,2017,perenjori
2B,1,HYGL,4,5,2017,perenjori
2A,0,HYGL,360,5,2017,perenjori
3A,0,UNKNOWN,20,NA,2017,perenjori
2A,0,HYGL,134,17,2017,perenjori
2A,0,PLDE,18,4,2017,perenjori
2A,0,HYGL,333,4,2017,perenjori
7B,1,POMU,10,NA,2017,perenjori
2A,0,PLDE,32,NA,2017,perenjori
2A,0,HYGL,147,16,2017,perenjori
2B,1,HYGL,63,28,2017,perenjori
3A,0,UNKNOWN,G3,NA,2017,perenjori
7A,0,POMU,48,NA,2017,perenjori
2A,0,HYGL,251,1,2017,perenjori
7B,1,POMU,19,NA,2017,perenjori
7A,0,PTGA,42,4,2017,perenjori
2A,0,HYGL,157,25,2017,perenjori
2A,0,HYGL,395,3,2017,perenjori
2B,1,HYGL,81,25,2017,perenjori
2A,0,HYGL,154,22,2017,perenjori
2A,0,HYGL,176,NA,2017,perenjori
2A,0,BRPE,33,NA,2017,perenjori
2A,0,BRPE,23,0,2017,perenjori
7B,1,POMU,16,NA,2017,perenjori
2A,0,HYGL,191,NA,2017,perenjori
7A,0,POMU,28,NA,2017,perenjori
7B,1,POMU,34,NA,2017,perenjori
7B,1,POMU,30,NA,2017,perenjori
7B,1,GOOC,8,NA,2017,perenjori
6B,1,PTGA,6,1,2017,perenjori
2B,1,HYGL,18,NA,2017,perenjori
2B,1,HYGL,25,5,2017,perenjori
7A,0,POMU,57,NA,2017,perenjori
2B,1,HYGL,72,41,2017,perenjori
2A,0,HYGL,346,NA,2017,perenjori
2A,0,HYGL,304,3,2017,perenjori
3B,1,CHPS,11,NA,2017,perenjori
2B,1,HYGL,58,5,2017,perenjori
2A,0,HYGL,198,18,2017,perenjori
2A,0,HYGL,156,6,2017,perenjori
3A,0,HYGL,12,16,2017,perenjori
3A,0,CHPS,36,NA,2017,perenjori
3A,0,HYGL,17,13,2017,perenjori
7A,0,POMU,14,NA,2017,perenjori
2A,0,PEAI,37,NA,2017,perenjori
3A,0,CHPS,23,NA,2017,perenjori
4A,0,HYGL,1,NA,2017,perenjori
3A,0,CHPS,29,NA,2017,perenjori
2A,0,HYGL,234,3,2017,perenjori
2A,0,BRPE,37,6,2017,perenjori
2A,0,HYGL,332,NA,2017,perenjori
2A,0,HYGL,321,2,2017,perenjori
2A,0,PEAI,68,NA,2017,perenjori
1B,1,HYGL,1,16,2017,perenjori
2A,0,PEAI,77,NA,2017,perenjori
2A,0,HYGL,231,12,2017,perenjori
3B,1,CHPS,1,NA,2017,perenjori
2A,0,HYGL,391,4,2017,perenjori
3A,0,HYGL,14,3,2017,perenjori
2B,1,HYGL,80,21,2017,perenjori
6B,1,PEAI,109,NA,2017,perenjori
7B,1,POMU,35,NA,2017,perenjori
2B,1,HYGL,79,55,2017,perenjori
2A,0,HYGL,214,0,2017,perenjori
7A,0,POMU,10,NA,2017,perenjori
3A,0,HYGL,20,5,2017,perenjori
7B,1,POMU,31,NA,2017,perenjori
7A,0,POMU,19,NA,2017,perenjori
1A,0,PEAI,61,3,2017,perenjori
2B,1,UNKNOWN,6,NA,2017,perenjori
2A,0,PEAI,36,NA,2017,perenjori
2B,1,HYGL,23,3,2017,perenjori
2A,0,HYGL,267,4,2017,perenjori
2A,0,HYGL,150,15,2017,perenjori
10A,0,PEAI,2,NA,2017,perenjori
1A,0,PEAI,62,NA,2017,perenjori
10A,0,VERO,1,NA,2017,perenjori
2A,0,PEAI,30,0,2017,perenjori
4A,0,GOOC,5,NA,2017,perenjori
4A,0,PTGA,9,NA,2017,perenjori
2A,0,HYGL,307,8,2017,perenjori
2A,0,HYGL,271,NA,2017,perenjori
3A,0,HYGL,13,NA,2017,perenjori
2A,0,HYGL,386,0,2017,perenjori
2A,0,HYGL,296,8,2017,perenjori
2A,0,HYGL,188,0,2017,perenjori
2B,1,HYGL,91,15,2017,perenjori
2B,1,HYGL,26,0,2017,perenjori
3A,0,UNKNOWN,30,1,2017,perenjori
2A,0,HYGL,245,2,2017,perenjori
2A,0,HYGL,228,NA,2017,perenjori
7B,1,POMU,28,NA,2017,perenjori
2B,1,POLE,9,NA,2017,perenjori
2A,0,HYGL,349,NA,2017,perenjori
2B,1,HYGL,47,7,2017,perenjori
2B,1,HYGL,82,23,2017,perenjori
3A,0,VERO,17,3,2017,perenjori
2A,0,HYGL,330,2,2017,perenjori
3A,0,HYGL,4,4,2017,perenjori
2A,0,PTGA,1,NA,2017,perenjori
4A,0,GOOC,4,NA,2017,perenjori
7A,0,POMU,30,NA,2017,perenjori
2B,1,HYGL,17,NA,2017,perenjori
2B,1,HYGL,88,41,2017,perenjori
9A,0,PEAI,11,NA,2017,perenjori
4A,0,GOOC,9,NA,2017,perenjori
2A,0,HYGL,145,14,2017,perenjori
2A,0,HYGL,365,6,2017,perenjori
2A,0,PEAI,80,NA,2017,perenjori
2A,0,HYGL,363,NA,2017,perenjori
1B,1,PEAI,500,NA,2017,perenjori
5B,1,POCA,1,NA,2017,perenjori
3B,1,CHPS,3,NA,2017,perenjori
7A,0,POMU,33,NA,2017,perenjori
2A,0,PEAI,79,NA,2017,perenjori
2A,0,HYGL,389,NA,2017,perenjori
2A,0,PEAI,55,NA,2017,perenjori
7A,0,POMU,22,NA,2017,perenjori
9B,1,CAER,75,NA,2017,perenjori
2A,0,HYGL,314,7,2017,perenjori
7A,0,POMU,29,NA,2017,perenjori
2A,0,HYGL,323,11,2017,perenjori
2B,1,HYGL,67,7,2017,perenjori
2A,0,HYGL,388,NA,2017,perenjori
2B,1,HYGL,77,51,2017,perenjori
2A,0,PEAI,63,NA,2017,perenjori
10B,1,PEAI,4,4,2017,perenjori
2A,0,HYGL,284,18,2017,perenjori
10B,1,VERO,41,NA,2017,perenjori
3B,1,UNKNOWN,4,NA,2017,perenjori
2A,0,HYGL,142,6,2017,perenjori
6A,0,POMU,7,NA,2017,perenjori
2B,1,HYGL,85,30,2017,perenjori
2B,1,HYGL,60,43,2017,perenjori
7B,1,PEAI,15,0,2017,perenjori
2B,1,VERO,58,11,2017,perenjori
2A,0,HYGL,372,15,2017,perenjori
2A,0,HYGL,377,10,2017,perenjori
2A,0,HYGL,153,5,2017,perenjori
6A,0,PTGA,2,2,2017,perenjori
5A,0,UNKNOWN,1,NA,2017,perenjori
9A,0,PEAI,9,7,2017,perenjori
2A,0,HYGL,172,7,2017,perenjori
2A,0,HYGL,317,3,2017,perenjori
10B,1,LEVENHOOKIA?,1,NA,2017,perenjori
7B,1,PEAI,8,0,2017,perenjori
2A,0,PEAI,34,12,2017,perenjori
2A,0,HYGL,253,10,2017,perenjori
2A,0,HYGL,374,10,2017,perenjori
1B,1,PEAI,162,NA,2017,perenjori
6B,1,PEAI,88,NA,2017,perenjori
2A,0,HYGL,159,NA,2017,perenjori
3A,0,UNKNOWN,G1,NA,2017,perenjori
7A,0,POMU,55,NA,2017,perenjori
3A,0,UNKNOWN,F10,4,2017,perenjori
7A,0,POMU,32,NA,2017,perenjori
2B,1,HYGL,89,29,2017,perenjori
2A,0,HYGL,149,19,2017,perenjori
2A,0,HYGL,318,11,2017,perenjori
2A,0,HYGL,366,13,2017,perenjori
3A,0,UNKNOWN,31,NA,2017,perenjori
7A,0,CHPS,13,NA,2017,perenjori
3A,0,CRAS,9,NA,2017,perenjori
3A,0,CRAS,9,NA,2017,perenjori
1A,0,PEAI,55,13,2017,perenjori
4A,0,GOOC,1,NA,2017,perenjori
2B,1,HYGL,49,7,2017,perenjori
2A,0,HYGL,201,7,2017,perenjori
1B,1,PEAI,192,6,2017,perenjori
6B,1,PEAI,106,NA,2017,perenjori
2A,0,PLDE,20,2,2017,perenjori
8A,0,PTGA,24,13,2017,perenjori
2A,0,PEAI,47,NA,2017,perenjori
2A,0,HYGL,364,NA,2017,perenjori
2A,0,HYGL,232,0,2017,perenjori
6B,1,PTGA,13,3,2017,perenjori
3A,0,VERO,65,NA,2017,perenjori
2A,0,HYGL,257,2,2017,perenjori
2A,0,HYGL,152,13,2017,perenjori
2B,1,HYGL,53,53,2017,perenjori
2A,0,HYGL,229,NA,2017,perenjori
3A,0,CHPS,38,NA,2017,perenjori
2A,0,HYGL,177,0,2017,perenjori
2B,1,HYGL,7,0,2017,perenjori
2A,0,PEAI,57,NA,2017,perenjori
10B,1,PEAI,2,0,2017,perenjori
2B,1,HYGL,12,6,2017,perenjori
6A,0,PEAI,1,NA,2017,perenjori
2B,1,HYGL,41,23,2017,perenjori
2A,0,HYGL,260,2,2017,perenjori
7B,1,VERO,71,NA,2017,perenjori
3A,0,HYGL,10,16,2017,perenjori
3B,1,CHPS,6,NA,2017,perenjori
1B,1,PEAI,158,24,2017,perenjori
2A,0,HYGL,353,31,2017,perenjori
1B,1,HYGL,2,13,2017,perenjori
9B,1,AUEL,6,NA,2017,perenjori
8B,1,PTGA,7,2,2017,perenjori
2A,0,HYGL,299,0,2017,perenjori
1B,1,HYGL,9,0,2017,perenjori
7A,0,POMU,31,NA,2017,perenjori
2B,1,HYGL,54,5,2017,perenjori
1B,1,PEAI,194,16,2017,perenjori
5B,1,VERO,102,NA,2017,perenjori
7B,1,CHPS,8,NA,2017,perenjori
2B,1,UNKNOWN,15,NA,2017,perenjori
7B,1,CEOB,2,4,2017,perenjori
3A,0,UNKNOWN,F19,NA,2017,perenjori
2A,0,PLDE,33,NA,2017,perenjori
2A,0,BRPE,24,2,2017,perenjori
2A,0,HYGL,197,NA,2017,perenjori
2A,0,PLDE,31,NA,2017,perenjori
2B,1,HYGL,15,3,2017,perenjori
2A,0,HYGL,181,NA,2017,perenjori
3A,0,CHEI,2,NA,2017,perenjori
2A,0,HYGL,292,NA,2017,perenjori
2B,1,HYGL,75,3,2017,perenjori
2A,0,HYGL,354,NA,2017,perenjori
2A,0,HYGL,173,3,2017,perenjori
9A,0,POMU,18,NA,2017,perenjori
1B,1,PEAI,344,NA,2017,perenjori
2A,0,HYGL,306,5,2017,perenjori
2A,0,HYGL,190,2,2017,perenjori
3A,0,CHEI,27,NA,2017,perenjori
2B,1,HYGL,29,11,2017,perenjori
2A,0,HYGL,264,0,2017,perenjori
9B,1,CAER,53,NA,2017,perenjori
2B,1,HYGL,34,7,2017,perenjori
3A,0,UNKNOWN,21,4,2017,perenjori
3A,0,UNKNOWN,25,5,2017,perenjori
2A,0,HYGL,171,0,2017,perenjori
5A,0,POCA,17,0,2017,perenjori
2A,0,HYGL,194,12,2017,perenjori
4A,0,VERO,83,0,2017,perenjori
4A,0,GOOC,3,NA,2017,perenjori
2A,0,HYGL,268,NA,2017,perenjori
2A,0,HYGL,315,6,2017,perenjori
1B,1,PEAI,422,32,2017,perenjori
2A,0,HYGL,308,7,2017,perenjori
2A,0,BRPE,35,NA,2017,perenjori
2A,0,HYGL,207,0,2017,perenjori
6B,1,PEAI,118,8,2017,perenjori
2A,0,HYGL,169,NA,2017,perenjori
3A,0,UNKNOWN,F9,2,2017,perenjori
6B,1,PEAI,90,NA,2017,perenjori
2A,0,HYGL,313,27,2017,perenjori
2B,1,PEAI,4,0,2017,perenjori
6B,1,PEAI,107,NA,2017,perenjori
2A,0,HYGL,322,9,2017,perenjori
2A,0,PEAI,33,NA,2017,perenjori
6B,1,PEAI,79,NA,2017,perenjori
2B,1,HYGL,40,7,2017,perenjori
2B,1,HYGL,33,21,2017,perenjori
3B,1,UNKNOWN,1,NA,2017,perenjori
6A,0,PEAI,11,4,2017,perenjori
6A,0,PTGA,1,3,2017,perenjori
7A,0,PTGA,10,NA,2017,perenjori
7A,0,PTGA,1,49,2017,perenjori
4A,0,GOOC,6,NA,2017,perenjori
6B,1,PEAI,102,NA,2017,perenjori
2A,0,HYGL,263,4,2017,perenjori
8A,0,PTGA,12,NA,2017,perenjori
2A,0,HYGL,193,NA,2017,perenjori
7A,0,PTGA,24,0,2017,perenjori
2A,0,HYGL,249,14,2017,perenjori
7A,0,POCA,1,NA,2017,perenjori
3A,0,TRSP,1,NA,2017,perenjori
2A,0,HYGL,351,5,2017,perenjori
1B,1,PTGA,2,11,2017,perenjori
2A,0,HYGL,220,1,2017,perenjori
2B,1,HYGL,90,15,2017,perenjori
7A,0,PTGA,35,0,2017,perenjori
2A,0,HYGL,367,NA,2017,perenjori
6A,0,PEAI,12,NA,2017,perenjori
10B,1,VERO,7,0,2017,perenjori
2B,1,HYGL,62,27,2017,perenjori
2B,1,HYGL,13,19,2017,perenjori
2A,0,PLDE,16,30,2017,perenjori
2A,0,HYGL,252,0,2017,perenjori
2A,0,PEAI,65,6,2017,perenjori
3A,0,UNKNOWN,24,NA,2017,perenjori
7B,1,GOOC,1,NA,2017,perenjori
2B,1,HYGL,87,64,2017,perenjori
3A,0,UNKNOWN,F6,0,2017,perenjori
2A,0,PLDE,40,0,2017,perenjori
2B,1,HYGL,1,15,2017,perenjori
2A,0,HYGL,236,7,2017,perenjori
3A,0,CHEI,19,NA,2017,perenjori
8B,1,PEAI,1,0,2017,perenjori
4A,0,VERO,154,0,2017,perenjori
2A,0,HYGL,230,0,2017,perenjori
6B,1,PEAI,122,NA,2017,perenjori
2A,0,HYGL,316,5,2017,perenjori
2B,1,HYGL,56,33,2017,perenjori
2B,1,HYGL,84,13,2017,perenjori
6A,0,PEAI,5,NA,2017,perenjori
2A,0,PEAI,52,NA,2017,perenjori
2B,1,BRPE,1,11,2017,perenjori
2A,0,PLDE,24,11,2017,perenjori
2A,0,HYGL,356,2,2017,perenjori
2B,1,POLE,8,NA,2017,perenjori
4A,0,VERO,140,0,2017,perenjori
2B,1,HYGL,65,24,2017,perenjori
6A,0,PEAI,7,NA,2017,perenjori
7A,0,POMU,44,NA,2017,perenjori
4A,0,GOOC,7,NA,2017,perenjori
7B,1,PEAI,11,0,2017,perenjori
2A,0,HYGL,261,10,2017,perenjori
2A,0,HYGL,319,3,2017,perenjori
1A,0,UNK,FB,NA,2017,perenjori
2B,1,HYGL,2,2,2017,perenjori
3A,0,VERO,12,0,2017,perenjori
2A,0,BRPE,41,NA,2017,perenjori
3B,1,UNKNOWN,2,NA,2017,perenjori
2A,0,HYGL,371,18,2017,perenjori
2B,1,HYGL,5,16,2017,perenjori
2A,0,HYGL,331,6,2017,perenjori
3A,0,UNKNOWN,F17,1,2017,perenjori
2B,1,HYGL,50,26,2017,perenjori
2B,1,HYGL,10,20,2017,perenjori
2B,1,UNKNOWN,16,NA,2017,perenjori
3B,1,CHPS,14,NA,2017,perenjori
7B,1,PEAI,9,0,2017,perenjori
2B,1,HYGL,55,46,2017,perenjori
8A,0,PTGA,13,8,2017,perenjori
3A,0,CHPS,33,NA,2017,perenjori
7A,0,POMU,2,NA,2017,perenjori
2B,1,HYGL,52,38,2017,perenjori
2A,0,HYGL,215,4,2017,perenjori
2A,0,HYGL,376,21,2017,perenjori
2B,1,POLE,3,NA,2017,perenjori
5A,0,VERO,97,3,2017,perenjori
3A,0,VERO,69,1,2017,perenjori
5A,0,VERO,85,3,2017,perenjori
1B,1,PEAI,151,5,2017,perenjori
9A,0,PTGA,9,5,2017,perenjori
7A,0,PTGA,15,8,2017,perenjori
6B,1,PEAI,89,NA,2017,perenjori
6B,1,PTGA,12,0,2017,perenjori
5A,0,VERO,192,NA,2017,perenjori
2A,0,PEAI,76,12,2017,perenjori
7A,0,VERO,11,0,2017,perenjori
2B,1,HYGL,45,13,2017,perenjori
7A,0,POMU,34,NA,2017,perenjori
7A,0,PTGA,37,0,2017,perenjori
7A,0,PTGA,30,NA,2017,perenjori
2A,0,PEAI,32,NA,2017,perenjori
2B,1,PEAI,5,0,2017,perenjori
9A,0,PTGA,11,16,2017,perenjori
3A,0,UNKNOWN,23,0,2017,perenjori
8A,0,PTGA,14,0,2017,perenjori
7B,1,PEAI,16,0,2017,perenjori
7B,1,GOOC,4,6,2017,perenjori
2B,1,HYGL,86,43,2017,perenjori
2A,0,HYGL,259,8,2017,perenjori
7B,1,PEAI,13,0,2017,perenjori
7A,0,POMU,45,NA,2017,perenjori
2B,1,HYGL,32,4,2017,perenjori
7B,1,CHPS,7,NA,2017,perenjori
5A,0,VERO,24,2,2017,perenjori
2B,1,HYGL,66,23,2017,perenjori
2B,1,HYGL,51,31,2017,perenjori
3B,1,TRSP,2,4,2017,perenjori
7A,0,CHPS,14,NA,2017,perenjori
9A,0,PEAI,7,0,2017,perenjori
5B,1,VERO,174,NA,2017,perenjori
2B,1,PEAI,1,16,2017,perenjori
2B,1,HYGL,19,13,2017,perenjori
1A,0,HAOD,1,0,2017,perenjori
7A,0,POMU,46,NA,2017,perenjori
8A,0,PTGA,25,10,2017,perenjori
7A,0,VERO,12,0,2017,perenjori
7B,1,PEAI,3,5,2017,perenjori
2A,0,HYGL,237,1,2017,perenjori
2A,0,PLDE,46,NA,2017,perenjori
1B,1,PTGA,9,51,2017,perenjori
6A,0,PEAI,9,NA,2017,perenjori
3A,0,VERO,8,17,2017,perenjori
7A,0,PEAI,6,NA,2017,perenjori
1A,0,WAAC,7,NA,2017,perenjori
2A,0,PLDE,47,1,2017,perenjori
5B,1,POCA,3,NA,2017,perenjori
2B,1,POLE,7,26,2017,perenjori
7B,1,GOOC,2,3,2017,perenjori
4A,0,VERO,71,3,2017,perenjori
7A,0,PTGA,3,24,2017,perenjori
5A,0,VERO,200,NA,2017,perenjori
2A,0,PEAI,62,10,2017,perenjori
5A,0,POCA,4,91,2017,perenjori
2B,1,HYGL,46,30,2017,perenjori
2A,0,PLDE,11,7,2017,perenjori
5B,1,VERO,158,4,2017,perenjori
2A,0,PLDE,15,3,2017,perenjori
2A,0,PEAI,64,NA,2017,perenjori
7B,1,VERO,15,NA,2017,perenjori
2A,0,PEAI,53,8,2017,perenjori
2A,0,HYGL,320,7,2017,perenjori
2B,1,HYGL,28,11,2017,perenjori
5B,1,VERO,144,8,2017,perenjori
3A,0,VERO,30,0,2017,perenjori
1A,0,PEAI,109,3,2017,perenjori
2A,0,CAER,1,NA,2017,perenjori
2A,0,HYGL,375,10,2017,perenjori
6B,1,PTGA,17,3,2017,perenjori
6B,1,PTGA,2,0,2017,perenjori
2A,0,HYGL,373,NA,2017,perenjori
5A,0,GOBE,1,7,2017,perenjori
9A,0,PEAI,8,10,2017,perenjori
5B,1,VERO,84,NA,2017,perenjori
2B,1,HYGL,48,25,2017,perenjori
7A,0,PTGA,2,14,2017,perenjori
7A,0,PTGA,7,5,2017,perenjori
10A,0,WAAC,2,0,2017,perenjori
2A,0,HYGL,262,0,2017,perenjori
6B,1,PTGA,4,2,2017,perenjori
5A,0,VERO,194,0,2017,perenjori
10B,1,VERO,11,NA,2017,perenjori
2B,1,HYGL,59,43,2017,perenjori
6B,1,AUEL,1,NA,2017,perenjori
1B,1,PEAI,188,33,2017,perenjori
2A,0,PLDE,6,5,2017,perenjori
8A,0,SCER,2,NA,2017,perenjori
2A,0,PEAI,50,NA,2017,perenjori
7A,0,PTGA,25,18,2017,perenjori
7B,1,PEAI,10,0,2017,perenjori
7B,1,CEOB,1,4,2017,perenjori
6A,0,PEAI,8,8,2017,perenjori
2B,1,POLE,11,0,2017,perenjori
5A,0,VERO,104,3,2017,perenjori
4A,0,PTGA,4,11,2017,perenjori
2B,1,HYGL,61,38,2017,perenjori
8B,1,PTGA,13,NA,2017,perenjori
5A,0,VERO,165,NA,2017,perenjori
9A,0,PEAI,5,0,2017,perenjori
1A,0,PEAI,68,20,2017,perenjori
10B,1,VERO,36,3,2017,perenjori
10B,1,PEAI,1,5,2017,perenjori
9A,0,PTGA,15,NA,2017,perenjori
2A,0,PEAI,72,32,2017,perenjori
2A,0,PLDE,37,0,2017,perenjori
7A,0,PTGA,20,0,2017,perenjori
7B,1,GOOC,3,5,2017,perenjori
8A,0,PTGA,15,0,2017,perenjori
8B,1,PTGA,8,2,2017,perenjori
10B,1,PTGA,2,0,2017,perenjori
7B,1,PTGA,1,0,2017,perenjori
2A,0,HYGL,170,NA,2017,perenjori
9A,0,PTGA,3,5,2017,perenjori
7A,0,PTGA,17,0,2017,perenjori
2B,1,POLE,6,22,2017,perenjori
1B,1,PTGA,5,2,2017,perenjori
7B,1,VERO,36,5,2017,perenjori
7B,1,VERO,38,NA,2017,perenjori
2A,0,PEAI,66,NA,2017,perenjori
2B,1,HYGL,3,26,2017,perenjori
7A,0,PTGA,27,24,2017,perenjori
5A,0,VERO,189,NA,2017,perenjori
10B,1,VERO,6,0,2017,perenjori
2A,0,PEAI,51,22,2017,perenjori
6A,0,PEAI,2,17,2017,perenjori
2A,0,POLE,1,NA,2017,perenjori
2B,1,VERO,15,13,2017,perenjori
4B,1,VERO,34,36,2017,perenjori
8B,1,PTGA,25,6,2017,perenjori
7B,1,PEAI,1,14,2017,perenjori
7B,1,AUEL,1,0,2017,perenjori
7A,0,PEAI,1,NA,2017,perenjori
7B,1,PEAI,2,NA,2017,perenjori
8A,0,PLDE,2,0,2017,perenjori
2A,0,VERO,29,NA,2017,perenjori
10B,1,VERO,35,0,2017,perenjori
5B,1,VERO,175,4,2017,perenjori
7A,0,PTGA,34,0,2017,perenjori
6B,1,PTGA,5,3,2017,perenjori
10B,1,PTGA,1,NA,2017,perenjori
3B,1,CHEI,7,NA,2017,perenjori
7A,0,PEAI,3,0,2017,perenjori
2B,1,HYGL,27,26,2017,perenjori
10B,1,VERO,39,16,2017,perenjori
6A,0,AUEL,1,0,2017,perenjori
2A,0,PEAI,75,13,2017,perenjori
9A,0,PTGA,4,13,2017,perenjori
10A,0,PTGA,1,2,2017,perenjori
7B,1,PEAI,14,0,2017,perenjori
2A,0,PEAI,48,8,2017,perenjori
7A,0,PTGA,12,18,2017,perenjori
5B,1,VERO,41,20,2017,perenjori
7B,1,STFI,1,4,2017,perenjori
1A,0,PEAI,22,6,2017,perenjori
5A,0,WAAC,1,0,2017,perenjori
2B,1,HYGL,35,28,2017,perenjori
4A,0,VERO,74,0,2017,perenjori
2A,0,UNKNOWN,5,NA,2017,perenjori
1A,0,PEAI,19,NA,2017,perenjori
5B,1,VERO,103,NA,2017,perenjori
7A,0,PTGA,18,0,2017,perenjori
9B,1,CAER,17,4,2017,perenjori
7A,0,PTGA,5,4,2017,perenjori
2A,0,PLDE,43,NA,2017,perenjori
2A,0,PEAI,31,32,2017,perenjori
7B,1,GOOC,7,6,2017,perenjori
7A,0,PEAI,2,NA,2017,perenjori
5A,0,VERO,17,2,2017,perenjori
9B,1,CAER,55,NA,2017,perenjori
8A,0,SCER,9,NA,2017,perenjori
10A,0,VERO,5,NA,2017,perenjori
1B,1,PEAI,148,26,2017,perenjori
9A,0,PTGA,13,NA,2017,perenjori
5A,0,VERO,181,NA,2017,perenjori
5B,1,VERO,93,3,2017,perenjori
9B,1,PEAI,38,88,2017,perenjori
7A,0,VERO,2,1,2017,perenjori
5A,0,VERO,210,4,2017,perenjori
7B,1,VERO,26,2,2017,perenjori
5B,1,VERO,165,2,2017,perenjori
3A,0,VERO,16,2,2017,perenjori
3A,0,VERO,7,4,2017,perenjori
4A,0,VERO,177,0,2017,perenjori
10A,0,VERO,10,NA,2017,perenjori
9B,1,PTGA,4,NA,2017,perenjori
2B,1,VERO,31,15,2017,perenjori
8B,1,PTGA,34,3,2017,perenjori
7A,0,VERO,1,3,2017,perenjori
5B,1,VERO,171,2,2017,perenjori
1A,0,UNK,GR,NA,2017,perenjori
7A,0,PTGA,6,10,2017,perenjori
3A,0,CHEI,11,NA,2017,perenjori
2B,1,POLE,4,3,2017,perenjori
10B,1,VERO,29,0,2017,perenjori
5B,1,VERO,88,2,2017,perenjori
5A,0,VERO,50,2,2017,perenjori
5B,1,VERO,147,4,2017,perenjori
7A,0,VERO,43,0,2017,perenjori
3A,0,VERO,11,0,2017,perenjori
2B,1,VERO,6,NA,2017,perenjori
7B,1,VERO,34,1,2017,perenjori
3B,1,TRSP,1,4,2017,perenjori
4A,0,GOOC,2,NA,2017,perenjori
6A,0,PEAI,3,NA,2017,perenjori
7B,1,GOOC,11,5,2017,perenjori
5A,0,VERO,91,5,2017,perenjori
6B,1,PEAI,123,NA,2017,perenjori
3B,1,VERO,126,NA,2017,perenjori
2A,0,PLDE,13,16,2017,perenjori
9B,1,PTGA,3,48,2017,perenjori
5A,0,VERO,96,2,2017,perenjori
3B,1,UNKNOWN,3,NA,2017,perenjori
7B,1,PEAI,7,21,2017,perenjori
6A,0,PEAI,4,26,2017,perenjori
6A,0,PTGA,4,0,2017,perenjori
7A,0,PTGA,9,0,2017,perenjori
2A,0,PLDE,9,2,2017,perenjori
5B,1,POCA,10,90,2017,perenjori
5B,1,POCA,8,NA,2017,perenjori
10B,1,POCA,4,0,2017,perenjori
8A,0,PLDE,3,1,2017,perenjori
7B,1,VERO,13,4,2017,perenjori
5B,1,VERO,75,NA,2017,perenjori
9B,1,PEAI,57,NA,2017,perenjori
10B,1,VERO,25,0,2017,perenjori
3A,0,AUEL,6,0,2017,perenjori
6B,1,PTGA,11,0,2017,perenjori
5A,0,GOBE,3,NA,2017,perenjori
3B,1,CHEI,5,NA,2017,perenjori
2B,1,UNKNOWN,11,NA,2017,perenjori
7A,0,PTGA,441,NA,2017,perenjori
7A,0,PTGA,19,7,2017,perenjori
7A,0,PTGA,39,0,2017,perenjori
5A,0,VERO,19,NA,2017,perenjori
5A,0,VERO,114,0,2017,perenjori
5A,0,VERO,162,NA,2017,perenjori
9B,1,CAER,29,NA,2017,perenjori
1A,0,WAAC,2,0,2017,perenjori
1A,0,PEDU,23,NA,2017,perenjori
3A,0,CHEI,29,NA,2017,perenjori
5A,0,VERO,86,4,2017,perenjori
5A,0,GOBE,6,5,2017,perenjori
9B,1,PTGA,1,21,2017,perenjori
7A,0,PTGA,11,13,2017,perenjori
3A,0,VERO,34,2,2017,perenjori
3B,1,CHEI,6,NA,2017,perenjori
7A,0,PTGA,28,22,2017,perenjori
2A,0,PLDE,7,4,2017,perenjori
3A,0,VERO,19,2,2017,perenjori
4B,1,VERO,50,11,2017,perenjori
3A,0,VERO,54,0,2017,perenjori
7A,0,VERO,15,NA,2017,perenjori
7B,1,GOOC,9,5,2017,perenjori
7A,0,PTGA,38,30,2017,perenjori
7B,1,VERO,25,3,2017,perenjori
2A,0,PEAI,38,20,2017,perenjori
2A,0,PLDE,48,11,2017,perenjori
5A,0,VERO,29,8,2017,perenjori
7A,0,UNK,GRASS,NA,2017,perenjori
8A,0,PLDE,1,0,2017,perenjori
8B,1,PEAI,2,NA,2017,perenjori
2A,0,PEAI,49,18,2017,perenjori
2A,0,VERO,40,NA,2017,perenjori
7B,1,CRAS,8,NA,2017,perenjori
1A,0,MEDI,13,NA,2017,perenjori
5A,0,GOBE,9,18,2017,perenjori
7B,1,VERO,45,2,2017,perenjori
7A,0,PTGA,13,NA,2017,perenjori
7A,0,PTGA,4,15,2017,perenjori
1B,1,PEAI,326,54,2017,perenjori
8A,0,SCER,4,NA,2017,perenjori
10A,0,VERO,9,NA,2017,perenjori
5A,0,VERO,68,2,2017,perenjori
10B,1,VERO,1,6,2017,perenjori
2A,0,PLDE,35,5,2017,perenjori
5A,0,VERO,83,9,2017,perenjori
6A,0,PEAI,13,30,2017,perenjori
10B,1,POCA,9,15,2017,perenjori
5A,0,VERO,35,7,2017,perenjori
9B,1,VERO,8,NA,2017,perenjori
5B,1,VERO,173,NA,2017,perenjori
10B,1,VERO,31,1,2017,perenjori
2B,1,POLE,1,0,2017,perenjori
7A,0,PTGA,36,29,2017,perenjori
5A,0,VERO,92,0,2017,perenjori
8B,1,PTGA,6,6,2017,perenjori
2B,1,VERO,10,NA,2017,perenjori
3B,1,VERO,79,4,2017,perenjori
5A,0,UNKNOWN,2,NA,2017,perenjori
1B,1,MEDI,8,1,2017,perenjori
8A,0,PTGA,30,NA,2017,perenjori
2B,1,POLE,10,18,2017,perenjori
5B,1,VERO,112,NA,2017,perenjori
5B,1,VERO,136,5,2017,perenjori
1B,1,MEDI,30,NA,2017,perenjori
7A,0,PTGA,26,19,2017,perenjori
1B,1,MEDI,28,NA,2017,perenjori
1A,0,HAOD,2,NA,2017,perenjori
5B,1,VERO,137,2,2017,perenjori
6A,0,PEAI,18,27,2017,perenjori
5A,0,VERO,137,1,2017,perenjori
7B,1,GOOC,10,9,2017,perenjori
2B,1,VERO,65,NA,2017,perenjori
5B,1,VERO,97,NA,2017,perenjori
9B,1,PEAI,54,NA,2017,perenjori
2A,0,PEAI,35,68,2017,perenjori
3A,0,VERO,23,2,2017,perenjori
5A,0,VERO,140,10,2017,perenjori
8A,0,SCER,5,NA,2017,perenjori
5A,0,VERO,26,3,2017,perenjori
4B,1,VERO,76,7,2017,perenjori
9B,1,CAER,22,10,2017,perenjori
8B,1,PTGA,32,26,2017,perenjori
3B,1,CHEI,8,NA,2017,perenjori
7A,0,PTGA,8,0,2017,perenjori
7B,1,VERO,3,2,2017,perenjori
5A,0,VERO,32,2,2017,perenjori
5A,0,VERO,77,NA,2017,perenjori
3B,1,VERO,81,2,2017,perenjori
9B,1,PEAI,10,66,2017,perenjori
5A,0,VERO,89,2,2017,perenjori
1A,0,MEDI,31,1,2017,perenjori
3B,1,CHEI,9,NA,2017,perenjori
7B,1,BRRU,1,1,2017,perenjori
1B,1,PEAI,370,30,2017,perenjori
8A,0,PTGA,17,NA,2017,perenjori
5A,0,VERO,12,2,2017,perenjori
3A,0,VERO,21,1,2017,perenjori
5B,1,VERO,129,26,2017,perenjori
8B,1,PTGA,4,10,2017,perenjori
1A,0,WAAC,4,6,2017,perenjori
5A,0,VERO,81,18,2017,perenjori
5B,1,VERO,169,NA,2017,perenjori
1A,0,PEAI,120,26,2017,perenjori
2A,0,PLDE,12,12,2017,perenjori
7A,0,PTGA,22,9,2017,perenjori
7A,0,PTGA,32,0,2017,perenjori
10B,1,VERO,10,0,2017,perenjori
3A,0,POLE,2,NA,2017,perenjori
3B,1,CHEI,11,NA,2017,perenjori
5A,0,VERO,208,2,2017,perenjori
5B,1,VERO,9,11,2017,perenjori
5A,0,VERO,205,2,2017,perenjori
5B,1,VERO,20,2,2017,perenjori
6A,0,PEAI,10,42,2017,perenjori
3A,0,VERO,31,NA,2017,perenjori
5A,0,VERO,13,3,2017,perenjori
5A,0,VERO,98,2,2017,perenjori
5A,0,VERO,166,9,2017,perenjori
3B,1,VERO,131,1,2017,perenjori
3A,0,UNKNOWN,28,NA,2017,perenjori
3B,1,VERO,69,2,2017,perenjori
7B,1,VERO,70,NA,2017,perenjori
1A,0,MEDI,36,2,2017,perenjori
5B,1,VERO,126,4,2017,perenjori
5A,0,VERO,20,NA,2017,perenjori
5A,0,VERO,167,7,2017,perenjori
7A,0,VERO,36,9,2017,perenjori
5A,0,VERO,100,0,2017,perenjori
3B,1,VERO,42,NA,2017,perenjori
5A,0,VERO,201,8,2017,perenjori
5A,0,VERO,3,1,2017,perenjori
5A,0,VERO,143,16,2017,perenjori
3B,1,VERO,67,NA,2017,perenjori
5B,1,VERO,107,2,2017,perenjori
2B,1,PLDE,6,9,2017,perenjori
6B,1,PTGA,3,0,2017,perenjori
3A,0,TRSP,2,6,2017,perenjori
5A,0,WAAC,4,7,2017,perenjori
7A,0,VERO,46,NA,2017,perenjori
5B,1,VERO,146,0,2017,perenjori
7B,1,VERO,21,6,2017,perenjori
3B,1,VERO,60,3,2017,perenjori
2A,0,PLDE,29,4,2017,perenjori
7A,0,VERO,26,10,2017,perenjori
9A,0,PTGA,14,NA,2017,perenjori
5A,0,VERO,136,2,2017,perenjori
10B,1,VERO,20,6,2017,perenjori
5B,1,VERO,21,3,2017,perenjori
5B,1,VERO,54,3,2017,perenjori
10A,0,VERO,7,NA,2017,perenjori
5A,0,VERO,160,3,2017,perenjori
5A,0,VERO,36,NA,2017,perenjori
10B,1,VERO,24,1,2017,perenjori
5A,0,VERO,37,NA,2017,perenjori
5B,1,VERO,32,2,2017,perenjori
10B,1,POCA,1,1,2017,perenjori
2A,0,VERO,47,1,2017,perenjori
7A,0,VERO,38,NA,2017,perenjori
7B,1,VERO,47,NA,2017,perenjori
5B,1,POCA,24,NA,2017,perenjori
5A,0,VERO,212,NA,2017,perenjori
5B,1,POCA,25,NA,2017,perenjori
7A,0,VERO,23,6,2017,perenjori
1A,0,GOBE,7,NA,2017,perenjori
5B,1,VERO,74,0,2017,perenjori
3B,1,WAAC,1,0,2017,perenjori
5A,0,VERO,23,3,2017,perenjori
3B,1,VERO,5,2,2017,perenjori
2A,0,PLDE,28,11,2017,perenjori
1A,0,WAAC,6,17,2017,perenjori
5B,1,POCA,4,5,2017,perenjori
5A,0,VERO,18,3,2017,perenjori
7A,0,PTGA,29,41,2017,perenjori
5A,0,VERO,49,1,2017,perenjori
5B,1,VERO,108,NA,2017,perenjori
9A,0,PTGA,1,24,2017,perenjori
10B,1,VERO,23,6,2017,perenjori
9A,0,PTGA,5,10,2017,perenjori
10B,1,VERO,37,0,2017,perenjori
10B,1,VERO,33,0,2017,perenjori
5B,1,POCA,21,3,2017,perenjori
3B,1,VERO,52,2,2017,perenjori
2B,1,WAAC,2,0,2017,perenjori
7A,0,PTGA,33,0,2017,perenjori
3A,0,CHEI,12,NA,2017,perenjori
1B,1,PTGA,6,7,2017,perenjori
5A,0,VERO,134,15,2017,perenjori
5B,1,POCA,22,6,2017,perenjori
6B,1,MEDI,1,NA,2017,perenjori
5B,1,VERO,83,1,2017,perenjori
5A,0,VERO,90,0,2017,perenjori
5A,0,VERO,209,NA,2017,perenjori
1A,0,GOBE,5,NA,2017,perenjori
7B,1,VERO,11,4,2017,perenjori
5A,0,VERO,58,13,2017,perenjori
7A,0,VERO,21,NA,2017,perenjori
2B,1,STFI,2,2,2017,perenjori
4A,0,VERO,73,0,2017,perenjori
6A,0,PEAI,16,153,2017,perenjori
5B,1,VERO,98,NA,2017,perenjori
7A,0,PTGA,40,12,2017,perenjori
9B,1,PEAI,32,NA,2017,perenjori
7B,1,VERO,4,0,2017,perenjori
7B,1,VERO,69,NA,2017,perenjori
10B,1,VERO,5,1,2017,perenjori
8B,1,ARCA,2,18,2017,perenjori
5A,0,VERO,118,2,2017,perenjori
7B,1,VERO,73,NA,2017,perenjori
5A,0,VERO,182,NA,2017,perenjori
3A,0,VERO,71,NA,2017,perenjori
3A,0,CHEI,40,NA,2017,perenjori
5A,0,VERO,75,3,2017,perenjori
3A,0,CHEI,42,NA,2017,perenjori
3B,1,CHEI,2,NA,2017,perenjori
10B,1,VERO,32,3,2017,perenjori
7B,1,POCA,1,NA,2017,perenjori
5B,1,VERO,157,1,2017,perenjori
5A,0,WAAC,6,6,2017,perenjori
5B,1,VERO,31,8,2017,perenjori
5A,0,VERO,94,NA,2017,perenjori
5A,0,VERO,184,0,2017,perenjori
5A,0,VERO,175,NA,2017,perenjori
3A,0,CHEI,31,NA,2017,perenjori
5B,1,VERO,45,11,2017,perenjori
4B,1,VERO,26,7,2017,perenjori
6A,0,PEAI,14,50,2017,perenjori
5A,0,VERO,22,2,2017,perenjori
9B,1,PEAI,33,NA,2017,perenjori
5B,1,POCA,32,NA,2017,perenjori
2A,0,VERO,59,NA,2017,perenjori
5B,1,WAAC,6,18,2017,perenjori
2B,1,STFI,1,4,2017,perenjori
4B,1,VERO,54,9,2017,perenjori
5B,1,WAAC,7,NA,2017,perenjori
3B,1,GOBE,1,12,2017,perenjori
5A,0,VERO,56,3,2017,perenjori
10B,1,POCA,16,0,2017,perenjori
1B,1,PEAI,337,32,2017,perenjori
5A,0,VERO,21,3,2017,perenjori
5A,0,VERO,119,3,2017,perenjori
3B,1,CHEI,13,NA,2017,perenjori
7A,0,PTGA,21,0,2017,perenjori
5A,0,VERO,164,NA,2017,perenjori
10B,1,VERO,40,13,2017,perenjori
7A,0,PTGA,16,14,2017,perenjori
5A,0,VERO,116,3,2017,perenjori
5B,1,VERO,95,4,2017,perenjori
8A,0,PTGA,11,44,2017,perenjori
7A,0,VERO,13,7,2017,perenjori
5A,0,GOBE,8,NA,2017,perenjori
5B,1,VERO,53,5,2017,perenjori
9B,1,PEAI,26,58,2017,perenjori
9B,1,PEAI,9,NA,2017,perenjori
8A,0,PLDE,4,6,2017,perenjori
7B,1,VERO,48,3,2017,perenjori
5B,1,VERO,96,2,2017,perenjori
5A,0,VERO,121,19,2017,perenjori
5B,1,VERO,49,6,2017,perenjori
2A,0,STFI,1,13,2017,perenjori
10A,0,VERO,8,NA,2017,perenjori
4B,1,VERO,25,3,2017,perenjori
4B,1,VERO,61,8,2017,perenjori
10A,0,VERO,6,NA,2017,perenjori
5A,0,VERO,87,8,2017,perenjori
6A,0,PEAI,15,58,2017,perenjori
5B,1,VERO,142,14,2017,perenjori
5A,0,VERO,176,2,2017,perenjori
5B,1,VERO,63,5,2017,perenjori
7B,1,VERO,66,6,2017,perenjori
10B,1,VERO,3,2,2017,perenjori
5A,0,VERO,27,6,2017,perenjori
5B,1,VERO,42,21,2017,perenjori
3A,0,CHEI,3,NA,2017,perenjori
5B,1,VERO,166,19,2017,perenjori
3A,0,VERO,52,6,2017,perenjori
1A,0,GOBE,2,10,2017,perenjori
5A,0,VERO,193,5,2017,perenjori
5A,0,VERO,43,9,2017,perenjori
5A,0,VERO,111,3,2017,perenjori
7A,0,TRCY,1,4,2017,perenjori
3B,1,VERO,9,3,2017,perenjori
3B,1,AUEL,1,39,2017,perenjori
7B,1,VERO,59,6,2017,perenjori
2A,0,PLDE,22,9,2017,perenjori
1A,0,PEAI,88,40,2017,perenjori
1A,0,GOBE,3,45,2017,perenjori
5B,1,VERO,161,4,2017,perenjori
5A,0,VERO,153,11,2017,perenjori
3A,0,POLE,1,75,2017,perenjori
3A,0,VERO,62,2,2017,perenjori
9B,1,CAER,6,NA,2017,perenjori
3B,1,VERO,97,NA,2017,perenjori
5A,0,VERO,66,2,2017,perenjori
5A,0,VERO,40,5,2017,perenjori
3B,1,VERO,30,NA,2017,perenjori
5A,0,VERO,196,NA,2017,perenjori
5A,0,VERO,62,2,2017,perenjori
1A,0,WAAC,3,0,2017,perenjori
3B,1,CHEI,12,NA,2017,perenjori
2A,0,PLDE,36,8,2017,perenjori
5A,0,VERO,5,NA,2017,perenjori
3A,0,VERO,48,8,2017,perenjori
2A,0,VERO,53,3,2017,perenjori
3B,1,VERO,80,3,2017,perenjori
7B,1,VERO,43,NA,2017,perenjori
6A,0,VERO,1,NA,2017,perenjori
7B,1,VERO,58,NA,2017,perenjori
5B,1,VERO,82,7,2017,perenjori
5A,0,VERO,16,5,2017,perenjori
5B,1,POCA,14,4,2017,perenjori
5A,0,VERO,15,2,2017,perenjori
7A,0,VERO,18,6,2017,perenjori
5A,0,VERO,71,15,2017,perenjori
3B,1,VERO,18,2,2017,perenjori
6A,0,PEAI,17,107,2017,perenjori
5B,1,VERO,143,13,2017,perenjori
5B,1,POCA,17,5,2017,perenjori
7B,1,VERO,44,6,2017,perenjori
7B,1,VERO,7,15,2017,perenjori
3A,0,AUEL,1,NA,2017,perenjori
3A,0,VERO,28,3,2017,perenjori
10B,1,VERO,9,4,2017,perenjori
5B,1,VERO,106,3,2017,perenjori
3B,1,VERO,68,2,2017,perenjori
5A,0,VERO,11,8,2017,perenjori
3B,1,VERO,66,NA,2017,perenjori
10B,1,VERO,38,4,2017,perenjori
1B,1,PTGA,7,33,2017,perenjori
8B,1,PTGA,35,4,2017,perenjori
5B,1,VERO,170,2,2017,perenjori
7B,1,PTGA,4,8,2017,perenjori
5A,0,VERO,186,2,2017,perenjori
5B,1,POCA,119,NA,2017,perenjori
5A,0,POCA,7,0,2017,perenjori
5A,0,VERO,113,4,2017,perenjori
5B,1,VERO,156,8,2017,perenjori
3A,0,VERO,66,0,2017,perenjori
4B,1,VERO,45,8,2017,perenjori
2A,0,PLDE,41,NA,2017,perenjori
5A,0,VERO,102,2,2017,perenjori
5B,1,VERO,87,10,2017,perenjori
1B,1,MEDI,43,NA,2017,perenjori
5B,1,VERO,47,7,2017,perenjori
5B,1,VERO,155,6,2017,perenjori
7A,0,VERO,39,NA,2017,perenjori
5B,1,VERO,43,5,2017,perenjori
2A,0,VERO,58,NA,2017,perenjori
5A,0,VERO,132,NA,2017,perenjori
2A,0,PLDE,44,13,2017,perenjori
7A,0,PTGA,23,3,2017,perenjori
5A,0,VERO,115,10,2017,perenjori
5A,0,VERO,73,7,2017,perenjori
5A,0,VERO,67,5,2017,perenjori
5A,0,VERO,59,2,2017,perenjori
2A,0,PLDE,30,14,2017,perenjori
9B,1,VERO,2,NA,2017,perenjori
7A,0,VERO,24,0,2017,perenjori
8B,1,PTGA,26,NA,2017,perenjori
2A,0,POLE,2,0,2017,perenjori
3B,1,VERO,71,4,2017,perenjori
6A,0,PEAI,19,375,2017,perenjori
7A,0,PTGA,31,NA,2017,perenjori
3B,1,VERO,53,8,2017,perenjori
5A,0,VERO,159,10,2017,perenjori
7A,0,VERO,16,6,2017,perenjori
1B,1,CAER,1,NA,2017,perenjori
3A,0,CHEI,35,NA,2017,perenjori
3B,1,VERO,28,0,2017,perenjori
3A,0,AUEL,7,11,2017,perenjori
2A,0,POCA,8,NA,2017,perenjori
3A,0,CHEI,10,NA,2017,perenjori
10B,1,VERO,8,7,2017,perenjori
3B,1,VERO,70,3,2017,perenjori
5B,1,GOOC,1,16,2017,perenjori
3B,1,CHEI,10,NA,2017,perenjori
5A,0,VERO,188,NA,2017,perenjori
2A,0,GOSP,1,10,2017,perenjori
3B,1,VERO,122,2,2017,perenjori
5A,0,VERO,149,NA,2017,perenjori
7B,1,VERO,68,NA,2017,perenjori
7B,1,VERO,27,1,2017,perenjori
5A,0,VERO,147,6,2017,perenjori
5B,1,VERO,65,6,2017,perenjori
5A,0,VERO,146,0,2017,perenjori
5B,1,VERO,3,11,2017,perenjori
7B,1,VERO,19,3,2017,perenjori
2A,0,PLDE,10,41,2017,perenjori
3B,1,VERO,36,5,2017,perenjori
5A,0,VERO,172,14,2017,perenjori
5A,0,VERO,55,4,2017,perenjori
5B,1,VERO,40,NA,2017,perenjori
5B,1,VERO,55,4,2017,perenjori
5B,1,VERO,50,2,2017,perenjori
3A,0,CHEI,1,NA,2017,perenjori
9B,1,CAER,19,117,2017,perenjori
5A,0,VERO,107,2,2017,perenjori
5B,1,VERO,23,6,2017,perenjori
5A,0,VERO,70,5,2017,perenjori
2B,1,POLE,2,NA,2017,perenjori
5B,1,VERO,18,3,2017,perenjori
7B,1,VERO,23,11,2017,perenjori
5A,0,VERO,108,27,2017,perenjori
5A,0,VERO,101,5,2017,perenjori
3B,1,VERO,43,8,2017,perenjori
7B,1,VERO,5,0,2017,perenjori
4A,0,VERO,131,0,2017,perenjori
5A,0,VERO,202,3,2017,perenjori
5B,1,VERO,30,NA,2017,perenjori
3A,0,AUEL,3,15,2017,perenjori
5B,1,VERO,8,6,2017,perenjori
5B,1,VERO,127,2,2017,perenjori
2A,0,PLDE,14,8,2017,perenjori
5A,0,POCA,18,NA,2017,perenjori
2A,0,PLDE,19,24,2017,perenjori
1A,0,GOBE,1,NA,2017,perenjori
5A,0,GOBE,2,5,2017,perenjori
5A,0,VERO,28,8,2017,perenjori
1B,1,PTGA,10,47,2017,perenjori
5A,0,VERO,195,12,2017,perenjori
2B,1,VERO,5,NA,2017,perenjori
3B,1,VERO,46,4,2017,perenjori
10B,1,VERO,18,7,2017,perenjori
5B,1,VERO,19,6,2017,perenjori
5A,0,VERO,31,6,2017,perenjori
5B,1,VERO,80,12,2017,perenjori
3B,1,VERO,63,2,2017,perenjori
7B,1,VERO,32,11,2017,perenjori
3A,0,VERO,50,5,2017,perenjori
7B,1,VERO,42,10,2017,perenjori
5A,0,VERO,198,2,2017,perenjori
3A,0,VERO,38,28,2017,perenjori
3A,0,VERO,59,9,2017,perenjori
5A,0,VERO,178,NA,2017,perenjori
5A,0,VERO,170,5,2017,perenjori
5A,0,VERO,138,0,2017,perenjori
10B,1,VERO,30,2,2017,perenjori
3A,0,VERO,22,4,2017,perenjori
5B,1,VERO,109,NA,2017,perenjori
3B,1,VERO,75,5,2017,perenjori
1B,1,MEDI,47,1,2017,perenjori
4B,1,VERO,69,NA,2017,perenjori
5B,1,VERO,152,NA,2017,perenjori
5B,1,VERO,36,10,2017,perenjori
5B,1,VERO,111,1,2017,perenjori
5B,1,VERO,132,14,2017,perenjori
5A,0,VERO,117,3,2017,perenjori
10B,1,VERO,14,0,2017,perenjori
5A,0,VERO,95,4,2017,perenjori
7B,1,VERO,49,6,2017,perenjori
3A,0,VERO,24,10,2017,perenjori
2A,0,PEAI,74,70,2017,perenjori
2B,1,PLDE,10,9,2017,perenjori
3A,0,WAAC,1,35,2017,perenjori
3B,1,VERO,113,2,2017,perenjori
5A,0,VERO,190,NA,2017,perenjori
10B,1,POCA,12,0,2017,perenjori
5A,0,VERO,63,NA,2017,perenjori
3A,0,VERO,36,4,2017,perenjori
3B,1,VERO,62,4,2017,perenjori
9A,0,POCA,4,0,2017,perenjori
5A,0,VERO,61,7,2017,perenjori
5A,0,VERO,105,9,2017,perenjori
5B,1,VERO,27,7,2017,perenjori
7B,1,VERO,2,8,2017,perenjori
3A,0,POLE,3,220,2017,perenjori
10B,1,VERO,27,4,2017,perenjori
5B,1,VERO,39,6,2017,perenjori
5B,1,VERO,139,3,2017,perenjori
3A,0,VERO,9,9,2017,perenjori
5A,0,VERO,6,4,2017,perenjori
5A,0,VERO,69,2,2017,perenjori
5A,0,VERO,33,6,2017,perenjori
3B,1,VERO,115,NA,2017,perenjori
5A,0,WAAC,5,22,2017,perenjori
5B,1,VERO,164,2,2017,perenjori
7A,0,HAOD,1,5,2017,perenjori
5B,1,VERO,33,5,2017,perenjori
5A,0,VERO,74,22,2017,perenjori
5A,0,VERO,203,0,2017,perenjori
2B,1,VERO,61,NA,2017,perenjori
1B,1,PTGA,3,10,2017,perenjori
9B,1,VERO,1,NA,2017,perenjori
5A,0,VERO,103,3,2017,perenjori
4A,0,VERO,100,NA,2017,perenjori
5A,0,VERO,207,4,2017,perenjori
5A,0,VERO,161,5,2017,perenjori
5A,0,VERO,123,4,2017,perenjori
3B,1,VERO,31,6,2017,perenjori
3B,1,VERO,45,9,2017,perenjori
5B,1,VERO,13,2,2017,perenjori
3A,0,CHEI,9,NA,2017,perenjori
2A,0,VERO,32,NA,2017,perenjori
1A,0,POCA,29,15,2017,perenjori
5A,0,VERO,129,4,2017,perenjori
7B,1,VERO,64,9,2017,perenjori
5B,1,VERO,67,3,2017,perenjori
3B,1,CHEI,3,NA,2017,perenjori
5A,0,VERO,30,8,2017,perenjori
7B,1,VERO,16,NA,2017,perenjori
3B,1,VERO,49,5,2017,perenjori
5A,0,VERO,1,6,2017,perenjori
3B,1,VERO,73,5,2017,perenjori
10B,1,VERO,34,17,2017,perenjori
7B,1,VERO,17,8,2017,perenjori
5A,0,VERO,112,13,2017,perenjori
2B,1,VERO,78,NA,2017,perenjori
5A,0,VERO,174,8,2017,perenjori
5A,0,POCA,12,15,2017,perenjori
5A,0,VERO,180,3,2017,perenjori
10B,1,VERO,22,26,2017,perenjori
5B,1,VERO,162,8,2017,perenjori
5B,1,VERO,22,4,2017,perenjori
2B,1,PLDE,7,23,2017,perenjori
10B,1,VERO,16,6,2017,perenjori
10B,1,VERO,13,0,2017,perenjori
5A,0,VERO,124,7,2017,perenjori
5A,0,GOBE,7,12,2017,perenjori
7A,0,VERO,25,NA,2017,perenjori
3B,1,VERO,50,9,2017,perenjori
5A,0,VERO,185,1,2017,perenjori
2B,1,VERO,21,2,2017,perenjori
5B,1,POCA,6,35,2017,perenjori
7A,0,VERO,5,12,2017,perenjori
5B,1,VERO,115,3,2017,perenjori
9B,1,PEAI,27,66,2017,perenjori
2A,0,PLDE,45,0,2017,perenjori
5B,1,VERO,28,3,2017,perenjori
2B,1,VERO,36,0,2017,perenjori
7B,1,VERO,20,9,2017,perenjori
3B,1,VERO,29,1,2017,perenjori
5B,1,VERO,91,2,2017,perenjori
5B,1,VERO,11,2,2017,perenjori
1A,0,GOBE,8,2,2017,perenjori
10B,1,VERO,21,0,2017,perenjori
3B,1,VERO,101,10,2017,perenjori
2A,0,VERO,34,3,2017,perenjori
7B,1,VERO,57,14,2017,perenjori
7B,1,VERO,60,5,2017,perenjori
3A,0,AUEL,4,12,2017,perenjori
5A,0,VERO,120,3,2017,perenjori
2B,1,VERO,55,10,2017,perenjori
2A,0,VERO,20,5,2017,perenjori
3B,1,VERO,51,9,2017,perenjori
5A,0,VERO,139,7,2017,perenjori
3B,1,VERO,76,NA,2017,perenjori
7B,1,VERO,29,10,2017,perenjori
5B,1,VERO,89,8,2017,perenjori
5B,1,VERO,25,2,2017,perenjori
7B,1,VERO,22,NA,2017,perenjori
3A,0,VERO,60,6,2017,perenjori
3B,1,VERO,34,5,2017,perenjori
3A,0,VERO,37,1,2017,perenjori
1B,1,MEDI,31,1,2017,perenjori
9A,0,AUEL,9,0,2017,perenjori
7B,1,VERO,41,4,2017,perenjori
2B,1,UNKNOWN,4,1,2017,perenjori
2B,1,VERO,62,4,2017,perenjori
5B,1,VERO,154,5,2017,perenjori
5A,0,VERO,168,13,2017,perenjori
7A,0,VERO,20,12,2017,perenjori
7A,0,VERO,10,5,2017,perenjori
3B,1,VERO,72,3,2017,perenjori
5A,0,VERO,151,NA,2017,perenjori
8B,1,AUEL,5,0,2017,perenjori
1B,1,MEDI,35,1,2017,perenjori
2B,1,VERO,76,10,2017,perenjori
1B,1,MEDI,38,NA,2017,perenjori
5A,0,VERO,177,4,2017,perenjori
5A,0,VERO,154,7,2017,perenjori
5B,1,POCA,123,NA,2017,perenjori
2B,1,VERO,7,6,2017,perenjori
5B,1,VERO,72,8,2017,perenjori
7B,1,VERO,56,5,2017,perenjori
8B,1,AUEL,14,1,2017,perenjori
2B,1,PLDE,1,20,2017,perenjori
3A,0,AUEL,2,37,2017,perenjori
6A,0,AUEL,2,4,2017,perenjori
2B,1,PLDE,4,20,2017,perenjori
5B,1,VERO,117,5,2017,perenjori
1A,0,WAAC,1,NA,2017,perenjori
5B,1,VERO,78,2,2017,perenjori
5A,0,VERO,10,9,2017,perenjori
5B,1,VERO,56,9,2017,perenjori
5A,0,VERO,126,6,2017,perenjori
5A,0,VERO,9,9,2017,perenjori
5B,1,POCA,122,NA,2017,perenjori
7A,0,VERO,37,3,2017,perenjori
3A,0,AUEL,5,12,2017,perenjori
5B,1,VERO,138,3,2017,perenjori
5A,0,VERO,76,2,2017,perenjori
3B,1,CHEI,4,NA,2017,perenjori
5B,1,POCA,23,NA,2017,perenjori
5A,0,VERO,65,7,2017,perenjori
5A,0,VERO,34,5,2017,perenjori
5A,0,VERO,191,1,2017,perenjori
6A,0,POCA,1,60,2017,perenjori
5B,1,POCA,120,NA,2017,perenjori
7A,0,VERO,32,10,2017,perenjori
5B,1,POCA,121,NA,2017,perenjori
3A,0,VERO,32,0,2017,perenjori
3B,1,VERO,95,2,2017,perenjori
3A,0,VERO,10,NA,2017,perenjori
5A,0,VERO,179,6,2017,perenjori
5A,0,VERO,157,7,2017,perenjori
9B,1,AUEL,7,13,2017,perenjori
5B,1,VERO,114,4,2017,perenjori
7B,1,VERO,8,11,2017,perenjori
5A,0,VERO,93,2,2017,perenjori
3B,1,VERO,47,0,2017,perenjori
1B,1,MEDI,61,1,2017,perenjori
3B,1,VERO,61,7,2017,perenjori
5B,1,VERO,86,2,2017,perenjori
5A,0,VERO,150,NA,2017,perenjori
5B,1,VERO,7,2,2017,perenjori
1B,1,MEDI,52,1,2017,perenjori
5A,0,VERO,211,NA,2017,perenjori
5A,0,VERO,88,5,2017,perenjori
10B,1,VERO,28,3,2017,perenjori
3A,0,VERO,14,9,2017,perenjori
1B,1,POCA,19,38,2017,perenjori
5A,0,POCA,16,NA,2017,perenjori
7B,1,VERO,6,3,2017,perenjori
5B,1,POCA,31,NA,2017,perenjori
3A,0,VERO,35,10,2017,perenjori
3B,1,VERO,93,NA,2017,perenjori
2B,1,VERO,8,2,2017,perenjori
3A,0,VERO,46,0,2017,perenjori
5A,0,VERO,144,5,2017,perenjori
3B,1,VERO,96,6,2017,perenjori
3B,1,VERO,54,9,2017,perenjori
5B,1,VERO,92,7,2017,perenjori
5B,1,VERO,113,2,2017,perenjori
3B,1,VERO,65,8,2017,perenjori
7B,1,VERO,53,12,2017,perenjori
2B,1,PLDE,5,7,2017,perenjori
5A,0,VERO,133,5,2017,perenjori
6B,1,ARCA,1,NA,2017,perenjori
5A,0,VERO,84,3,2017,perenjori
5B,1,VERO,85,4,2017,perenjori
7A,0,VERO,4,5,2017,perenjori
9A,0,POCA,2,NA,2017,perenjori
5A,0,VERO,52,15,2017,perenjori
2B,1,VERO,45,NA,2017,perenjori
5B,1,VERO,167,4,2017,perenjori
3A,0,VERO,40,8,2017,perenjori
3B,1,VERO,8,9,2017,perenjori
7A,0,VERO,27,22,2017,perenjori
3A,0,VERO,27,6,2017,perenjori
5A,0,VERO,131,NA,2017,perenjori
3B,1,VERO,92,4,2017,perenjori
2B,1,POCA,5,NA,2017,perenjori
5A,0,VERO,135,6,2017,perenjori
5B,1,VERO,71,5,2017,perenjori
2B,1,POCA,12,0,2017,perenjori
7B,1,VERO,1,4,2017,perenjori
1A,0,MEDI,32,2,2017,perenjori
1B,1,POCA,22,13,2017,perenjori
7B,1,VERO,55,7,2017,perenjori
5A,0,VERO,169,19,2017,perenjori
3B,1,VERO,774,NA,2017,perenjori
9A,0,AUEL,13,2,2017,perenjori
3B,1,VERO,6,12,2017,perenjori
1A,0,GOBE,4,6,2017,perenjori
2A,0,VERO,31,NA,2017,perenjori
3A,0,VERO,44,15,2017,perenjori
2A,0,VERO,22,3,2017,perenjori
5B,1,WAAC,2,45,2017,perenjori
5A,0,GOBE,5,38,2017,perenjori
5A,0,GOBE,10,15,2017,perenjori
2B,1,PLDE,8,25,2017,perenjori
5B,1,VERO,46,40,2017,perenjori
5A,0,VERO,41,10,2017,perenjori
3B,1,VERO,77,8,2017,perenjori
5B,1,VERO,68,13,2017,perenjori
7A,0,VERO,9,10,2017,perenjori
3B,1,VERO,100,30,2017,perenjori
5A,0,VERO,148,3,2017,perenjori
5B,1,POCA,20,NA,2017,perenjori
5B,1,VERO,141,4,2017,perenjori
5A,0,VERO,127,4,2017,perenjori
3A,0,VERO,2,9,2017,perenjori
3B,1,VERO,98,6,2017,perenjori
2B,1,VERO,54,9,2017,perenjori
5B,1,VERO,38,9,2017,perenjori
9B,1,POCA,9,345,2017,perenjori
7B,1,VERO,9,NA,2017,perenjori
3B,1,VERO,109,24,2017,perenjori
5B,1,VERO,48,11,2017,perenjori
7B,1,VERO,35,12,2017,perenjori
10B,1,VERO,26,6,2017,perenjori
3A,0,CHEI,13,NA,2017,perenjori
5A,0,VERO,171,15,2017,perenjori
2A,0,VERO,30,NA,2017,perenjori
7B,1,VERO,14,6,2017,perenjori
10B,1,VERO,17,2,2017,perenjori
2A,0,VERO,24,4,2017,perenjori
2A,0,VERO,46,NA,2017,perenjori
1A,0,POCA,18,144,2017,perenjori
5A,0,VERO,44,NA,2017,perenjori
2A,0,ARCA,1,14,2017,perenjori
8A,0,AUEL,9,0,2017,perenjori
3B,1,VERO,88,2,2017,perenjori
5B,1,VERO,128,3,2017,perenjori
9B,1,VERO,5,15,2017,perenjori
2B,1,VERO,11,4,2017,perenjori
3B,1,VERO,85,9,2017,perenjori
7A,0,VERO,45,3,2017,perenjori
5B,1,VERO,26,15,2017,perenjori
2B,1,VERO,46,3,2017,perenjori
7B,1,VERO,37,12,2017,perenjori
7A,0,VERO,7,13,2017,perenjori
3B,1,VERO,111,5,2017,perenjori
3B,1,VERO,10,3,2017,perenjori
2A,0,VERO,50,NA,2017,perenjori
5B,1,VERO,131,5,2017,perenjori
8B,1,MOMO,4,47,2017,perenjori
7A,0,VERO,40,20,2017,perenjori
3A,0,UNKNOWN,F13,0,2017,perenjori
5A,0,VERO,110,22,2017,perenjori
5A,0,VERO,206,4,2017,perenjori
5A,0,POCA,11,5,2017,perenjori
3B,1,VERO,130,4,2017,perenjori
5B,1,VERO,35,14,2017,perenjori
5B,1,VERO,140,2,2017,perenjori
5A,0,VERO,79,13,2017,perenjori
7B,1,VERO,12,13,2017,perenjori
7B,1,VERO,24,3,2017,perenjori
4A,0,VERO,81,9,2017,perenjori
1A,0,HYPO,1,17,2017,perenjori
7B,1,VERO,54,4,2017,perenjori
3B,1,VERO,94,5,2017,perenjori
7B,1,VERO,62,40,2017,perenjori
5A,0,VERO,99,1,2017,perenjori
3B,1,VERO,58,8,2017,perenjori
5A,0,VERO,51,3,2017,perenjori
5A,0,VERO,47,12,2017,perenjori
5A,0,VERO,25,NA,2017,perenjori
3B,1,VERO,44,6,2017,perenjori
5A,0,VERO,54,18,2017,perenjori
2A,0,VERO,37,NA,2017,perenjori
10A,0,WAAC,1,145,2017,perenjori
5B,1,VERO,159,NA,2017,perenjori
1A,0,MEDI,38,10,2017,perenjori
5A,0,VERO,42,6,2017,perenjori
8A,0,MOMO,1,NA,2017,perenjori
8B,1,AUEL,3,0,2017,perenjori
5B,1,VERO,4,18,2017,perenjori
5A,0,VERO,82,10,2017,perenjori
5A,0,VERO,152,7,2017,perenjori
1B,1,GOBE,3,18,2017,perenjori
7A,0,VERO,3,14,2017,perenjori
2A,0,VERO,48,7,2017,perenjori
5A,0,VERO,163,3,2017,perenjori
3B,1,VERO,25,NA,2017,perenjori
5A,0,VERO,80,6,2017,perenjori
7A,0,VERO,29,23,2017,perenjori
7A,0,VERO,28,11,2017,perenjori
5A,0,VERO,60,2,2017,perenjori
10B,1,VERO,15,11,2017,perenjori
5B,1,VERO,130,8,2017,perenjori
7A,0,VERO,30,5,2017,perenjori
3B,1,VERO,91,2,2017,perenjori
7B,1,VERO,31,9,2017,perenjori
5A,0,VERO,141,22,2017,perenjori
8A,0,AUEL,3,0,2017,perenjori
3B,1,VERO,15,8,2017,perenjori
7A,0,VERO,35,12,2017,perenjori
7A,0,VERO,44,3,2017,perenjori
5A,0,VERO,183,3,2017,perenjori
5A,0,VERO,142,1,2017,perenjori
3B,1,VERO,41,7,2017,perenjori
7A,0,VERO,19,4,2017,perenjori
3B,1,POCA,7,15,2017,perenjori
10B,1,VERO,12,22,2017,perenjori
3B,1,VERO,48,3,2017,perenjori
5A,0,VERO,173,9,2017,perenjori
2B,1,VERO,2,NA,2017,perenjori
1B,1,UNK,FB,NA,2017,perenjori
5A,0,VERO,2,4,2017,perenjori
8B,1,MOMO,2,16,2017,perenjori
5A,0,VERO,64,5,2017,perenjori
2B,1,POCA,14,0,2017,perenjori
5B,1,VERO,73,6,2017,perenjori
2B,1,VERO,74,4,2017,perenjori
3B,1,VERO,59,0,2017,perenjori
5A,0,GOBE,11,15,2017,perenjori
7A,0,VERO,8,11,2017,perenjori
5A,0,VERO,7,9,2017,perenjori
3A,0,VERO,58,26,2017,perenjori
5B,1,POCA,5,15,2017,perenjori
3B,1,VERO,19,10,2017,perenjori
7B,1,VERO,30,0,2017,perenjori
5B,1,VERO,81,7,2017,perenjori
2B,1,POCA,15,NA,2017,perenjori
3B,1,VERO,27,15,2017,perenjori
5B,1,VERO,44,9,2017,perenjori
3B,1,VERO,37,3,2017,perenjori
3B,1,VERO,2,19,2017,perenjori
9B,1,POCA,14,100,2017,perenjori
3B,1,VERO,90,3,2017,perenjori
3B,1,VERO,64,10,2017,perenjori
8A,0,MOMO,7,3,2017,perenjori
2A,0,ARCA,2,19,2017,perenjori
5B,1,VERO,15,5,2017,perenjori
2A,0,VERO,36,2,2017,perenjori
5B,1,VERO,133,8,2017,perenjori
5A,0,VERO,130,5,2017,perenjori
2A,0,VERO,55,6,2017,perenjori
5A,0,VERO,38,7,2017,perenjori
5B,1,VERO,135,5,2017,perenjori
3B,1,VERO,89,10,2017,perenjori
9A,0,AUEL,8,0,2017,perenjori
2B,1,VERO,27,13,2017,perenjori
5A,0,VERO,48,2,2017,perenjori
3A,0,VERO,55,51,2017,perenjori
10B,1,POCA,10,5,2017,perenjori
3A,0,VERO,42,7,2017,perenjori
5B,1,VERO,1,5,2017,perenjori
9A,0,AUEL,5,5,2017,perenjori
3A,0,VERO,61,22,2017,perenjori
1B,1,MEDI,14,1,2017,perenjori
5B,1,VERO,64,NA,2017,perenjori
5B,1,VERO,77,6,2017,perenjori
2B,1,VERO,43,9,2017,perenjori
5A,0,VERO,204,4,2017,perenjori
2A,0,VERO,21,5,2017,perenjori
6B,1,AUEL,3,2,2017,perenjori
3B,1,VERO,99,5,2017,perenjori
2B,1,VERO,49,5,2017,perenjori
8B,1,ARCA,3,41,2017,perenjori
5B,1,WAAC,3,230,2017,perenjori
3B,1,VERO,40,24,2017,perenjori
5B,1,VERO,70,10,2017,perenjori
5B,1,VERO,37,9,2017,perenjori
7B,1,VERO,61,7,2017,perenjori
3B,1,VERO,12,8,2017,perenjori
5A,0,VERO,155,6,2017,perenjori
9B,1,AUEL,2,9,2017,perenjori
7B,1,VERO,18,13,2017,perenjori
5B,1,VERO,149,9,2017,perenjori
3B,1,CHEI,1,NA,2017,perenjori
5B,1,VERO,34,12,2017,perenjori
6B,1,AUEL,2,0,2017,perenjori
5A,0,VERO,45,1,2017,perenjori
5B,1,VERO,24,NA,2017,perenjori
5A,0,VERO,53,12,2017,perenjori
5B,1,VERO,76,2,2017,perenjori
5B,1,VERO,94,6,2017,perenjori
7B,1,VERO,65,3,2017,perenjori
7B,1,PTGA,2,11,2017,perenjori
7A,0,VERO,31,22,2017,perenjori
5B,1,VERO,148,2,2017,perenjori
3A,0,VERO,53,NA,2017,perenjori
8A,0,PTGA,6,79,2017,perenjori
5A,0,POCA,3,NA,2017,perenjori
7A,0,VERO,14,22,2017,perenjori
5A,0,WAAC,2,11,2017,perenjori
3A,0,VERO,18,14,2017,perenjori
3A,0,VERO,25,14,2017,perenjori
2A,0,VERO,1,16,2017,perenjori
3A,0,VERO,29,8,2017,perenjori
2B,1,VERO,37,5,2017,perenjori
3A,0,HYGL,33,NA,2017,perenjori
5B,1,VERO,66,6,2017,perenjori
2B,1,POCA,7,0,2017,perenjori
5B,1,WAAC,118,NA,2017,perenjori
3B,1,VERO,108,NA,2017,perenjori
3B,1,VERO,32,32,2017,perenjori
1A,0,MEDI,22,1,2017,perenjori
7B,1,VERO,40,31,2017,perenjori
5A,0,VERO,125,4,2017,perenjori
8B,1,AUEL,8,3,2017,perenjori
2B,1,VERO,12,15,2017,perenjori
2B,1,VERO,44,NA,2017,perenjori
9A,0,VERO,2,12,2017,perenjori
6B,1,AUEL,4,NA,2017,perenjori
5B,1,VERO,134,4,2017,perenjori
5B,1,VERO,29,NA,2017,perenjori
10B,1,VERO,19,11,2017,perenjori
10B,1,POCA,8,NA,2017,perenjori
5B,1,VERO,69,4,2017,perenjori
3A,0,VERO,43,3,2017,perenjori
5A,0,POCA,19,0,2017,perenjori
1B,1,POCA,28,113,2017,perenjori
3B,1,VERO,123,6,2017,perenjori
3B,1,VERO,125,6,2017,perenjori
7B,1,VERO,46,16,2017,perenjori
9B,1,AUEL,5,11,2017,perenjori
2B,1,VERO,77,1,2017,perenjori
9A,0,AUEL,3,16,2017,perenjori
3B,1,VERO,124,34,2017,perenjori
2B,1,PLDE,9,49,2017,perenjori
2A,0,VERO,25,15,2017,perenjori
2B,1,VERO,75,15,2017,perenjori
3A,0,VERO,70,24,2017,perenjori
2B,1,WAAC,1,0,2017,perenjori
3B,1,VERO,118,18,2017,perenjori
3B,1,VERO,87,9,2017,perenjori
3B,1,VERO,55,11,2017,perenjori
5B,1,VERO,62,10,2017,perenjori
2B,1,VERO,22,10,2017,perenjori
3B,1,VERO,1,6,2017,perenjori
2B,1,PLDE,12,32,2017,perenjori
5B,1,VERO,90,18,2017,perenjori
1A,0,MEDI,29,1,2017,perenjori
3B,1,VERO,38,1,2017,perenjori
2B,1,VERO,9,14,2017,perenjori
2A,0,VERO,19,4,2017,perenjori
2B,1,VERO,57,22,2017,perenjori
5B,1,POCA,27,NA,2017,perenjori
2A,0,PLDE,42,29,2017,perenjori
3A,0,VERO,13,33,2017,perenjori
2B,1,VERO,13,2,2017,perenjori
5B,1,VERO,125,NA,2017,perenjori
3A,0,VERO,67,24,2017,perenjori
5B,1,VERO,12,21,2017,perenjori
5A,0,VERO,46,2,2017,perenjori
3A,0,VERO,64,NA,2017,perenjori
2A,0,VERO,38,5,2017,perenjori
5B,1,WAAC,129,NA,2017,perenjori
5B,1,POCA,11,20,2017,perenjori
3B,1,VERO,121,14,2017,perenjori
3B,1,VERO,112,2,2017,perenjori
5A,0,POCA,20,23,2017,perenjori
3B,1,VERO,56,7,2017,perenjori
3B,1,VERO,78,29,2017,perenjori
9A,0,AUEL,7,29,2017,perenjori
2B,1,VERO,38,12,2017,perenjori
3B,1,VERO,26,28,2017,perenjori
7A,0,VERO,34,33,2017,perenjori
3A,0,VERO,45,17,2017,perenjori
2A,0,VERO,33,5,2017,perenjori
2A,0,VERO,39,12,2017,perenjori
2B,1,PLDE,13,32,2017,perenjori
3A,0,VERO,1,14,2017,perenjori
3B,1,VERO,129,9,2017,perenjori
4B,1,VERO,63,39,2017,perenjori
3B,1,VERO,20,17,2017,perenjori
5A,0,POCA,14,5,2017,perenjori
10B,1,POCA,13,130,2017,perenjori
3B,1,VERO,23,15,2017,perenjori
2A,0,VERO,49,2,2017,perenjori
5A,0,VERO,145,22,2017,perenjori
1A,0,MEDI,17,1,2017,perenjori
7A,0,VERO,22,16,2017,perenjori
5A,0,VERO,39,12,2017,perenjori
7B,1,VERO,39,33,2017,perenjori
3B,1,VERO,17,39,2017,perenjori
2B,1,VERO,41,11,2017,perenjori
3A,0,VERO,3,37,2017,perenjori
2A,0,VERO,23,5,2017,perenjori
5B,1,POCA,15,135,2017,perenjori
3B,1,VERO,39,9,2017,perenjori
3B,1,VERO,102,9,2017,perenjori
5B,1,POCA,16,53,2017,perenjori
3B,1,VERO,84,NA,2017,perenjori
5A,0,VERO,156,1,2017,perenjori
5B,1,VERO,16,20,2017,perenjori
3B,1,VERO,117,1,2017,perenjori
3B,1,VERO,14,9,2017,perenjori
3B,1,VERO,11,13,2017,perenjori
5A,0,VERO,122,24,2017,perenjori
3B,1,VERO,83,15,2017,perenjori
3B,1,VERO,4,NA,2017,perenjori
2B,1,VERO,47,34,2017,perenjori
1A,0,MEDI,23,NA,2017,perenjori
7B,1,VERO,28,11,2017,perenjori
5B,1,POCA,30,139,2017,perenjori
10B,1,POCA,3,45,2017,perenjori
3B,1,VERO,119,3,2017,perenjori
8A,0,MOMO,4,3,2017,perenjori
5B,1,VERO,79,15,2017,perenjori
3B,1,VERO,103,23,2017,perenjori
5A,0,POCA,1,10,2017,perenjori
2B,1,POCA,16,47,2017,perenjori
8B,1,ARCA,4,394,2017,perenjori
1A,0,POCA,16,30,2017,perenjori
1B,1,POCA,24,8,2017,perenjori
7B,1,VERO,63,9,2017,perenjori
2B,1,VERO,23,13,2017,perenjori
5B,1,POCA,13,70,2017,perenjori
5B,1,VERO,14,25,2017,perenjori
1A,0,POCA,74,NA,2017,perenjori
5B,1,WAAC,5,115,2017,perenjori
3A,0,VERO,51,32,2017,perenjori
1A,0,MEDI,16,1,2017,perenjori
1A,0,MEDI,24,1,2017,perenjori
5A,0,POCA,9,60,2017,perenjori
10B,1,POCA,11,4,2017,perenjori
5B,1,VERO,5,9,2017,perenjori
1A,0,POCA,56,NA,2017,perenjori
5A,0,POCA,10,129,2017,perenjori
2B,1,VERO,50,20,2017,perenjori
2A,0,VERO,35,NA,2017,perenjori
7A,0,VERO,41,16,2017,perenjori
9B,1,VERO,6,3,2017,perenjori
2B,1,VERO,67,18,2017,perenjori
10B,1,POCA,15,0,2017,perenjori
1A,0,POCA,51,50,2017,perenjori
2B,1,VERO,63,29,2017,perenjori
2B,1,VERO,16,NA,2017,perenjori
2A,0,VERO,4,12,2017,perenjori
2A,0,HYPO,1,12,2017,perenjori
5B,1,POCA,12,76,2017,perenjori
5A,0,VERO,14,12,2017,perenjori
5A,0,VERO,8,8,2017,perenjori
3B,1,POCA,4,12,2017,perenjori
9B,1,POCA,11,425,2017,perenjori
2B,1,VERO,40,12,2017,perenjori
9A,0,POCA,3,34,2017,perenjori
2B,1,VERO,53,26,2017,perenjori
8A,0,ARCA,4,153,2017,perenjori
3A,0,VERO,56,17,2017,perenjori
2B,1,VERO,20,8,2017,perenjori
2A,0,VERO,51,4,2017,perenjori
3A,0,VERO,41,46,2017,perenjori
3B,1,VERO,110,9,2017,perenjori
2B,1,VERO,64,13,2017,perenjori
3B,1,VERO,13,7,2017,perenjori
3A,0,VERO,26,17,2017,perenjori
3B,1,VERO,106,20,2017,perenjori
3B,1,VERO,16,23,2017,perenjori
2B,1,VERO,39,17,2017,perenjori
8B,1,MOMO,1,NA,2017,perenjori
5B,1,VERO,17,9,2017,perenjori
5A,0,VERO,57,8,2017,perenjori
3A,0,VERO,47,47,2017,perenjori
8B,1,ARCA,7,NA,2017,perenjori
9B,1,AUEL,3,NA,2017,perenjori
5A,0,POCA,2,0,2017,perenjori
9B,1,MOMO,1,13,2017,perenjori
2B,1,VERO,18,7,2017,perenjori
3B,1,POCA,2,22,2017,perenjori
1A,0,MEDI,37,NA,2017,perenjori
1B,1,POCA,18,0,2017,perenjori
3B,1,VERO,33,38,2017,perenjori
8A,0,AUEL,13,42,2017,perenjori
3B,1,VERO,82,26,2017,perenjori
3B,1,VERO,7,20,2017,perenjori
3B,1,VERO,107,23,2017,perenjori
2B,1,WANI,1,150,2017,perenjori
2B,1,VERO,17,0,2017,perenjori
3A,0,VERO,39,39,2017,perenjori
2B,1,VERO,26,18,2017,perenjori
7A,0,VERO,33,36,2017,perenjori
2B,1,VERO,1,1,2017,perenjori
2A,0,POCA,14,0,2017,perenjori
8B,1,MOMO,3,0,2017,perenjori
2B,1,VERO,33,21,2017,perenjori
5B,1,VERO,151,14,2017,perenjori
2B,1,VERO,4,13,2017,perenjori
5B,1,POCA,19,35,2017,perenjori
2B,1,VERO,24,10,2017,perenjori
7A,0,VERO,17,17,2017,perenjori
3A,0,VERO,57,69,2017,perenjori
3B,1,VERO,86,18,2017,perenjori
3A,0,VERO,49,49,2017,perenjori
2B,1,VERO,34,27,2017,perenjori
3A,0,VERO,63,60,2017,perenjori
3B,1,VERO,22,24,2017,perenjori
5A,0,POCA,15,141,2017,perenjori
1A,0,MEDI,30,1,2017,perenjori
3A,0,VERO,68,86,2017,perenjori
10B,1,POCA,17,10,2017,perenjori
8B,1,POCA,1,NA,2017,perenjori
2B,1,VERO,25,27,2017,perenjori
1A,0,POCA,64,NA,2017,perenjori
10B,1,POCA,14,100,2017,perenjori
8A,0,ARCA,2,NA,2017,perenjori
8B,1,AUEL,9,44,2017,perenjori
3B,1,VERO,35,33,2017,perenjori
3B,1,VERO,116,27,2017,perenjori
10A,0,POCA,1,NA,2017,perenjori
1A,0,POCA,31,NA,2017,perenjori
1A,0,MEDI,15,1,2017,perenjori
10B,1,POCA,5,48,2017,perenjori
8A,0,MOMO,3,0,2017,perenjori
7B,1,VERO,33,17,2017,perenjori
3B,1,VERO,3,21,2017,perenjori
3B,1,VERO,128,42,2017,perenjori
3A,0,VERO,4,37,2017,perenjori
2A,0,VERO,52,6,2017,perenjori
2B,1,VERO,29,2,2017,perenjori
5A,0,POCA,5,49,2017,perenjori
2A,0,POCA,11,50,2017,perenjori
3B,1,VERO,24,NA,2017,perenjori
8A,0,MOMO,5,4,2017,perenjori
2B,1,VERO,48,20,2017,perenjori
3A,0,VERO,5,38,2017,perenjori
10B,1,POCA,7,0,2017,perenjori
2B,1,WAAC,3,25,2017,perenjori
2B,1,VERO,3,24,2017,perenjori
5B,1,VERO,150,11,2017,perenjori
8B,1,POCA,2,5,2017,perenjori
5B,1,VERO,10,21,2017,perenjori
2B,1,POCA,6,0,2017,perenjori
7A,0,VERO,42,18,2017,perenjori
1B,1,POCA,12,NA,2017,perenjori
9B,1,POCA,13,34,2017,perenjori
2B,1,VERO,56,4,2017,perenjori
3B,1,VERO,57,47,2017,perenjori
2B,1,VERO,19,4,2017,perenjori
1A,0,AUEL,1,20,2017,perenjori
3B,1,VERO,105,NA,2017,perenjori
8B,1,AUEL,7,7,2017,perenjori
2B,1,VERO,35,12,2017,perenjori
3B,1,WAAC,2,162,2017,perenjori
5A,0,POCA,13,16,2017,perenjori
2B,1,VERO,60,12,2017,perenjori
2B,1,VERO,69,9,2017,perenjori
3B,1,VERO,127,16,2017,perenjori
2B,1,VERO,66,26,2017,perenjori
8B,1,AUEL,15,82,2017,perenjori
2B,1,VERO,73,28,2017,perenjori
3B,1,POCA,8,33,2017,perenjori
3A,0,CHPS,21,NA,2017,perenjori
3A,0,VERO,6,46,2017,perenjori
9B,1,POCA,10,571,2017,perenjori
2B,1,VERO,52,13,2017,perenjori
2B,1,POCA,8,5,2017,perenjori
2A,0,POCA,5,0,2017,perenjori
2B,1,VERO,59,15,2017,perenjori
9B,1,POCA,2,593,2017,perenjori
1A,0,POCA,69,46,2017,perenjori
2B,1,VERO,28,25,2017,perenjori
3B,1,VERO,104,4,2017,perenjori
8B,1,ARCA,5,10,2017,perenjori
1B,1,POCA,9,5,2017,perenjori
3B,1,VERO,114,56,2017,perenjori
9A,0,POCA,1,51,2017,perenjori
3A,0,VERO,15,84,2017,perenjori
2B,1,VERO,51,40,2017,perenjori
8B,1,AUEL,10,43,2017,perenjori
5B,1,POCA,26,50,2017,perenjori
2B,1,POCA,2,55,2017,perenjori
1B,1,POCA,17,NA,2017,perenjori
2B,1,VERO,14,NA,2017,perenjori
2A,0,POCA,10,0,2017,perenjori
2B,1,VERO,72,22,2017,perenjori
3B,1,VERO,120,45,2017,perenjori
3A,0,VERO,20,56,2017,perenjori
8A,0,AUEL,17,NA,2017,perenjori
5B,1,POCA,28,38,2017,perenjori
2B,1,VERO,32,15,2017,perenjori
8A,0,ARCA,3,NA,2017,perenjori
3B,1,POCA,5,10,2017,perenjori
2B,1,POCA,4,20,2017,perenjori
2A,0,POCA,3,0,2017,perenjori
8A,0,MOMO,2,7,2017,perenjori
3B,1,POCA,6,0,2017,perenjori
8B,1,AUEL,13,68,2017,perenjori
8B,1,AUEL,21,47,2017,perenjori
8B,1,POCA,4,280,2017,perenjori
1B,1,POCA,13,NA,2017,perenjori
3B,1,POCA,3,0,2017,perenjori
8B,1,ARCA,1,19,2017,perenjori
8A,0,AUEL,10,0,2017,perenjori
9B,1,POCA,6,318,2017,perenjori
2B,1,POCA,9,0,2017,perenjori
1B,1,POCA,21,NA,2017,perenjori
2B,1,VERO,42,17,2017,perenjori
2B,1,PLDE,3,NA,2017,perenjori
8B,1,POCA,3,80,2017,perenjori
1B,1,POCA,5,NA,2017,perenjori
8A,0,AUEL,12,64,2017,perenjori
2B,1,POCA,17,0,2017,perenjori
1B,1,ARCA,1,29,2017,perenjori
5B,1,POCA,29,80,2017,perenjori
2A,0,POCA,4,NA,2017,perenjori
3B,1,POCA,1,27,2017,perenjori
5B,1,POCA,7,20,2017,perenjori
2B,1,POCA,10,35,2017,perenjori
2B,1,POCA,11,5,2017,perenjori
1A,0,POCA,73,150,2017,perenjori
2A,0,POCA,9,0,2017,perenjori
1A,0,POCA,57,3,2017,perenjori
9B,1,POCA,1,71,2017,perenjori
2B,1,POCA,3,9,2017,perenjori
8B,1,ARCA,6,160,2017,perenjori
2B,1,POCA,13,70,2017,perenjori
2B,1,POCA,1,16,2017,perenjori
5B,1,POCA,2,273,2017,perenjori
5B,1,POCA,9,95,2017,perenjori
2B,1,POCA,18,35,2017,perenjori
1B,1,POCA,16,113,2017,perenjori
1A,0,POCA,65,NA,2017,perenjori
1B,1,POCA,8,NA,2017,perenjori
8B,1,ARCA,10,19,2017,perenjori
8B,1,ARCA,9,0,2017,perenjori
8B,1,AUEL,1,24,2017,perenjori
8A,0,AUEL,11,29,2017,perenjori
8B,1,AUEL,11,27,2017,perenjori
8B,1,AUEL,12,12,2017,perenjori
9B,1,AUEL,13,NA,2017,perenjori
3A,0,AUEL,14,87,2017,perenjori
8A,0,AUEL,14,11,2017,perenjori
8A,0,AUEL,15,78,2017,perenjori
8B,1,AUEL,16,11,2017,perenjori
8B,1,AUEL,18,18,2017,perenjori
8A,0,AUEL,19,18,2017,perenjori
1A,0,AUEL,2,4,2017,perenjori
8A,0,AUEL,2,60,2017,perenjori
8B,1,AUEL,2,37,2017,perenjori
8B,1,AUEL,20,38,2017,perenjori
8A,0,AUEL,4,9,2017,perenjori
8B,1,AUEL,4,6,2017,perenjori
9B,1,AUEL,4,6,2017,perenjori
8A,0,AUEL,5,13,2017,perenjori
8A,0,AUEL,6,14,2017,perenjori
8B,1,AUEL,6,27,2017,perenjori
8A,0,AUEL,7,60,2017,perenjori
8A,0,AUEL,8,6,2017,perenjori
9B,1,AUEL,8,NA,2017,perenjori
7B,1,BRAU,1,NA,2017,perenjori
1B,1,BRPE,1,52,2017,perenjori
2A,0,BRPE,12,6,2017,perenjori
2A,0,BRPE,16,46,2017,perenjori
2A,0,BRPE,17,68,2017,perenjori
2A,0,BRPE,29,NA,2017,perenjori
2A,0,BRPE,43,3,2017,perenjori
2A,0,BRPE,44,2,2017,perenjori
9B,1,BULB,1,NA,2017,perenjori
9B,1,BULB,1,4,2017,perenjori
9B,1,CAER,12,4,2017,perenjori
9B,1,CAER,16,0,2017,perenjori
9B,1,CAER,23,4,2017,perenjori
9B,1,CAER,5,2,2017,perenjori
9B,1,CAER,54,NA,2017,perenjori
5A,0,CAHI,1,3,2017,perenjori
5A,0,CAHI,2,0,2017,perenjori
7B,1,CAHI,1,5,2017,perenjori
3A,0,CHPS,1,NA,2017,perenjori
7B,1,CHPS,1,NA,2017,perenjori
3A,0,CHPS,15,NA,2017,perenjori
3A,0,CHPS,17,NA,2017,perenjori
5B,1,CHPS,18,NA,2017,perenjori
9B,1,CHPS,2,NA,2017,perenjori
3A,0,CHPS,27,NA,2017,perenjori
3A,0,CHPS,34,NA,2017,perenjori
9B,1,CHPS,7,NA,2017,perenjori
9B,1,CHPS,9,NA,2017,perenjori
8B,1,CRAS,10,NA,2017,perenjori
8A,0,CRAS,11,NA,2017,perenjori
8A,0,CRAS,17,NA,2017,perenjori
8A,0,CRAS,2,NA,2017,perenjori
9B,1,CRAS,2,NA,2017,perenjori
7B,1,CRAS,3,NA,2017,perenjori
10B,1,CRAS,4,NA,2017,perenjori
2B,1,CRAS,4,NA,2017,perenjori
7B,1,CRAS,4,NA,2017,perenjori
8A,0,CRAS,4,NA,2017,perenjori
8B,1,CRAS,4,NA,2017,perenjori
2B,1,CRAS,5,NA,2017,perenjori
8A,0,CRAS,6,NA,2017,perenjori
9B,1,CRAS,6,NA,2017,perenjori
8A,0,CRAS,7,NA,2017,perenjori
8A,0,CRAS,8,NA,2017,perenjori
8A,0,CRAS,9,NA,2017,perenjori
9B,1,CRAS,9,NA,2017,perenjori
7B,1,EROD,1,NA,2017,perenjori
1B,1,GOBE,1,11,2017,perenjori
3A,0,GOBE,1,0,2017,perenjori
5A,0,GOBE,12,15,2017,perenjori
1B,1,GOBE,2,17,2017,perenjori
3B,1,GOBE,4,0,2017,perenjori
5A,0,GOBE,4,8,2017,perenjori
1A,0,GOBE,6,4,2017,perenjori
7B,1,GOOC,6,6,2017,perenjori
7B,1,GROD,1,0,2017,perenjori
2A,0,HYGL,1,11,2017,perenjori
1B,1,HYGL,10,3,2017,perenjori
2A,0,HYGL,11,11,2017,perenjori
3A,0,HYGL,112,2,2017,perenjori
2A,0,HYGL,12,0,2017,perenjori
2A,0,HYGL,120,6,2017,perenjori
2A,0,HYGL,121,6,2017,perenjori
2A,0,HYGL,122,5,2017,perenjori
2A,0,HYGL,123,9,2017,perenjori
2A,0,HYGL,124,8,2017,perenjori
2A,0,HYGL,128,10,2017,perenjori
2A,0,HYGL,131,14,2017,perenjori
2A,0,HYGL,139,0,2017,perenjori
2B,1,HYGL,14,12,2017,perenjori
2A,0,HYGL,151,10,2017,perenjori
2A,0,HYGL,16,8,2017,perenjori
2B,1,HYGL,16,NA,2017,perenjori
2A,0,HYGL,17,20,2017,perenjori
2A,0,HYGL,175,9,2017,perenjori
2A,0,HYGL,18,7,2017,perenjori
2A,0,HYGL,183,NA,2017,perenjori
2A,0,HYGL,184,8,2017,perenjori
2B,1,HYGL,187,4,2017,perenjori
2A,0,HYGL,19,17,2017,perenjori
3A,0,HYGL,2,9,2017,perenjori
2A,0,HYGL,20,7,2017,perenjori
2A,0,HYGL,204,NA,2017,perenjori
2A,0,HYGL,205,7,2017,perenjori
2A,0,HYGL,209,5,2017,perenjori
2A,0,HYGL,211,2,2017,perenjori
2A,0,HYGL,212,15,2017,perenjori
2A,0,HYGL,213,16,2017,perenjori
2A,0,HYGL,218,11,2017,perenjori
2A,0,HYGL,219,7,2017,perenjori
2A,0,HYGL,22,4,2017,perenjori
2A,0,HYGL,222,6,2017,perenjori
2A,0,HYGL,224,5,2017,perenjori
2A,0,HYGL,238,2,2017,perenjori
2A,0,HYGL,239,4,2017,perenjori
2A,0,HYGL,24,2,2017,perenjori
2A,0,HYGL,240,3,2017,perenjori
2A,0,HYGL,244,1,2017,perenjori
2A,0,HYGL,246,2,2017,perenjori
2A,0,HYGL,247,4,2017,perenjori
2A,0,HYGL,248,4,2017,perenjori
2A,0,HYGL,254,12,2017,perenjori
2A,0,HYGL,256,4,2017,perenjori
2B,1,HYGL,268,8,2017,perenjori
2A,0,HYGL,270,1,2017,perenjori
2A,0,HYGL,277,24,2017,perenjori
2A,0,HYGL,278,23,2017,perenjori
2A,0,HYGL,28,2,2017,perenjori
2A,0,HYGL,281,6,2017,perenjori
2A,0,HYGL,285,3,2017,perenjori
2A,0,HYGL,288,3,2017,perenjori
2A,0,HYGL,291,3,2017,perenjori
1B,1,HYGL,3,31,2017,perenjori
2A,0,HYGL,3,0,2017,perenjori
2B,1,HYGL,30,18,2017,perenjori
2A,0,HYGL,31,4,2017,perenjori
2B,1,HYGL,31,NA,2017,perenjori
2A,0,HYGL,311,8,2017,perenjori
2A,0,HYGL,336,14,2017,perenjori
2A,0,HYGL,337,18,2017,perenjori
2A,0,HYGL,34,3,2017,perenjori
2A,0,HYGL,348,3,2017,perenjori
2A,0,HYGL,359,5,2017,perenjori
2A,0,HYGL,36,9,2017,perenjori
2B,1,HYGL,36,10,2017,perenjori
2A,0,HYGL,370,NA,2017,perenjori
2A,0,HYGL,38,0,2017,perenjori
2A,0,HYGL,390,12,2017,perenjori
2A,0,HYGL,397,16,2017,perenjori
2A,0,HYGL,398,4,2017,perenjori
1B,1,HYGL,4,2,2017,perenjori
2B,1,HYGL,42,25,2017,perenjori
2A,0,HYGL,43,12,2017,perenjori
2B,1,HYGL,43,8,2017,perenjori
2A,0,HYGL,45,8,2017,perenjori
2A,0,HYGL,46,10,2017,perenjori
2A,0,HYGL,48,2,2017,perenjori
2A,0,HYGL,49,2,2017,perenjori
1B,1,HYGL,5,5,2017,perenjori
2A,0,HYGL,56,23,2017,perenjori
1B,1,HYGL,6,9,2017,perenjori
2A,0,HYGL,61,9,2017,perenjori
2A,0,HYGL,64,20,2017,perenjori
2A,0,HYGL,66,13,2017,perenjori
2A,0,HYGL,67,4,2017,perenjori
1B,1,HYGL,7,NA,2017,perenjori
2A,0,HYGL,74,11,2017,perenjori
2A,0,HYGL,75,10,2017,perenjori
2A,0,HYGL,76,24,2017,perenjori
2B,1,HYGL,78,5,2017,perenjori
2A,0,HYGL,79,2,2017,perenjori
2B,1,HYGL,9,NA,2017,perenjori
2A,0,HYGL,95,6,2017,perenjori
2A,0,HYGL,x1,6,2017,perenjori
2A,0,HYGL,x10,2,2017,perenjori
2A,0,HYGL,x11,5,2017,perenjori
2A,0,HYGL,x12,7,2017,perenjori
2A,0,HYGL,x13,3,2017,perenjori
2A,0,HYGL,x14,1,2017,perenjori
2A,0,HYGL,x15,7,2017,perenjori
2A,0,HYGL,x16,53,2017,perenjori
2A,0,HYGL,x17,5,2017,perenjori
2A,0,HYGL,x18,0,2017,perenjori
2A,0,HYGL,x19,5,2017,perenjori
2A,0,HYGL,x2,2,2017,perenjori
2A,0,HYGL,x3,0,2017,perenjori
2A,0,HYGL,x4,0,2017,perenjori
2A,0,HYGL,x5,10,2017,perenjori
2A,0,HYGL,x6,5,2017,perenjori
2A,0,HYGL,x7,5,2017,perenjori
2A,0,HYGL,x8,5,2017,perenjori
2A,0,HYGL,x9,4,2017,perenjori
2A,0,HYGL,223,NA,2017,perenjori
2A,0,HYGL,226,NA,2017,perenjori
2A,0,HYGL,250,NA,2017,perenjori
2A,0,HYGL,255,NA,2017,perenjori
2A,0,HYGL,269,NA,2017,perenjori
2A,0,HYGL,272,NA,2017,perenjori
2A,0,HYGL,273,NA,2017,perenjori
2A,0,HYGL,283,NA,2017,perenjori
2A,0,HYGL,340,NA,2017,perenjori
2A,0,HYGL,385,NA,2017,perenjori
1B,1,LADA,1,17,2017,perenjori
10B,1,LEVENHOOKIA?,x1,0,2017,perenjori
1B,1,MEDI,1,3,2017,perenjori
1B,1,MEDI,10,1,2017,perenjori
1B,1,MEDI,11,1,2017,perenjori
1A,0,MEDI,12,NA,2017,perenjori
1B,1,MEDI,12,1,2017,perenjori
1B,1,MEDI,13,1,2017,perenjori
1A,0,MEDI,14,2,2017,perenjori
1B,1,MEDI,15,2,2017,perenjori
1B,1,MEDI,16,2,2017,perenjori
1B,1,MEDI,17,2,2017,perenjori
1B,1,MEDI,18,2,2017,perenjori
1B,1,MEDI,2,1,2017,perenjori
1B,1,MEDI,20,1,2017,perenjori
1A,0,MEDI,28,1,2017,perenjori
1B,1,MEDI,3,1,2017,perenjori
1B,1,MEDI,32,NA,2017,perenjori
1B,1,MEDI,33,1,2017,perenjori
1B,1,MEDI,34,1,2017,perenjori
1B,1,MEDI,4,1,2017,perenjori
1A,0,MEDI,40,2,2017,perenjori
1A,0,MEDI,45,2,2017,perenjori
1B,1,MEDI,5,1,2017,perenjori
1B,1,MEDI,53,NA,2017,perenjori
1B,1,MEDI,6,1,2017,perenjori
1B,1,MEDI,7,2,2017,perenjori
1B,1,MEDI,9,1,2017,perenjori
9A,0,MOMO,1,NA,2017,perenjori
10A,0,PEAI,1,NA,2017,perenjori
6B,1,PEAI,110,NA,2017,perenjori
7B,1,PEAI,132,0,2017,perenjori
2A,0,PEAI,14,30,2017,perenjori
2A,0,PEAI,15,166,2017,perenjori
2A,0,PEAI,16,72,2017,perenjori
7B,1,PEAI,17,0,2017,perenjori
1A,0,PEAI,18,2,2017,perenjori
2A,0,PEAI,18,10,2017,perenjori
2A,0,PEAI,19,36,2017,perenjori
2B,1,PEAI,2,0,2017,perenjori
2A,0,PEAI,29,NA,2017,perenjori
2B,1,PEAI,3,0,2017,perenjori
9B,1,PEAI,37,NA,2017,perenjori
1B,1,PEAI,371,22,2017,perenjori
2A,0,PEAI,39,5,2017,perenjori
7B,1,PEAI,4,0,2017,perenjori
2A,0,PEAI,41,22,2017,perenjori
9B,1,PEAI,41,NA,2017,perenjori
PB,1,PEAI,41,24,2017,perenjori
1A,0,PEAI,42,NA,2017,perenjori
2A,0,PEAI,43,32,2017,perenjori
2A,0,PEAI,45,NA,2017,perenjori
2A,0,PEAI,46,NA,2017,perenjori
7B,1,PEAI,5,0,2017,perenjori
9B,1,PEAI,5,NA,2017,perenjori
2B,1,PEAI,6,54,2017,perenjori
2A,0,PEAI,61,NA,2017,perenjori
2A,0,PEAI,69,564,2017,perenjori
2B,1,PEAI,7,12,2017,perenjori
9B,1,PEAI,7,NA,2017,perenjori
2A,0,PEAI,70,30,2017,perenjori
2A,0,PEAI,71,5,2017,perenjori
2A,0,PEAI,73,3,2017,perenjori
2A,0,PEAI,78,6,2017,perenjori
1A,0,PEDU,26,NA,2017,perenjori
1A,0,PEDU,3,0,2017,perenjori
10A,0,PEAI,1,NA,2017,perenjori
10A,0,PEAI,2,NA,2017,perenjori
2A,0,PLDE,17,3,2017,perenjori
2B,1,PLDE,2,0,2017,perenjori
2A,0,PLDE,21,NA,2017,perenjori
2A,0,PLDE,23,NA,2017,perenjori
2A,0,PLDE,25,2,2017,perenjori
2A,0,PLDE,3,28,2017,perenjori
2A,0,PLDE,34,7,2017,perenjori
2A,0,PLDE,4,28,2017,perenjori
1B,1,POCA,1,20,2017,perenjori
1B,1,POCA,11,22,2017,perenjori
9B,1,POCA,12,126,2017,perenjori
1A,0,POCA,15,45,2017,perenjori
1B,1,POCA,15,20,2017,perenjori
1A,0,POCA,17,12,2017,perenjori
5B,1,POCA,18,NA,2017,perenjori
1B,1,POCA,2,2,2017,perenjori
1B,1,POCA,3,202,2017,perenjori
9B,1,POCA,3,0,2017,perenjori
1A,0,POCA,35,0,2017,perenjori
1B,1,POCA,39,15,2017,perenjori
1B,1,POCA,4,31,2017,perenjori
9B,1,POCA,4,103,2017,perenjori
1B,1,POCA,45,54,2017,perenjori
9B,1,POCA,5,197,2017,perenjori
5A,0,POCA,6,NA,2017,perenjori
9B,1,POCA,7,41,2017,perenjori
5A,0,POCA,8,66,2017,perenjori
9B,1,POCA,8,11,2017,perenjori
1A,0,POCA,82,67,2017,perenjori
3A,0,POLE,F11,7,2017,perenjori
7A,0,POMU,1,NA,2017,perenjori
9B,1,POMU,10,NA,2017,perenjori
9B,1,POMU,11,NA,2017,perenjori
9B,1,POMU,127,NA,2017,perenjori
9B,1,POMU,14,NA,2017,perenjori
7A,0,POMU,17,NA,2017,perenjori
7B,1,POMU,18,NA,2017,perenjori
9A,0,POMU,19,NA,2017,perenjori
9B,1,POMU,20,NA,2017,perenjori
7A,0,POMU,24,NA,2017,perenjori
7A,0,POMU,3,NA,2017,perenjori
8A,0,POMU,3,NA,2017,perenjori
7B,1,POMU,33,NA,2017,perenjori
7A,0,POMU,36,NA,2017,perenjori
9B,1,POMU,38,NA,2017,perenjori
7A,0,POMU,47,NA,2017,perenjori
8A,0,POMU,5,NA,2017,perenjori
7A,0,POMU,54,NA,2017,perenjori
9B,1,POMU,64,NA,2017,perenjori
7A,0,POMU,8,NA,2017,perenjori
7B,1,POMU,8,NA,2017,perenjori
1B,1,PTGA,1,8,2017,perenjori
8A,0,PTGA,1,39,2017,perenjori
8B,1,PTGA,1,0,2017,perenjori
8A,0,PTGA,10,56,2017,perenjori
8B,1,PTGA,10,3,2017,perenjori
9A,0,PTGA,10,NA,2017,perenjori
1B,1,PTGA,11,16,2017,perenjori
1B,1,PTGA,12,6,2017,perenjori
9B,1,PTGA,13,NA,2017,perenjori
9B,1,PTGA,15,NA,2017,perenjori
8A,0,PTGA,16,0,2017,perenjori
8A,0,PTGA,19,7,2017,perenjori
8B,1,PTGA,19,13,2017,perenjori
8B,1,PTGA,2,5,2017,perenjori
9A,0,PTGA,2,NA,2017,perenjori
9B,1,PTGA,2,NA,2017,perenjori
8B,1,PTGA,21,3,2017,perenjori
8B,1,PTGA,24,NA,2017,perenjori
8A,0,PTGA,28,23,2017,perenjori
6A,0,PTGA,3,0,2017,perenjori
7B,1,PTGA,3,0,2017,perenjori
8B,1,PTGA,3,0,2017,perenjori
8A,0,PTGA,31,49,2017,perenjori
1B,1,PTGA,4,4,2017,perenjori
7A,0,PTGA,41,24,2017,perenjori
8A,0,PTGA,5,45,2017,perenjori
8B,1,PTGA,5,0,2017,perenjori
9B,1,PTGA,5,NA,2017,perenjori
6B,1,PTGA,7,2,2017,perenjori
8A,0,PTGA,7,116,2017,perenjori
1B,1,PTGA,8,7,2017,perenjori
8A,0,PTGA,8,69,2017,perenjori
8A,0,PTGA,9,37,2017,perenjori
8A,0,SCER,1,NA,2017,perenjori
7B,1,STFI,2,14,2017,perenjori
6A,0,TRCY,1,2,2017,perenjori
6A,0,TRCY,2,4,2017,perenjori
6A,0,TRCY,3,10,2017,perenjori
6A,0,TRCY,4,2,2017,perenjori
9B,1,UNK,FB,NA,2017,perenjori
5A,0,UNK,1,NA,2017,perenjori
1B,1,UNK,13,NA,2017,perenjori
5A,0,UNK,2,NA,2017,perenjori
1B,1,UNK,6,NA,2017,perenjori
1B,1,UNK,7,NA,2017,perenjori
1B,1,UNK,8,NA,2017,perenjori
1B,1,UNK,9,NA,2017,perenjori
1A,0,UNK GRASS,12,NA,2017,perenjori
1A,0,UNK GRASS,15,NA,2017,perenjori
1A,0,UNK GRASS,18,NA,2017,perenjori
1A,0,UNK GRASS,2,NA,2017,perenjori
1A,0,UNK GRASS,24,NA,2017,perenjori
1A,0,UNK GRASS,27,NA,2017,perenjori
1A,0,UNK GRASS,4,NA,2017,perenjori
1A,0,UNK GRASS,5,NA,2017,perenjori
6A,0,UNKFB,1,NA,2017,perenjori
1B,1,UNKFB,2,0,2017,perenjori
1B,1,UNKFB,9,7,2017,perenjori
4A,0,UNKGOOC,4,,2017,perenjori
3B,1,UNKGOBE,4,,2017,perenjori
4A,0,UNKGOOC,8,NA,2017,perenjori
2B,1,UNKNOWN,1,NA,2017,perenjori
3A,0,UNKNOWN,1,NA,2017,perenjori
1A,0,UNKNOWN,12,0,2017,perenjori
3A,0,UNKNOWN,12,0,2017,perenjori
1B,1,UNKNOWN,13,1,2017,perenjori
2B,1,UNKNOWN,13,2,2017,perenjori
1A,0,UNKNOWN,18,0,2017,perenjori
3A,0,UNKNOWN,2,NA,2017,perenjori
1A,0,UNKNOWN,24,1,2017,perenjori
3A,0,UNKNOWN,3,NA,2017,perenjori
1A,0,UNKNOWN,33,0,2017,perenjori
1A,0,UNKNOWN,35,0,2017,perenjori
3A,0,UNKNOWN,4,NA,2017,perenjori
1A,0,UNKNOWN,5,1,2017,perenjori
3A,0,UNKNOWN,5,NA,2017,perenjori
3B,1,UNKNOWN,5,NA,2017,perenjori
2A,0,UNKNOWN,6,NA,2017,perenjori
2A,0,UNKNOWN,7,NA,2017,perenjori
2B,1,UNKNOWN,7,NA,2017,perenjori
2A,0,UNKNOWN,9,NA,2017,perenjori
1A,0,UNKNOWN,F15,1,2017,perenjori
3A,0,UNKNOWN,F15,23,2017,perenjori
3A,0,UNKNOWN,F20,3,2017,perenjori
1A,0,UNKNOWN,F23,0,2017,perenjori
1A,0,UNKNOWN,F26,1,2017,perenjori
1A,0,UNKNOWN,F5,1,2017,perenjori
1B,1,UNKNOWN,F7,1,2017,perenjori
2B,1,UNKNOWN,10,NA,2017,perenjori
2B,1,UNKNOWN,11,NA,2017,perenjori
2B,1,UNKNOWN,12,NA,2017,perenjori
2B,1,UNKNOWN,13,NA,2017,perenjori
2B,1,UNKNOWN,15,NA,2017,perenjori
2B,1,UNKNOWN,16,NA,2017,perenjori
2B,1,UNKNOWN,17,NA,2017,perenjori
2B,1,UNKNOWN,8,NA,2017,perenjori
2B,1,UNKNOWN,9,NA,2017,perenjori
10B,1,UNKNOWN,1,NA,2017,perenjori
3B,1,UNKPOCA,5,0,2017,perenjori
3B,1,UNKPTGA,1,7,2017,perenjori
1B,1,UNKFB,1,104,2017,perenjori
1B,1,UNKFB,3,0,2017,perenjori
2B,1,UNKWAAC,16,0,2017,perenjori
1B,1,VERO,1,5,2017,perenjori
4B,1,VERO,1,0,2017,perenjori
9A,0,VERO,1,NA,2017,perenjori
7B,1,VERO,10,NA,2017,perenjori
2A,0,VERO,100,22,2017,perenjori
5B,1,VERO,100,NA,2017,perenjori
5B,1,VERO,101,NA,2017,perenjori
5B,1,VERO,105,NA,2017,perenjori
5A,0,VERO,106,9,2017,perenjori
5A,0,VERO,109,22,2017,perenjori
2B,1,VERO,STFI,8,2017,perenjori
5B,1,VERO,110,3,2017,perenjori
2B,1,VERO,111,31,2017,perenjori
5B,1,VERO,116,2,2017,perenjori
4A,0,VERO,118,23,2017,perenjori
5B,1,VERO,118,15,2017,perenjori
5B,1,VERO,119,7,2017,perenjori
5B,1,VERO,120,4,2017,perenjori
5B,1,VERO,121,8,2017,perenjori
5B,1,VERO,122,6,2017,perenjori
5B,1,VERO,123,NA,2017,perenjori
5B,1,VERO,124,NA,2017,perenjori
4A,0,VERO,126,27,2017,perenjori
5A,0,VERO,128,NA,2017,perenjori
4A,0,VERO,129,44,2017,perenjori
4A,0,VERO,134,18,2017,perenjori
4A,0,VERO,135,4,2017,perenjori
4A,0,VERO,139,8,2017,perenjori
4B,1,VERO,14,13,2017,perenjori
5B,1,VERO,145,NA,2017,perenjori
3B,1,VERO,146,NA,2017,perenjori
4A,0,VERO,149,7,2017,perenjori
5B,1,VERO,153,5,2017,perenjori
4A,0,VERO,155,22,2017,perenjori
5A,0,VERO,158,2,2017,perenjori
4A,0,VERO,160,32,2017,perenjori
5B,1,VERO,160,4,2017,perenjori
4A,0,VERO,161,33,2017,perenjori
4A,0,VERO,162,13,2017,perenjori
4A,0,VERO,163,2,2017,perenjori
5B,1,VERO,163,NA,2017,perenjori
4A,0,VERO,168,10,2017,perenjori
5B,1,VERO,168,NA,2017,perenjori
2A,0,VERO,17,NA,2017,perenjori
4A,0,VERO,172,NA,2017,perenjori
5B,1,VERO,172,6,2017,perenjori
4A,0,VERO,178,1,2017,perenjori
4A,0,VERO,179,1,2017,perenjori
2A,0,VERO,18,NA,2017,perenjori
4A,0,VERO,181,1,2017,perenjori
5A,0,VERO,187,NA,2017,perenjori
4A,0,VERO,199,26,2017,perenjori
5A,0,VERO,199,2,2017,perenjori
10B,1,VERO,2,0,2017,perenjori
2A,0,VERO,2,22,2017,perenjori
4B,1,VERO,2,0,2017,perenjori
5B,1,VERO,2,9,2017,perenjori
6A,0,VERO,2,NA,2017,perenjori
3B,1,VERO,21,20,2017,perenjori
4B,1,VERO,22,3,2017,perenjori
4A,0,VERO,24,24,2017,perenjori
4B,1,VERO,27,11,2017,perenjori
10A,0,VERO,3,NA,2017,perenjori
9B,1,VERO,3,24,2017,perenjori
2B,1,VERO,30,19,2017,perenjori
4B,1,VERO,32,18,2017,perenjori
3A,0,VERO,33,26,2017,perenjori
4B,1,VERO,33,22,2017,perenjori
10A,0,VERO,4,NA,2017,perenjori
10B,1,VERO,4,0,2017,perenjori
5A,0,VERO,4,1,2017,perenjori
4B,1,VERO,46,10,2017,perenjori
4B,1,VERO,48,28,2017,perenjori
4B,1,VERO,49,7,2017,perenjori
7B,1,VERO,50,4,2017,perenjori
4B,1,VERO,51,8,2017,perenjori
5B,1,VERO,51,3,2017,perenjori
4B,1,VERO,52,9,2017,perenjori
5B,1,VERO,52,4,2017,perenjori
4B,1,VERO,53,12,2017,perenjori
5B,1,VERO,57,21,2017,perenjori
5B,1,VERO,58,6,2017,perenjori
5B,1,VERO,59,2,2017,perenjori
5B,1,VERO,6,6,2017,perenjori
7A,0,VERO,6,NA,2017,perenjori
5B,1,VERO,60,0,2017,perenjori
5B,1,VERO,61,7,2017,perenjori
3B,1,VERO,67&66,3,2017,perenjori
2B,1,VERO,68,NA,2017,perenjori
4A,0,VERO,68,2,2017,perenjori
2A,0,VERO,7,10,2017,perenjori
9B,1,VERO,7,15,2017,perenjori
2B,1,VERO,70,13,2017,perenjori
4B,1,VERO,70,37,2017,perenjori
2B,1,VERO,71,NA,2017,perenjori
4B,1,VERO,72,10,2017,perenjori
5A,0,VERO,72,NA,2017,perenjori
7B,1,VERO,72,NA,2017,perenjori
4B,1,VERO,73,20,2017,perenjori
3B,1,VERO,74,9,2017,perenjori
4B,1,VERO,74,8,2017,perenjori
4B,1,VERO,78,26,2017,perenjori
5A,0,VERO,78,NA,2017,perenjori
2B,1,VERO,79,2,2017,perenjori
4B,1,VERO,79,38,2017,perenjori
2A,0,VERO,8,3,2017,perenjori
7B,1,VERO,86,16,2017,perenjori
4B,1,VERO,87,52,2017,perenjori
4B,1,VERO,88,31,2017,perenjori
2A,0,VERO,9,7,2017,perenjori
4A,0,VERO,97,34,2017,perenjori
5B,1,WAAC,1,NA,2017,perenjori
5A,0,WAAC,3,NA,2017,perenjori
5B,1,WAAC,4,NA,2017,perenjori