focal,reserve,crop,site,plot,treatment,flowers,seed
LARO,Rectangle,Wheat,Edge,1,OP,1,8
LARO,Rectangle,Wheat,Edge,1,OPSupp,1,17
LARO,Rectangle,Wheat,Edge,1,Bag,1,7
LARO,Rectangle,Wheat,Edge,1,BagSup,1,9
LARO,Rectangle,Wheat,Edge,2,OP,1,15
LARO,Rectangle,Wheat,Edge,2,OPSupp,1,8
LARO,Rectangle,Wheat,Edge,2,Bag,1,2
LARO,Rectangle,Wheat,Edge,2,BagSup,1,13
LARO,Rectangle,Wheat,Edge,3,OP,1,17
LARO,Rectangle,Wheat,Edge,3,OPSupp,1,27
LARO,Rectangle,Wheat,Edge,3,Bag,1,3
LARO,Rectangle,Wheat,Edge,3,BagSup,1,7
LARO,Rectangle,Wheat,Edge,4,OP,3,17
LARO,Rectangle,Wheat,Edge,4,OPSupp,4,17
LARO,Rectangle,Wheat,Edge,4,Bag,3,24
LARO,Rectangle,Wheat,Edge,4,BagSup,3,8
LARO,Rectangle,Wheat,Edge,5,OP,3,22
LARO,Rectangle,Wheat,Edge,5,OPSupp,3,18
LARO,Rectangle,Wheat,Edge,5,Bag,2,0
LARO,Rectangle,Wheat,Edge,5,BagSup,3,13
LARO,Rectangle,Wheat,Edge,6,OP,2,0
LARO,Rectangle,Wheat,Edge,6,OPSupp,2,10
LARO,Rectangle,Wheat,Edge,6,Bag,2,2
LARO,Rectangle,Wheat,Edge,6,BagSup,2,2
LARO,Rectangle,Wheat,Edge,7,OP,3,21
LARO,Rectangle,Wheat,Edge,7,OPSupp,3,29
LARO,Rectangle,Wheat,Edge,7,Bag,3,13
LARO,Rectangle,Wheat,Edge,7,BagSup,3,22
LARO,Rectangle,Wheat,Edge,8,OP,5,24
LARO,Rectangle,Wheat,Edge,8,OPSupp,6,64
LARO,Rectangle,Wheat,Edge,8,Bag,4,4
LARO,Rectangle,Wheat,Edge,8,BagSup,5,36
LARO,Rectangle,Wheat,Edge,9,OP,3,29
LARO,Rectangle,Wheat,Edge,9,OPSupp,5,39
LARO,Rectangle,Wheat,Edge,9,Bag,5,8
LARO,Rectangle,Wheat,Edge,9,BagSup,3,7
LARO,Rectangle,Wheat,Edge,10,OP,3,23
LARO,Rectangle,Wheat,Edge,10,OPSupp,4,26
LARO,Rectangle,Wheat,Edge,10,Bag,5,7
LARO,Rectangle,Wheat,Edge,10,BagSup,3,21
LARO,Rectangle,Wheat,Core,1,OP,3,26
LARO,Rectangle,Wheat,Core,1,OPSupp,3,13
LARO,Rectangle,Wheat,Core,1,Bag,3,4
LARO,Rectangle,Wheat,Core,1,BagSup,3,3
LARO,Rectangle,Wheat,Core,2,OP,2,2
LARO,Rectangle,Wheat,Core,2,OPSupp,3,25
LARO,Rectangle,Wheat,Core,2,Bag,2,7
LARO,Rectangle,Wheat,Core,2,BagSup,1,10
LARO,Rectangle,Wheat,Core,3,OP,1,8
LARO,Rectangle,Wheat,Core,3,OPSupp,1,9
LARO,Rectangle,Wheat,Core,3,Bag,2,7
LARO,Rectangle,Wheat,Core,3,BagSup,1,3
LARO,Rectangle,Wheat,Core,4,OP,1,0
LARO,Rectangle,Wheat,Core,4,OPSupp,1,0
LARO,Rectangle,Wheat,Core,4,Bag,1,5
LARO,Rectangle,Wheat,Core,4,BagSup,2,8
LARO,Rectangle,Wheat,Core,5,OP,3,23
LARO,Rectangle,Wheat,Core,5,OPSupp,3,37
LARO,Rectangle,Wheat,Core,5,Bag,3,10
LARO,Rectangle,Wheat,Core,5,BagSup,3,8
LARO,Rectangle,Wheat,Core,6,OP,2,26
LARO,Rectangle,Wheat,Core,6,OPSupp,3,31
LARO,Rectangle,Wheat,Core,6,Bag,2,12
LARO,Rectangle,Wheat,Core,6,BagSup,3,29
LARO,Rectangle,Wheat,Core,7,OP,2,21
LARO,Rectangle,Wheat,Core,7,OPSupp,2,8
LARO,Rectangle,Wheat,Core,7,Bag,4,13
LARO,Rectangle,Wheat,Core,7,BagSup,1,8
LARO,Rectangle,Wheat,Core,8,OP,3(1),14
LARO,Rectangle,Wheat,Core,8,OPSupp,3,21
LARO,Rectangle,Wheat,Core,8.2,OPSupp,3,25
LARO,Rectangle,Wheat,Core,8,Bag,3,4
LARO,Rectangle,Wheat,Core,8,BagSup,3,31
LARO,Rectangle,Wheat,Core,9,OP,3,16
LARO,Rectangle,Wheat,Core,9,OPSupp,4,42
LARO,Rectangle,Wheat,Core,9,Bag,4,1
LARO,Rectangle,Wheat,Core,9,BagSup,2,9
LARO,Rectangle,Wheat,Core,10,OP,2,8
LARO,Rectangle,Wheat,Core,10,OPSupp,4,8
LARO,Rectangle,Wheat,Core,10,Bag,2,1
LARO,Rectangle,Wheat,Core,10,BagSup,2,4
LARO,Rectangle,Canola,Core,1,OP,5,57
LARO,Rectangle,Canola,Core,1,OPSupp,3,29
LARO,Rectangle,Canola,Core,1,Bag,3,2
LARO,Rectangle,Canola,Core,1,BagSup,2,3
LARO,Rectangle,Canola,Core,2,OP,3,27
LARO,Rectangle,Canola,Core,2,OPSupp,3,10
LARO,Rectangle,Canola,Core,2,Bag,1,0
LARO,Rectangle,Canola,Core,2,BagSup,2,6
LARO,Rectangle,Canola,Core,3,OP,2,24
LARO,Rectangle,Canola,Core,3,OPSupp,2,6
LARO,Rectangle,Canola,Core,3,Bag,3,7
LARO,Rectangle,Canola,Core,3,BagSup,2,5
LARO,Rectangle,Canola,Core,4,OP,3,18
LARO,Rectangle,Canola,Core,4,OPSupp,3,20
LARO,Rectangle,Canola,Core,4,Bag,8,28
LARO,Rectangle,Canola,Core,4,BagSup,1,6
LARO,Rectangle,Canola,Core,5,OP,1,4
LARO,Rectangle,Canola,Core,5,OPSupp,2,9
LARO,Rectangle,Canola,Core,5,Bag,2,2
LARO,Rectangle,Canola,Core,5,BagSup,2,6
LARO,Rectangle,Canola,Core,6,OP,1,4
LARO,Rectangle,Canola,Core,6,OPSupp,1,4
LARO,Rectangle,Canola,Core,6,Bag,NA,NA
LARO,Rectangle,Canola,Core,6,BagSup,2,12
LARO,Rectangle,Canola,Core,7,OP,3,31
LARO,Rectangle,Canola,Core,7,OPSupp,3,41
LARO,Rectangle,Canola,Core,7,Bag,3,5
LARO,Rectangle,Canola,Core,7,BagSup,3,30
LARO,Rectangle,Canola,Core,8,OP,3,36
LARO,Rectangle,Canola,Core,8,OPSupp,3,16
LARO,Rectangle,Canola,Core,8,Bag,3,2
LARO,Rectangle,Canola,Core,8,BagSup,2,13
LARO,Rectangle,Canola,Core,9,OP,3,19
LARO,Rectangle,Canola,Core,9,OPSupp,3,20
LARO,Rectangle,Canola,Core,9,Bag,7,3
LARO,Rectangle,Canola,Core,9,BagSup,1,8
LARO,Rectangle,Canola,Core,10,OP,4,48
LARO,Rectangle,Canola,Core,10,OPSupp,4,50
LARO,Rectangle,Canola,Core,10,Bag,3,14
LARO,Rectangle,Canola,Core,10,BagSup,2,14
LARO,Rectangle,Canola,Edge,1,OP,2,23
LARO,Rectangle,Canola,Edge,1,OPSupp,3,30
LARO,Rectangle,Canola,Edge,1,Bag,3,3
LARO,Rectangle,Canola,Edge,1,BagSup,2,17
LARO,Rectangle,Canola,Edge,2,OP,8,115
LARO,Rectangle,Canola,Edge,2,OPSupp,1,17
LARO,Rectangle,Canola,Edge,2,Bag,9,3
LARO,Rectangle,Canola,Edge,2,BagSup,6,45
LARO,Rectangle,Canola,Edge,3,OP,2,31
LARO,Rectangle,Canola,Edge,3,OPSupp,3,18
LARO,Rectangle,Canola,Edge,3,Bag,3,5
LARO,Rectangle,Canola,Edge,3,BagSup,2,8
LARO,Rectangle,Canola,Edge,4,OP,3,38
LARO,Rectangle,Canola,Edge,4,OPSupp,3,34
LARO,Rectangle,Canola,Edge,4,Bag,2,4
LARO,Rectangle,Canola,Edge,4,BagSup,3,11
LARO,Rectangle,Canola,Edge,5,OP,3,31
LARO,Rectangle,Canola,Edge,5,OPSupp,2,16
LARO,Rectangle,Canola,Edge,5,Bag,1,5
LARO,Rectangle,Canola,Edge,5,BagSup,1,8
LARO,Rectangle,Canola,Edge,6,OP,3,24
LARO,Rectangle,Canola,Edge,6,OPSupp,3,50
LARO,Rectangle,Canola,Edge,6,Bag,5,7
LARO,Rectangle,Canola,Edge,6,BagSup,4,11
LARO,Rectangle,Canola,Edge,7,OP,3,25
LARO,Rectangle,Canola,Edge,7,OPSupp,3,30
LARO,Rectangle,Canola,Edge,7,Bag,7,6
LARO,Rectangle,Canola,Edge,7,BagSup,3,27
LARO,Rectangle,Canola,Edge,8,OP,2,8
LARO,Rectangle,Canola,Edge,8,OPSupp,1,13
LARO,Rectangle,Canola,Edge,8,Bag,4,4
LARO,Rectangle,Canola,Edge,8,BagSup,1,12
LARO,Rectangle,Canola,Edge,9,OP,1,5
LARO,Rectangle,Canola,Edge,9,OPSupp,1,9
LARO,Rectangle,Canola,Edge,9,Bag,6,1
LARO,Rectangle,Canola,Edge,9,BagSup,4,6
LARO,Rectangle,Canola,Edge,10,OP,3,14
LARO,Rectangle,Canola,Edge,10,OPSupp,3,11
LARO,Rectangle,Canola,Edge,10,Bag,2,2
LARO,Rectangle,Canola,Edge,10,BagSup,2,13
LARO,Buntine,Wheat,Core,1,OP,1,8
LARO,Buntine,Wheat,Core,1,OPSupp,2,12
LARO,Buntine,Wheat,Core,1,Bag,2,0
LARO,Buntine,Wheat,Core,1,BagSup,1,2
LARO,Buntine,Wheat,Core,2,OP,1,11
LARO,Buntine,Wheat,Core,2,OPSupp,2,15
LARO,Buntine,Wheat,Core,2,Bag,1,0
LARO,Buntine,Wheat,Core,2,BagSup,1,1
LARO,Buntine,Wheat,Core,3,OP,3,0
LARO,Buntine,Wheat,Core,3,OPSupp,2,5
LARO,Buntine,Wheat,Core,3,Bag,1,1
LARO,Buntine,Wheat,Core,3,BagSup,2,0
LARO,Buntine,Wheat,Core,4,OP,2,26
LARO,Buntine,Wheat,Core,4,OPSupp,4,51
LARO,Buntine,Wheat,Core,4,Bag,3,0
LARO,Buntine,Wheat,Core,4,BagSup,6,15
LARO,Buntine,Wheat,Core,5,OP,1,5
LARO,Buntine,Wheat,Core,5,OPSupp,2,13
LARO,Buntine,Wheat,Core,5,Bag,2,2
LARO,Buntine,Wheat,Core,5,BagSup,2,0
LARO,Buntine,Wheat,Core,6,OP,1,8
LARO,Buntine,Wheat,Core,6,OPSupp,4,33
LARO,Buntine,Wheat,Core,6,Bag,3,16
LARO,Buntine,Wheat,Core,6,BagSup,2,16
LARO,Buntine,Wheat,Core,7,OP,1,5
LARO,Buntine,Wheat,Core,7,OPSupp,1,14
LARO,Buntine,Wheat,Core,7,Bag,1,0
LARO,Buntine,Wheat,Core,7,BagSup,1,4
LARO,Buntine,Wheat,Core,8,OP,2,11
LARO,Buntine,Wheat,Core,8,OPSupp,3,12
LARO,Buntine,Wheat,Core,8,Bag,1,6
LARO,Buntine,Wheat,Core,8,BagSup,2,6
LARO,Buntine,Wheat,Core,9,OP,1,6
LARO,Buntine,Wheat,Core,9,OPSupp,1,8
LARO,Buntine,Wheat,Core,9,Bag,1,2
LARO,Buntine,Wheat,Core,9,BagSup,1,0
LARO,Buntine,Wheat,Core,10,OP,6,37
LARO,Buntine,Wheat,Core,10,OPSupp,4,44
LARO,Buntine,Wheat,Core,10,Bag,3,15
LARO,Buntine,Wheat,Core,10,BagSup,7,8
LARO,Buntine,Wheat,Edge,1,OP,1,10
LARO,Buntine,Wheat,Edge,1,OPSupp,1,12
LARO,Buntine,Wheat,Edge,1,Bag,2,0
LARO,Buntine,Wheat,Edge,1,BagSup,1,2
LARO,Buntine,Wheat,Edge,2,OP,1,6
LARO,Buntine,Wheat,Edge,2,OPSupp,1,3
LARO,Buntine,Wheat,Edge,2,Bag,1,0
LARO,Buntine,Wheat,Edge,2,BagSup,1,7
LARO,Buntine,Wheat,Edge,3,OP,1,18
LARO,Buntine,Wheat,Edge,3,OPSupp,1,31
LARO,Buntine,Wheat,Edge,3,Bag,1,0
LARO,Buntine,Wheat,Edge,3,BagSup,NA,NA
LARO,Buntine,Wheat,Edge,4,OP,3,12
LARO,Buntine,Wheat,Edge,4,OPSupp,2,19
LARO,Buntine,Wheat,Edge,4,Bag,3,2
LARO,Buntine,Wheat,Edge,4,BagSup,2,8
LARO,Buntine,Wheat,Edge,5,OP,1,8
LARO,Buntine,Wheat,Edge,5,OPSupp,1,14
LARO,Buntine,Wheat,Edge,5,Bag,4,10
LARO,Buntine,Wheat,Edge,5,BagSup,1,11
LARO,Buntine,Wheat,Edge,6,OP,2,28
LARO,Buntine,Wheat,Edge,6,OPSupp,3,40
LARO,Buntine,Wheat,Edge,6,Bag,1,0
LARO,Buntine,Wheat,Edge,6,BagSup,1,7
LARO,Buntine,Wheat,Edge,7,OP,1,7
LARO,Buntine,Wheat,Edge,7,OPSupp,1,0
LARO,Buntine,Wheat,Edge,7,Bag,2,0
LARO,Buntine,Wheat,Edge,7,BagSup,1,0
LARO,Buntine,Wheat,Edge,8,OP,1,1
LARO,Buntine,Wheat,Edge,8,OPSupp,1,8
LARO,Buntine,Wheat,Edge,8,Bag,1,1
LARO,Buntine,Wheat,Edge,8,BagSup,1,14
LARO,Buntine,Wheat,Edge,9,OP,4,30
LARO,Buntine,Wheat,Edge,9,OPSupp,3,14
LARO,Buntine,Wheat,Edge,9,Bag,1,0
LARO,Buntine,Wheat,Edge,9,BagSup,3,19
LARO,Buntine,Wheat,Edge,10,OP,1,15
LARO,Buntine,Wheat,Edge,10,OPSupp,1,10
LARO,Buntine,Wheat,Edge,10,Bag,1,2
LARO,Buntine,Wheat,Edge,10,BagSup,1,0
LARO,Buntine,Canola,Core,1,OP,1,11
LARO,Buntine,Canola,Core,1,OPSupp,1,1
LARO,Buntine,Canola,Core,1,Bag,1,0
LARO,Buntine,Canola,Core,1,BagSup,3,17
LARO,Buntine,Canola,Core,2,OP,1,5
LARO,Buntine,Canola,Core,2,OPSupp,1,9
LARO,Buntine,Canola,Core,2,Bag,2,3
LARO,Buntine,Canola,Core,2,BagSup,3,10
LARO,Buntine,Canola,Core,3,OP,NA,NA
LARO,Buntine,Canola,Core,3,OPSupp,2,26
LARO,Buntine,Canola,Core,3,Bag,4,1
LARO,Buntine,Canola,Core,3,BagSup,2,7
LARO,Buntine,Canola,Core,4,OP,9,48
LARO,Buntine,Canola,Core,4,OPSupp,NA,NA
LARO,Buntine,Canola,Core,4,Bag,2,13
LARO,Buntine,Canola,Core,4,BagSup,8,24
LARO,Buntine,Canola,Core,5,OP,1,2
LARO,Buntine,Canola,Core,5,OPSupp,1,1
LARO,Buntine,Canola,Core,5,Bag,1,1
LARO,Buntine,Canola,Core,5,BagSup,1,3
LARO,Buntine,Canola,Core,6,OP,1,5
LARO,Buntine,Canola,Core,6,OPSupp,1,0
LARO,Buntine,Canola,Core,6,Bag,1,7
LARO,Buntine,Canola,Core,6,BagSup,1,5
LARO,Buntine,Canola,Core,7,OP,3,9
LARO,Buntine,Canola,Core,7,OPSupp,3,59
LARO,Buntine,Canola,Core,7,Bag,4,8
LARO,Buntine,Canola,Core,7,BagSup,1,7
LARO,Buntine,Canola,Core,8,OP,4,56
LARO,Buntine,Canola,Core,8,OPSupp,5,45
LARO,Buntine,Canola,Core,8,Bag,2,12
LARO,Buntine,Canola,Core,8,BagSup,3,25
LARO,Buntine,Canola,Core,9,OP,2,21
LARO,Buntine,Canola,Core,9,OPSupp,1,17
LARO,Buntine,Canola,Core,9,Bag,2,15
LARO,Buntine,Canola,Core,9,BagSup,2,8
LARO,Buntine,Canola,Core,10,OP,4,19
LARO,Buntine,Canola,Core,10,OPSupp,1,7
LARO,Buntine,Canola,Core,10,Bag,1,1
LARO,Buntine,Canola,Core,10,BagSup,NA,NA
LARO,Buntine,Canola,Edge,1,OP,1,6
LARO,Buntine,Canola,Edge,1,OPSupp,3,23
LARO,Buntine,Canola,Edge,1,Bag,1,1
LARO,Buntine,Canola,Edge,1,BagSup,4,13
LARO,Buntine,Canola,Edge,2,OP,NA,NA
LARO,Buntine,Canola,Edge,2,OPSupp,3,22
LARO,Buntine,Canola,Edge,2,Bag,2,5
LARO,Buntine,Canola,Edge,2,BagSup,3,15
LARO,Buntine,Canola,Edge,3,OP,6,30
LARO,Buntine,Canola,Edge,3,OPSupp,3,14
LARO,Buntine,Canola,Edge,3,Bag,2,2
LARO,Buntine,Canola,Edge,3,BagSup,1,9
LARO,Buntine,Canola,Edge,4,OP,1,6
LARO,Buntine,Canola,Edge,4,OPSupp,1,12
LARO,Buntine,Canola,Edge,4,Bag,1,5
LARO,Buntine,Canola,Edge,4,BagSup,1,11
LARO,Buntine,Canola,Edge,5,OP,3,14
LARO,Buntine,Canola,Edge,5,OPSupp,3,23
LARO,Buntine,Canola,Edge,5,Bag,1,0
LARO,Buntine,Canola,Edge,5,BagSup,1,6
LARO,Buntine,Canola,Edge,6,OP,1,5
LARO,Buntine,Canola,Edge,6,OPSupp,1,25
LARO,Buntine,Canola,Edge,6,Bag,1,3
LARO,Buntine,Canola,Edge,6,BagSup,1,8
LARO,Buntine,Canola,Edge,7,OP,1,7
LARO,Buntine,Canola,Edge,7,OPSupp,1,6
LARO,Buntine,Canola,Edge,7,Bag,2,12
LARO,Buntine,Canola,Edge,7,BagSup,1,6
LARO,Buntine,Canola,Edge,8,OP,2,15
LARO,Buntine,Canola,Edge,8,OPSupp,2,12
LARO,Buntine,Canola,Edge,8,Bag,1,0
LARO,Buntine,Canola,Edge,8,BagSup,3,0
LARO,Buntine,Canola,Edge,9,OP,2,11
LARO,Buntine,Canola,Edge,9,OPSupp,2,11
LARO,Buntine,Canola,Edge,9,Bag,2,0
LARO,Buntine,Canola,Edge,9,BagSup,2,10
LARO,Buntine,Canola,Edge,10,OP,1,6
LARO,Buntine,Canola,Edge,10,OPSupp,2,12
LARO,Buntine,Canola,Edge,10,Bag,1,0
LARO,Buntine,Canola,Edge,10,BagSup,1,7
LARO,Milton,Wheat,Core,1,OP,2,23
LARO,Milton,Wheat,Core,1,OPSupp,1,15
LARO,Milton,Wheat,Core,1,Bag,1,0
LARO,Milton,Wheat,Core,1,BagSup,1,4
LARO,Milton,Wheat,Core,2,OP,4,42
LARO,Milton,Wheat,Core,2,OPSupp,4,23
LARO,Milton,Wheat,Core,2,Bag,4,4
LARO,Milton,Wheat,Core,2,BagSup,1,8
LARO,Milton,Wheat,Core,3,OP,1,18
LARO,Milton,Wheat,Core,3,OPSupp,1,10
LARO,Milton,Wheat,Core,3,Bag,1,5
LARO,Milton,Wheat,Core,3,BagSup,1,16
LARO,Milton,Wheat,Core,4,OP,1,1
LARO,Milton,Wheat,Core,4,OPSupp,1,0
LARO,Milton,Wheat,Core,4,Bag,2,0
LARO,Milton,Wheat,Core,4,BagSup,2,21
LARO,Milton,Wheat,Core,5,OP,2,23
LARO,Milton,Wheat,Core,5,OPSupp,3,40
LARO,Milton,Wheat,Core,5,Bag,2,9
LARO,Milton,Wheat,Core,5,BagSup,3,27
LARO,Milton,Wheat,Core,6,OP,1,12
LARO,Milton,Wheat,Core,6,OPSupp,1,7
LARO,Milton,Wheat,Core,6,Bag,2,1
LARO,Milton,Wheat,Core,6,BagSup,5,30
LARO,Milton,Wheat,Core,7,OP,1,12
LARO,Milton,Wheat,Core,7,OPSupp,1,20
LARO,Milton,Wheat,Core,7,Bag,1,4
LARO,Milton,Wheat,Core,7,BagSup,1,6
LARO,Milton,Wheat,Core,8,OP,1,5
LARO,Milton,Wheat,Core,8,OPSupp,1,3
LARO,Milton,Wheat,Core,8,Bag,1,0
LARO,Milton,Wheat,Core,8,BagSup,1,6
LARO,Milton,Wheat,Core,9,OP,1,26
LARO,Milton,Wheat,Core,9,OPSupp,3,41
LARO,Milton,Wheat,Core,9,Bag,1,0
LARO,Milton,Wheat,Core,9,BagSup,1,8
LARO,Milton,Wheat,Core,10,OP,7,57
LARO,Milton,Wheat,Core,10,OPSupp,4,56
LARO,Milton,Wheat,Core,10,Bag,2,2
LARO,Milton,Wheat,Core,10,BagSup,3,33
LARO,Milton,Wheat,Edge,1,OP,2/8f,27
LARO,Milton,Wheat,Edge,1,OPSupp,1,11
LARO,Milton,Wheat,Edge,1,Bag,4,0
LARO,Milton,Wheat,Edge,1,BagSup,4,24
LARO,Milton,Wheat,Edge,2,OP,3,54
LARO,Milton,Wheat,Edge,2,OPSupp,3,47
LARO,Milton,Wheat,Edge,2,Bag,3,0
LARO,Milton,Wheat,Edge,2,BagSup,2,31
LARO,Milton,Wheat,Edge,3,OP,9,175
LARO,Milton,Wheat,Edge,3,OPSupp,5,106
LARO,Milton,Wheat,Edge,3,Bag,3,2
LARO,Milton,Wheat,Edge,3,BagSup,8,54
LARO,Milton,Wheat,Edge,4,OP,2,47
LARO,Milton,Wheat,Edge,4,OPSupp,1,10
LARO,Milton,Wheat,Edge,4,Bag,2,0
LARO,Milton,Wheat,Edge,4,BagSup,2,20
LARO,Milton,Wheat,Edge,5,OP,3,34
LARO,Milton,Wheat,Edge,5,OPSupp,8,77
LARO,Milton,Wheat,Edge,5,Bag,6,16
LARO,Milton,Wheat,Edge,5,BagSup,10,69
LARO,Milton,Wheat,Edge,6,OP,2,27
LARO,Milton,Wheat,Edge,6,OPSupp,1,28
LARO,Milton,Wheat,Edge,6,Bag,7,5
LARO,Milton,Wheat,Edge,6,BagSup,1,17
LARO,Milton,Wheat,Edge,7,OP,1,29
LARO,Milton,Wheat,Edge,7,OPSupp,2,21
LARO,Milton,Wheat,Edge,7,Bag,1,1
LARO,Milton,Wheat,Edge,7,BagSup,1,11
LARO,Milton,Wheat,Edge,8,OP,2,27
LARO,Milton,Wheat,Edge,8,OPSupp,3,35
LARO,Milton,Wheat,Edge,8,Bag,3,12
LARO,Milton,Wheat,Edge,8,BagSup,4,62
LARO,Milton,Wheat,Edge,9,OP,2,21
LARO,Milton,Wheat,Edge,9,OPSupp,3,27
LARO,Milton,Wheat,Edge,9,Bag,1,1
LARO,Milton,Wheat,Edge,9,BagSup,1,15
LARO,Milton,Wheat,Edge,10,OP,7,70
LARO,Milton,Wheat,Edge,10,OPSupp,8,99
LARO,Milton,Wheat,Edge,10,Bag,5,14
LARO,Milton,Wheat,Edge,10,BagSup,2,36
LARO,XantippeTank,Canola,Core,1,OP,1,7
LARO,XantippeTank,Canola,Core,1,OPSupp,1,6
LARO,XantippeTank,Canola,Core,1,Bag,2,2
LARO,XantippeTank,Canola,Core,1,BagSup,1,2
LARO,XantippeTank,Canola,Core,2,OP,2,12
LARO,XantippeTank,Canola,Core,2,OPSupp,1,4
LARO,XantippeTank,Canola,Core,2,Bag,1,1
LARO,XantippeTank,Canola,Core,2,BagSup,1,1
LARO,XantippeTank,Canola,Core,3,OP,2,20
LARO,XantippeTank,Canola,Core,3,OPSupp,1,7
LARO,XantippeTank,Canola,Core,3,Bag,1,0
LARO,XantippeTank,Canola,Core,3,BagSup,1,0
LARO,XantippeTank,Canola,Core,4,OP,1,8
LARO,XantippeTank,Canola,Core,4,OPSupp,2,6
LARO,XantippeTank,Canola,Core,4,Bag,2,2
LARO,XantippeTank,Canola,Core,4,BagSup,1,16
LARO,XantippeTank,Canola,Core,5,OP,2,15
LARO,XantippeTank,Canola,Core,5,OPSupp,2,13
LARO,XantippeTank,Canola,Core,5,Bag,2,2
LARO,XantippeTank,Canola,Core,5,BagSup,2,7
LARO,XantippeTank,Canola,Core,6,OP,1,12
LARO,XantippeTank,Canola,Core,6,OPSupp,1,5
LARO,XantippeTank,Canola,Core,6,Bag,1,1
LARO,XantippeTank,Canola,Core,6,BagSup,1,5
LARO,XantippeTank,Canola,Core,7,OP,2,25
LARO,XantippeTank,Canola,Core,7,OPSupp,2,14
LARO,XantippeTank,Canola,Core,7,Bag,3,13
LARO,XantippeTank,Canola,Core,7,BagSup,3,8
LARO,XantippeTank,Canola,Core,8,OP,4,14
LARO,XantippeTank,Canola,Core,8,OPSupp,3,56
LARO,XantippeTank,Canola,Core,8,Bag,5,1
LARO,XantippeTank,Canola,Core,8,BagSup,3,0
LARO,XantippeTank,Canola,Core,9,OP,2,17
LARO,XantippeTank,Canola,Core,9,OPSupp,2,29
LARO,XantippeTank,Canola,Core,9,Bag,2,0
LARO,XantippeTank,Canola,Core,9,BagSup,3,3
LARO,XantippeTank,Canola,Core,10,OP,3,44
LARO,XantippeTank,Canola,Core,10,OPSupp,3,33
LARO,XantippeTank,Canola,Core,10,Bag,3,5
LARO,XantippeTank,Canola,Core,10,BagSup,2,9
LARO,XantippeTank,Canola,Edge,1,OP,3,17
LARO,XantippeTank,Canola,Edge,1,OPSupp,3,28
LARO,XantippeTank,Canola,Edge,1,Bag,3,0
LARO,XantippeTank,Canola,Edge,1,BagSup,3,1
LARO,XantippeTank,Canola,Edge,2,OP,3,30
LARO,XantippeTank,Canola,Edge,2,OPSupp,3,20
LARO,XantippeTank,Canola,Edge,2,Bag,4,7
LARO,XantippeTank,Canola,Edge,2,BagSup,7,22
LARO,XantippeTank,Canola,Edge,3,OP,4,43
LARO,XantippeTank,Canola,Edge,3,OPSupp,3,29
LARO,XantippeTank,Canola,Edge,3,Bag,3,9
LARO,XantippeTank,Canola,Edge,3,BagSup,2,2
LARO,XantippeTank,Canola,Edge,4,OP,3,37
LARO,XantippeTank,Canola,Edge,4,OPSupp,1,14
LARO,XantippeTank,Canola,Edge,4,Bag,2,0
LARO,XantippeTank,Canola,Edge,4,BagSup,5,4
LARO,XantippeTank,Canola,Edge,5,OP,2,13
LARO,XantippeTank,Canola,Edge,5,OPSupp,3,31
LARO,XantippeTank,Canola,Edge,5,Bag,3,0
LARO,XantippeTank,Canola,Edge,5,BagSup,3,19
LARO,XantippeTank,Canola,Edge,6,OP,1,9
LARO,XantippeTank,Canola,Edge,6,OPSupp,1,11
LARO,XantippeTank,Canola,Edge,6,Bag,2,0
LARO,XantippeTank,Canola,Edge,6,BagSup,2,5
LARO,XantippeTank,Canola,Edge,7,OP,3,33
LARO,XantippeTank,Canola,Edge,7,OPSupp,3,60
LARO,XantippeTank,Canola,Edge,7,Bag,4,4
LARO,XantippeTank,Canola,Edge,7,BagSup,3,12
LARO,XantippeTank,Canola,Edge,8,OP,2,30
LARO,XantippeTank,Canola,Edge,8,OPSupp,3,63
LARO,XantippeTank,Canola,Edge,8,Bag,6,0
LARO,XantippeTank,Canola,Edge,8,BagSup,6,7
LARO,XantippeTank,Canola,Edge,9,OP,4,49
LARO,XantippeTank,Canola,Edge,9,OPSupp,4,59
LARO,XantippeTank,Canola,Edge,9,Bag,5,6
LARO,XantippeTank,Canola,Edge,9,BagSup,6,14
LARO,XantippeTank,Canola,Edge,10,OP,3,18
LARO,XantippeTank,Canola,Edge,10,OPSupp,3,64
LARO,XantippeTank,Canola,Edge,10,Bag,3,4
LARO,XantippeTank,Canola,Edge,10,BagSup,3,0
LARO,XantippeEast,Wheat,Edge,1,OP,1,5
LARO,XantippeEast,Wheat,Edge,1,OPSupp,1,8
LARO,XantippeEast,Wheat,Edge,1,Bag,2,1
LARO,XantippeEast,Wheat,Edge,1,BagSup,1,8
LARO,XantippeEast,Wheat,Edge,2,OP,3,20
LARO,XantippeEast,Wheat,Edge,2,OPSupp,1,17
LARO,XantippeEast,Wheat,Edge,2.2,OPSupp,2,28
LARO,XantippeEast,Wheat,Edge,2,Bag,1,0
LARO,XantippeEast,Wheat,Edge,2,BagSup,3,27
LARO,XantippeEast,Wheat,Edge,3,OP,1,12
LARO,XantippeEast,Wheat,Edge,3,OPSupp,1,16
LARO,XantippeEast,Wheat,Edge,3,Bag,1,1
LARO,XantippeEast,Wheat,Edge,3,BagSup,1,10
LARO,XantippeEast,Wheat,Edge,4,OP,2,21
LARO,XantippeEast,Wheat,Edge,4,OPSupp,2,24
LARO,XantippeEast,Wheat,Edge,4,Bag,1,0
LARO,XantippeEast,Wheat,Edge,4,BagSup,1,11
LARO,XantippeEast,Wheat,Edge,5,OP,1,14
LARO,XantippeEast,Wheat,Edge,5,OPSupp,1,21
LARO,XantippeEast,Wheat,Edge,5,Bag,1,3
LARO,XantippeEast,Wheat,Edge,5,BagSup,1,7
LARO,XantippeEast,Wheat,Edge,6,OP,1,14
LARO,XantippeEast,Wheat,Edge,6,OPSupp,3,19
LARO,XantippeEast,Wheat,Edge,6,Bag,3,0
LARO,XantippeEast,Wheat,Edge,6,BagSup,1,5
LARO,XantippeEast,Wheat,Edge,7,OP,1,2
LARO,XantippeEast,Wheat,Edge,7,OPSupp,1,20
LARO,XantippeEast,Wheat,Edge,7,Bag,1,0
LARO,XantippeEast,Wheat,Edge,7,BagSup,1,0
LARO,XantippeEast,Wheat,Edge,8,OP,1,5
LARO,XantippeEast,Wheat,Edge,8,OPSupp,1,15
LARO,XantippeEast,Wheat,Edge,8,Bag,1,5
LARO,XantippeEast,Wheat,Edge,8,BagSup,1,6
LARO,XantippeEast,Wheat,Edge,9,OP,1,14
LARO,XantippeEast,Wheat,Edge,9,OPSupp,1,10
LARO,XantippeEast,Wheat,Edge,9,Bag,1,0
LARO,XantippeEast,Wheat,Edge,9,BagSup,2,21
LARO,XantippeEast,Wheat,Edge,10,OP,1,5
LARO,XantippeEast,Wheat,Edge,10,OPSupp,1,12
LARO,XantippeEast,Wheat,Edge,10,Bag,3,5
LARO,XantippeEast,Wheat,Edge,10,BagSup,1,3
LARO,XantippeEast,Wheat,Core,1,OP,2,23
LARO,XantippeEast,Wheat,Core,1,OPSupp,3,29
LARO,XantippeEast,Wheat,Core,1,Bag,2,1
LARO,XantippeEast,Wheat,Core,1,BagSup,2,27
LARO,XantippeEast,Wheat,Core,2,OP,3,33
LARO,XantippeEast,Wheat,Core,2,OPSupp,3,36
LARO,XantippeEast,Wheat,Core,2,Bag,1,0
LARO,XantippeEast,Wheat,Core,2,BagSup,1,13
LARO,XantippeEast,Wheat,Core,3,OP,1,0
LARO,XantippeEast,Wheat,Core,3,OPSupp,1,12
LARO,XantippeEast,Wheat,Core,3,Bag,1,0
LARO,XantippeEast,Wheat,Core,3,BagSup,1,5
LARO,XantippeEast,Wheat,Core,4,OP,1,4
LARO,XantippeEast,Wheat,Core,4,OPSupp,1,0
LARO,XantippeEast,Wheat,Core,4,Bag,1,1
LARO,XantippeEast,Wheat,Core,4,BagSup,1,0
LARO,XantippeEast,Wheat,Core,5,OP,3,37
LARO,XantippeEast,Wheat,Core,5,OPSupp,2,20
LARO,XantippeEast,Wheat,Core,5,Bag,2,10
LARO,XantippeEast,Wheat,Core,5,BagSup,4,64
LARO,XantippeEast,Wheat,Core,6,OP,2,16
LARO,XantippeEast,Wheat,Core,6,OPSupp,2,33
LARO,XantippeEast,Wheat,Core,6,Bag,3,0
LARO,XantippeEast,Wheat,Core,6,BagSup,2,18
LARO,XantippeEast,Wheat,Core,7,OP,1,4
LARO,XantippeEast,Wheat,Core,7,OPSupp,1,10
LARO,XantippeEast,Wheat,Core,7,Bag,10,4
LARO,XantippeEast,Wheat,Core,7,BagSup,1,2
LARO,XantippeEast,Wheat,Core,8,OP,1,6
LARO,XantippeEast,Wheat,Core,8,OPSupp,1,6
LARO,XantippeEast,Wheat,Core,8,Bag,1,6
LARO,XantippeEast,Wheat,Core,8,BagSup,1,2
LARO,XantippeEast,Wheat,Core,9,OP,2,12
LARO,XantippeEast,Wheat,Core,9,OPSupp,3,25
LARO,XantippeEast,Wheat,Core,9,Bag,3,2
LARO,XantippeEast,Wheat,Core,9,BagSup,2,10
LARO,XantippeEast,Wheat,Core,10,OP,3,54
LARO,XantippeEast,Wheat,Core,10,OPSupp,3,38
LARO,XantippeEast,Wheat,Core,10,Bag,5,19
LARO,XantippeEast,Wheat,Core,10,BagSup,2,0
LARO,MayaPrivate,Canola,Edge,1,OP,1,10
LARO,MayaPrivate,Canola,Edge,1,OPSupp,1,12
LARO,MayaPrivate,Canola,Edge,1,Bag,3,8
LARO,MayaPrivate,Canola,Edge,1,BagSup,1,6
LARO,MayaPrivate,Canola,Edge,2,OP,3,0
LARO,MayaPrivate,Canola,Edge,2,OPSupp,4,43
LARO,MayaPrivate,Canola,Edge,2,Bag,3,6
LARO,MayaPrivate,Canola,Edge,2,BagSup,5,21
LARO,MayaPrivate,Canola,Edge,3,OP,1,8
LARO,MayaPrivate,Canola,Edge,3,OPSupp,2,18
LARO,MayaPrivate,Canola,Edge,3,Bag,1,0
LARO,MayaPrivate,Canola,Edge,3,BagSup,1,0
LARO,MayaPrivate,Canola,Edge,4,OP,3,29
LARO,MayaPrivate,Canola,Edge,4,OPSupp,2,14
LARO,MayaPrivate,Canola,Edge,4,Bag,4,4
LARO,MayaPrivate,Canola,Edge,4,BagSup,3,12
LARO,MayaPrivate,Canola,Edge,5,OP,3,28
LARO,MayaPrivate,Canola,Edge,5,OPSupp,3,37
LARO,MayaPrivate,Canola,Edge,5,Bag,3,19
LARO,MayaPrivate,Canola,Edge,5,BagSup,5,42
LARO,MayaPrivate,Canola,Edge,6,OP,5,36
LARO,MayaPrivate,Canola,Edge,6,OPSupp,3,47
LARO,MayaPrivate,Canola,Edge,6,Bag,11,12
LARO,MayaPrivate,Canola,Edge,6,BagSup,4,37
LARO,MayaPrivate,Canola,Edge,7,OP,1,6
LARO,MayaPrivate,Canola,Edge,7,OPSupp,1,8
LARO,MayaPrivate,Canola,Edge,7,Bag,3,3
LARO,MayaPrivate,Canola,Edge,7,BagSup,1,0
LARO,MayaPrivate,Canola,Edge,8,OP,2,11
LARO,MayaPrivate,Canola,Edge,8,OPSupp,1,10
LARO,MayaPrivate,Canola,Edge,8,Bag,1,2
LARO,MayaPrivate,Canola,Edge,8,BagSup,2,5
LARO,MayaPrivate,Canola,Edge,9,OP,2,17
LARO,MayaPrivate,Canola,Edge,9,OPSupp,3,36
LARO,MayaPrivate,Canola,Edge,9,Bag,2,10
LARO,MayaPrivate,Canola,Edge,9,BagSup,3,24
LARO,MayaPrivate,Canola,Edge,10,OP,1,0
LARO,MayaPrivate,Canola,Edge,10,OPSupp,1,18
LARO,MayaPrivate,Canola,Edge,10,Bag,3,2
LARO,MayaPrivate,Canola,Edge,10,BagSup,1,17
LARO,MayaPrivate,Canola,Core,1,OP,2,4
LARO,MayaPrivate,Canola,Core,1,OPSupp,1,20
LARO,MayaPrivate,Canola,Core,1,Bag,3,6
LARO,MayaPrivate,Canola,Core,1,BagSup,3,25
LARO,MayaPrivate,Canola,Core,2,OP,4,55
LARO,MayaPrivate,Canola,Core,2,OPSupp,6,87
LARO,MayaPrivate,Canola,Core,2,Bag,4,29
LARO,MayaPrivate,Canola,Core,2,BagSup,6,86
LARO,MayaPrivate,Canola,Core,3,OP,4,82
LARO,MayaPrivate,Canola,Core,3,OPSupp,4,28
LARO,MayaPrivate,Canola,Core,3,Bag,4,8
LARO,MayaPrivate,Canola,Core,3,BagSup,4,21
LARO,MayaPrivate,Canola,Core,4,OP,5,60
LARO,MayaPrivate,Canola,Core,4,OPSupp,3,46
LARO,MayaPrivate,Canola,Core,4,Bag,3,12
LARO,MayaPrivate,Canola,Core,4,BagSup,2,16
LARO,MayaPrivate,Canola,Core,5,OP,2,20
LARO,MayaPrivate,Canola,Core,5,OPSupp,2,18
LARO,MayaPrivate,Canola,Core,5,Bag,4,58
LARO,MayaPrivate,Canola,Core,5,BagSup,3,36
LARO,MayaPrivate,Canola,Core,6,OP,1,7
LARO,MayaPrivate,Canola,Core,6,OPSupp,1,7
LARO,MayaPrivate,Canola,Core,6,Bag,1,4
LARO,MayaPrivate,Canola,Core,6,BagSup,1,3
LARO,MayaPrivate,Canola,Core,7,OP,3,36
LARO,MayaPrivate,Canola,Core,7,OPSupp,3,28
LARO,MayaPrivate,Canola,Core,7,Bag,2,1
LARO,MayaPrivate,Canola,Core,7,BagSup,2,20
LARO,MayaPrivate,Canola,Core,8,OP,4,50
LARO,MayaPrivate,Canola,Core,8,OPSupp,2,22
LARO,MayaPrivate,Canola,Core,8,Bag,3,22
LARO,MayaPrivate,Canola,Core,8,BagSup,2,9
LARO,MayaPrivate,Canola,Core,9,OP,3,40
LARO,MayaPrivate,Canola,Core,9,OPSupp,4,19
LARO,MayaPrivate,Canola,Core,9,Bag,4,30
LARO,MayaPrivate,Canola,Core,9,BagSup,4,1
LARO,MayaPrivate,Canola,Core,10,OP,2,9
LARO,MayaPrivate,Canola,Core,10,OPSupp,3,20
LARO,MayaPrivate,Canola,Core,10,Bag,6,1
LARO,MayaPrivate,Canola,Core,10,BagSup,2,9
GORO,Milton,Wheat,Edge,1,OP,29,29
GORO,Milton,Wheat,Edge,1,OPSupp,27,27
GORO,Milton,Wheat,Edge,1,Bag,54,54
GORO,Milton,Wheat,Edge,1,BagSup,51,51
GORO,Milton,Wheat,Edge,2,OP,103,103
GORO,Milton,Wheat,Edge,2,OPSupp,33,33
GORO,Milton,Wheat,Edge,2,Bag,11,11
GORO,Milton,Wheat,Edge,2,BagSup,69,69
GORO,Milton,Wheat,Edge,3,OP,53,53
GORO,Milton,Wheat,Edge,3,OPSupp,76,76
GORO,Milton,Wheat,Edge,3,Bag,30,30
GORO,Milton,Wheat,Edge,3,BagSup,23,23
GORO,Milton,Wheat,Edge,4,OP,27,27
GORO,Milton,Wheat,Edge,4,OPSupp,47,47
GORO,Milton,Wheat,Edge,4,Bag,14,14
GORO,Milton,Wheat,Edge,4,BagSup,14,14
GORO,Milton,Wheat,Edge,5,OP,29,29
GORO,Milton,Wheat,Edge,5,OPSupp,45,45
GORO,Milton,Wheat,Edge,5,Bag,17,17
GORO,Milton,Wheat,Edge,5,BagSup,19,19
GORO,Milton,Wheat,Edge,6,OP,39,39
GORO,Milton,Wheat,Edge,6,OPSupp,45,45
GORO,Milton,Wheat,Edge,6,Bag,21,21
GORO,Milton,Wheat,Edge,6,BagSup,30,30
GORO,Milton,Wheat,Edge,7,OP,117,117
GORO,Milton,Wheat,Edge,7,OPSupp,181,181
GORO,Milton,Wheat,Edge,7,Bag,16,16
GORO,Milton,Wheat,Edge,7,BagSup,58,58
GORO,Milton,Wheat,Edge,8,OP,78,78
GORO,Milton,Wheat,Edge,8,OPSupp,50,50
GORO,Milton,Wheat,Edge,8,Bag,37,37
GORO,Milton,Wheat,Edge,8,BagSup,28,28
GORO,Milton,Wheat,Edge,9,OP,70,70
GORO,Milton,Wheat,Edge,9,OPSupp,137,137
GORO,Milton,Wheat,Edge,9,Bag,70,70
GORO,Milton,Wheat,Edge,9,BagSup,123,123
GORO,Milton,Wheat,Edge,10,OP,NA,NA
GORO,Milton,Wheat,Edge,10.2,OP,160,160
GORO,Milton,Wheat,Edge,10,OPSupp,NA,NA
GORO,Milton,Wheat,Edge,10,Bag,28,28
GORO,Milton,Wheat,Edge,10,BagSup,140,140
GORO,Milton,Wheat,Core,1,OP,88,88
GORO,Milton,Wheat,Core,1,OPSupp,200,200
GORO,Milton,Wheat,Core,1,Bag,58,58
GORO,Milton,Wheat,Core,1,BagSup,62,62
GORO,Milton,Wheat,Core,2,OP,174,174
GORO,Milton,Wheat,Core,2,OPSupp,139,139
GORO,Milton,Wheat,Core,2,Bag,224,224
GORO,Milton,Wheat,Core,2,BagSup,141,141
GORO,Milton,Wheat,Core,3,OP,55,55
GORO,Milton,Wheat,Core,3,OPSupp,42,42
GORO,Milton,Wheat,Core,3,Bag,52,52
GORO,Milton,Wheat,Core,3,BagSup,56,56
GORO,Milton,Wheat,Core,4,OP,250,250
GORO,Milton,Wheat,Core,4,OPSupp,128,128
GORO,Milton,Wheat,Core,4,Bag,169,169
GORO,Milton,Wheat,Core,4,BagSup,96,96
GORO,Milton,Wheat,Core,5,OP,115,115
GORO,Milton,Wheat,Core,5,OPSupp,95,95
GORO,Milton,Wheat,Core,5,Bag,48,48
GORO,Milton,Wheat,Core,5,BagSup,141,141
GORO,Milton,Wheat,Core,6,OP,50,50
GORO,Milton,Wheat,Core,6,OPSupp,162,162
GORO,Milton,Wheat,Core,6,Bag,28,28
GORO,Milton,Wheat,Core,6,BagSup,25,25
GORO,Milton,Wheat,Core,7,OP,36,36
GORO,Milton,Wheat,Core,7,OPSupp,111,111
GORO,Milton,Wheat,Core,7,Bag,28,28
GORO,Milton,Wheat,Core,7,BagSup,38,38
GORO,Milton,Wheat,Core,8,OP,27,27
GORO,Milton,Wheat,Core,8,OPSupp,44,44
GORO,Milton,Wheat,Core,8,Bag,18,18
GORO,Milton,Wheat,Core,8,BagSup,27,27
GORO,Milton,Wheat,Core,9,OP,22,22
GORO,Milton,Wheat,Core,9,OPSupp,41,41
GORO,Milton,Wheat,Core,9,Bag,33,33
GORO,Milton,Wheat,Core,9,BagSup,38,38
GORO,Milton,Wheat,Core,10,OP,57,57
GORO,Milton,Wheat,Core,10,OPSupp,111,111
GORO,Milton,Wheat,Core,10,Bag,52,52
GORO,Milton,Wheat,Core,10,BagSup,85,85
GORO,MayaCorner,Canola,Edge,1,OP,54,54
GORO,MayaCorner,Canola,Edge,1,OPSupp,152,152
GORO,MayaCorner,Canola,Edge,1,Bag,157,157
GORO,MayaCorner,Canola,Edge,1,BagSup,129,129
GORO,MayaCorner,Canola,Edge,2,OP,109,109
GORO,MayaCorner,Canola,Edge,2,OPSupp,47,47
GORO,MayaCorner,Canola,Edge,2,Bag,72,72
GORO,MayaCorner,Canola,Edge,2,BagSup,98,98
GORO,MayaCorner,Canola,Edge,3,OP,70,70
GORO,MayaCorner,Canola,Edge,3,OPSupp,109,109
GORO,MayaCorner,Canola,Edge,3,Bag,42,42
GORO,MayaCorner,Canola,Edge,3,BagSup,69,69
GORO,MayaCorner,Canola,Edge,4,OP,84,84
GORO,MayaCorner,Canola,Edge,4,OPSupp,138,138
GORO,MayaCorner,Canola,Edge,4,Bag,72,72
GORO,MayaCorner,Canola,Edge,4,BagSup,41,41
GORO,MayaCorner,Canola,Edge,5,OP,86,86
GORO,MayaCorner,Canola,Edge,5,OPSupp,81,81
GORO,MayaCorner,Canola,Edge,5,Bag,75,75
GORO,MayaCorner,Canola,Edge,5,BagSup,56,56
GORO,MayaCorner,Canola,Edge,6,OP,62,62
GORO,MayaCorner,Canola,Edge,6,OPSupp,177,177
GORO,MayaCorner,Canola,Edge,6,Bag,90,90
GORO,MayaCorner,Canola,Edge,6,BagSup,222,222
GORO,MayaCorner,Canola,Edge,7,OP,154,154
GORO,MayaCorner,Canola,Edge,7,OPSupp,64,64
GORO,MayaCorner,Canola,Edge,7,Bag,45,45
GORO,MayaCorner,Canola,Edge,7,BagSup,70,70
GORO,MayaCorner,Canola,Edge,8,OP,285,285
GORO,MayaCorner,Canola,Edge,8,OPSupp,139,139
GORO,MayaCorner,Canola,Edge,8,Bag,83,83
GORO,MayaCorner,Canola,Edge,8,BagSup,118,118
GORO,MayaCorner,Canola,Edge,9,OP,124,124
GORO,MayaCorner,Canola,Edge,9,OPSupp,220,220
GORO,MayaCorner,Canola,Edge,9,Bag,36,36
GORO,MayaCorner,Canola,Edge,9,BagSup,95,95
GORO,MayaCorner,Canola,Edge,10,OP,11,11
GORO,MayaCorner,Canola,Edge,10,OPSupp,50,50
GORO,MayaCorner,Canola,Edge,10,Bag,46,46
GORO,MayaCorner,Canola,Edge,10,BagSup,52,52
GORO,MayaCorner,Canola,Core,1,OP,63,63
GORO,MayaCorner,Canola,Core,1,OPSupp,65,65
GORO,MayaCorner,Canola,Core,1,Bag,49,49
GORO,MayaCorner,Canola,Core,1,BagSup,33,33
GORO,MayaCorner,Canola,Core,2,OP,56,56
GORO,MayaCorner,Canola,Core,2,OPSupp,112,112
GORO,MayaCorner,Canola,Core,2,Bag,48,48
GORO,MayaCorner,Canola,Core,2,BagSup,19,19
GORO,MayaCorner,Canola,Core,3,OP,89,89
GORO,MayaCorner,Canola,Core,3,OPSupp,44,44
GORO,MayaCorner,Canola,Core,3,Bag,38,38
GORO,MayaCorner,Canola,Core,3,BagSup,101,101
GORO,MayaCorner,Canola,Core,4,OP,101,101
GORO,MayaCorner,Canola,Core,4,OPSupp,75,75
GORO,MayaCorner,Canola,Core,4,Bag,66,66
GORO,MayaCorner,Canola,Core,4,BagSup,67,67
GORO,MayaCorner,Canola,Core,5,OP,27,27
GORO,MayaCorner,Canola,Core,5,OPSupp,34,34
GORO,MayaCorner,Canola,Core,5,Bag,18,18
GORO,MayaCorner,Canola,Core,5,BagSup,24,24
GORO,MayaCorner,Canola,Core,6,OP,67,67
GORO,MayaCorner,Canola,Core,6,OPSupp,213,213
GORO,MayaCorner,Canola,Core,6,Bag,125,125
GORO,MayaCorner,Canola,Core,6,BagSup,98,98
GORO,MayaCorner,Canola,Core,7,OP,58,58
GORO,MayaCorner,Canola,Core,7,OPSupp,49,49
GORO,MayaCorner,Canola,Core,7,Bag,194,194
GORO,MayaCorner,Canola,Core,7,BagSup,60,60
GORO,MayaCorner,Canola,Core,8,OP,59,59
GORO,MayaCorner,Canola,Core,8,OPSupp,54,54
GORO,MayaCorner,Canola,Core,8,Bag,52,52
GORO,MayaCorner,Canola,Core,8,BagSup,39,39
GORO,MayaCorner,Canola,Core,9,OP,90,90
GORO,MayaCorner,Canola,Core,9,OPSupp,104,104
GORO,MayaCorner,Canola,Core,9,Bag,68,68
GORO,MayaCorner,Canola,Core,9,BagSup,112,112
GORO,MayaCorner,Canola,Core,10,OP,87,87
GORO,MayaCorner,Canola,Core,10,OPSupp,159,159
GORO,MayaCorner,Canola,Core,10,Bag,70,70
GORO,MayaCorner,Canola,Core,10,BagSup,94,94
GORO,Rectangle,Canola,Edge,1,OP,48,48
GORO,Rectangle,Canola,Edge,1,OPSupp,91,91
GORO,Rectangle,Canola,Edge,1,Bag,22,22
GORO,Rectangle,Canola,Edge,1,BagSup,73,73
GORO,Rectangle,Canola,Edge,2,OP,67,67
GORO,Rectangle,Canola,Edge,2,OPSupp,85,85
GORO,Rectangle,Canola,Edge,2,Bag,17,17
GORO,Rectangle,Canola,Edge,2,BagSup,25,25
GORO,Rectangle,Canola,Edge,3,OP,403,403
GORO,Rectangle,Canola,Edge,3,OPSupp,82,82
GORO,Rectangle,Canola,Edge,3,Bag,139,139
GORO,Rectangle,Canola,Edge,3,BagSup,116,116
GORO,Rectangle,Canola,Edge,4,OP,107,107
GORO,Rectangle,Canola,Edge,4,OPSupp,137,137
GORO,Rectangle,Canola,Edge,4,Bag,45,45
GORO,Rectangle,Canola,Edge,4,BagSup,41,41
GORO,Rectangle,Canola,Edge,5,OP,78,78
GORO,Rectangle,Canola,Edge,5,OPSupp,90,90
GORO,Rectangle,Canola,Edge,5,Bag,44,44
GORO,Rectangle,Canola,Edge,5,BagSup,43,43
GORO,Rectangle,Canola,Edge,6,OP,53,53
GORO,Rectangle,Canola,Edge,6,OPSupp,40,40
GORO,Rectangle,Canola,Edge,6,Bag,13,13
GORO,Rectangle,Canola,Edge,6,BagSup,35,35
GORO,Rectangle,Canola,Edge,7,OP,41,41
GORO,Rectangle,Canola,Edge,7,OPSupp,35,35
GORO,Rectangle,Canola,Edge,7,Bag,17,17
GORO,Rectangle,Canola,Edge,7,BagSup,70,70
GORO,Rectangle,Canola,Edge,8,OP,24,24
GORO,Rectangle,Canola,Edge,8,OPSupp,17,17
GORO,Rectangle,Canola,Edge,8,Bag,15,15
GORO,Rectangle,Canola,Edge,8,BagSup,27,27
GORO,Rectangle,Canola,Edge,9,OP,76,76
GORO,Rectangle,Canola,Edge,9,OPSupp,490,490
GORO,Rectangle,Canola,Edge,9,Bag,18,18
GORO,Rectangle,Canola,Edge,9,BagSup,143,143
GORO,Rectangle,Canola,Edge,10,OP,91,91
GORO,Rectangle,Canola,Edge,10,OPSupp,156,156
GORO,Rectangle,Canola,Edge,10,Bag,168,168
GORO,Rectangle,Canola,Edge,10,BagSup,56,56
GORO,Rectangle,Canola,Core,1,OP,24,24
GORO,Rectangle,Canola,Core,1,OPSupp,66,66
GORO,Rectangle,Canola,Core,1,Bag,23,23
GORO,Rectangle,Canola,Core,1,BagSup,24,24
GORO,Rectangle,Canola,Core,2,OP,61,61
GORO,Rectangle,Canola,Core,2,OPSupp,99,99
GORO,Rectangle,Canola,Core,2,Bag,111,111
GORO,Rectangle,Canola,Core,2,BagSup,65,65
GORO,Rectangle,Canola,Core,3,OP,77,77
GORO,Rectangle,Canola,Core,3,OPSupp,169,169
GORO,Rectangle,Canola,Core,3,Bag,39,39
GORO,Rectangle,Canola,Core,3,BagSup,101,101
GORO,Rectangle,Canola,Core,4,OP,64,64
GORO,Rectangle,Canola,Core,4,OPSupp,104,104
GORO,Rectangle,Canola,Core,4,Bag,77,77
GORO,Rectangle,Canola,Core,4,BagSup,81,81
GORO,Rectangle,Canola,Core,5,OP,192,192
GORO,Rectangle,Canola,Core,5,OPSupp,412,412
GORO,Rectangle,Canola,Core,5,Bag,147,147
GORO,Rectangle,Canola,Core,5,BagSup,212,212
GORO,Rectangle,Canola,Core,6,OP,39,39
GORO,Rectangle,Canola,Core,6,OPSupp,109,109
GORO,Rectangle,Canola,Core,6,Bag,5,5
GORO,Rectangle,Canola,Core,6,BagSup,38,38
GORO,Rectangle,Canola,Core,7,OP,41,41
GORO,Rectangle,Canola,Core,7,OPSupp,56,56
GORO,Rectangle,Canola,Core,7,Bag,46,46
GORO,Rectangle,Canola,Core,7,BagSup,83,83
GORO,Rectangle,Canola,Core,8,OP,20,20
GORO,Rectangle,Canola,Core,8,OPSupp,34,34
GORO,Rectangle,Canola,Core,8,Bag,21,21
GORO,Rectangle,Canola,Core,8,BagSup,29,29
GORO,Rectangle,Canola,Core,9,OP,209,209
GORO,Rectangle,Canola,Core,9,OPSupp,112,112
GORO,Rectangle,Canola,Core,9,Bag,81,81
GORO,Rectangle,Canola,Core,9,BagSup,90,90
GORO,Rectangle,Canola,Core,10,OP,135,135
GORO,Rectangle,Canola,Core,10,OPSupp,101,101
GORO,Rectangle,Canola,Core,10,Bag,128,128
GORO,Rectangle,Canola,Core,10,BagSup,106,106
GORO,Rectangle,Wheat,Edge,1,OP,150,150
GORO,Rectangle,Wheat,Edge,1,OPSupp,267,267
GORO,Rectangle,Wheat,Edge,1,Bag,134,134
GORO,Rectangle,Wheat,Edge,1,BagSup,193,193
GORO,Rectangle,Wheat,Edge,2,OP,20,20
GORO,Rectangle,Wheat,Edge,2,OPSupp,30,30
GORO,Rectangle,Wheat,Edge,2,Bag,16,16
GORO,Rectangle,Wheat,Edge,2,BagSup,43,43
GORO,Rectangle,Wheat,Edge,3,OP,34,34
GORO,Rectangle,Wheat,Edge,3,OPSupp,48,48
GORO,Rectangle,Wheat,Edge,3,Bag,41,41
GORO,Rectangle,Wheat,Edge,3,BagSup,22,22
GORO,Rectangle,Wheat,Edge,4,OP,27,27
GORO,Rectangle,Wheat,Edge,4,OPSupp,30,30
GORO,Rectangle,Wheat,Edge,4,Bag,20,20
GORO,Rectangle,Wheat,Edge,4,BagSup,94,94
GORO,Rectangle,Wheat,Edge,5,OP,33,33
GORO,Rectangle,Wheat,Edge,5,OPSupp,55,55
GORO,Rectangle,Wheat,Edge,5,Bag,54,54
GORO,Rectangle,Wheat,Edge,5,BagSup,43,43
GORO,Rectangle,Wheat,Edge,6,OP,211,211
GORO,Rectangle,Wheat,Edge,6,OPSupp,194,194
GORO,Rectangle,Wheat,Edge,6,Bag,142,142
GORO,Rectangle,Wheat,Edge,6,BagSup,53,53
GORO,Rectangle,Wheat,Edge,7,OP,28,28
GORO,Rectangle,Wheat,Edge,7,OPSupp,64,64
GORO,Rectangle,Wheat,Edge,7,Bag,51,51
GORO,Rectangle,Wheat,Edge,7,BagSup,84,84
GORO,Rectangle,Wheat,Edge,8,OP,33,33
GORO,Rectangle,Wheat,Edge,8,OPSupp,109,109
GORO,Rectangle,Wheat,Edge,8,Bag,88,88
GORO,Rectangle,Wheat,Edge,8,BagSup,107,107
GORO,Rectangle,Wheat,Edge,9,OP,80,80
GORO,Rectangle,Wheat,Edge,9,OPSupp,82,82
GORO,Rectangle,Wheat,Edge,9,Bag,94,94
GORO,Rectangle,Wheat,Edge,9,BagSup,85,85
GORO,Rectangle,Wheat,Edge,10,OP,105,105
GORO,Rectangle,Wheat,Edge,10,OPSupp,57,57
GORO,Rectangle,Wheat,Edge,10.2,OPSupp,39,39
GORO,Rectangle,Wheat,Edge,10,Bag,10,10
GORO,Rectangle,Wheat,Edge,10,BagSup,80,80
GORO,Rectangle,Wheat,Core,1,OP,37,37
GORO,Rectangle,Wheat,Core,1,OPSupp,114,114
GORO,Rectangle,Wheat,Core,1,Bag,150,150
GORO,Rectangle,Wheat,Core,1,BagSup,73,73
GORO,Rectangle,Wheat,Core,2,OP,144,144
GORO,Rectangle,Wheat,Core,2,OPSupp,125,125
GORO,Rectangle,Wheat,Core,2,Bag,125,125
GORO,Rectangle,Wheat,Core,2,BagSup,131,131
GORO,Rectangle,Wheat,Core,3,OP,349,349
GORO,Rectangle,Wheat,Core,3,OPSupp,366,366
GORO,Rectangle,Wheat,Core,3,Bag,67,67
GORO,Rectangle,Wheat,Core,3,BagSup,410,410
GORO,Rectangle,Wheat,Core,4,OP,85,85
GORO,Rectangle,Wheat,Core,4,OPSupp,136,136
GORO,Rectangle,Wheat,Core,4,Bag,169,169
GORO,Rectangle,Wheat,Core,4,BagSup,81,81
GORO,Rectangle,Wheat,Core,5,OP,31,31
GORO,Rectangle,Wheat,Core,5,OPSupp,22,22
GORO,Rectangle,Wheat,Core,5,Bag,10,10
GORO,Rectangle,Wheat,Core,5,BagSup,25,25
GORO,Rectangle,Wheat,Core,6,OP,93,93
GORO,Rectangle,Wheat,Core,6,OPSupp,143,143
GORO,Rectangle,Wheat,Core,6,Bag,55,55
GORO,Rectangle,Wheat,Core,6,BagSup,117,117
GORO,Rectangle,Wheat,Core,7,OP,22,22
GORO,Rectangle,Wheat,Core,7,OPSupp,39,39
GORO,Rectangle,Wheat,Core,7,Bag,19,19
GORO,Rectangle,Wheat,Core,7,BagSup,90,90
GORO,Rectangle,Wheat,Core,8,OP,309,309
GORO,Rectangle,Wheat,Core,8,OPSupp,270,270
GORO,Rectangle,Wheat,Core,8,Bag,115,115
GORO,Rectangle,Wheat,Core,8,BagSup,71,71
GORO,Rectangle,Wheat,Core,9,OP,93,93
GORO,Rectangle,Wheat,Core,9,OPSupp,91,91
GORO,Rectangle,Wheat,Core,9,Bag,65,65
GORO,Rectangle,Wheat,Core,9,BagSup,118,118
GORO,Rectangle,Wheat,Core,10,OP,69,69
GORO,Rectangle,Wheat,Core,10,OPSupp,,
GORO,Rectangle,Wheat,Core,10,Bag,100,100
GORO,Rectangle,Wheat,Core,10,BagSup,,
GORO,XantippeEast,Wheat,Edge,1,OP,72,72
GORO,XantippeEast,Wheat,Edge,1,OPSupp,NA,NA
GORO,XantippeEast,Wheat,Edge,1,Bag,113,113
GORO,XantippeEast,Wheat,Edge,1,BagSup,NA,NA
GORO,XantippeEast,Wheat,Edge,2,OP,NA,NA
GORO,XantippeEast,Wheat,Edge,2,OPSupp,NA,NA
GORO,XantippeEast,Wheat,Edge,2,Bag,NA,NA
GORO,XantippeEast,Wheat,Edge,2,BagSup,NA,NA
GORO,XantippeEast,Wheat,Edge,3,OP,146,146
GORO,XantippeEast,Wheat,Edge,3,OPSupp,245,245
GORO,XantippeEast,Wheat,Edge,3,Bag,38,38
GORO,XantippeEast,Wheat,Edge,3,BagSup,89,89
GORO,XantippeEast,Wheat,Edge,4,OP,69,69
GORO,XantippeEast,Wheat,Edge,4,OPSupp,123,123
GORO,XantippeEast,Wheat,Edge,4,Bag,11,11
GORO,XantippeEast,Wheat,Edge,4,BagSup,52,52
GORO,XantippeEast,Wheat,Edge,5,OP,111,111
GORO,XantippeEast,Wheat,Edge,5,OPSupp,69,69
GORO,XantippeEast,Wheat,Edge,5,Bag,38,38
GORO,XantippeEast,Wheat,Edge,5,BagSup,38,38
GORO,XantippeEast,Wheat,Edge,6,OP,86,86
GORO,XantippeEast,Wheat,Edge,6,OPSupp,57,57
GORO,XantippeEast,Wheat,Edge,6,Bag,22,22
GORO,XantippeEast,Wheat,Edge,6,BagSup,98,98
GORO,XantippeEast,Wheat,Edge,7,OP,55,55
GORO,XantippeEast,Wheat,Edge,7,OPSupp,58,58
GORO,XantippeEast,Wheat,Edge,7,Bag,39,39
GORO,XantippeEast,Wheat,Edge,7,BagSup,82,82
GORO,XantippeEast,Wheat,Edge,8,OP,136,136
GORO,XantippeEast,Wheat,Edge,8,OPSupp,84,84
GORO,XantippeEast,Wheat,Edge,8,Bag,89,89
GORO,XantippeEast,Wheat,Edge,8,BagSup,88,88
GORO,XantippeEast,Wheat,Edge,9,OP,90,90
GORO,XantippeEast,Wheat,Edge,9,OPSupp,134,134
GORO,XantippeEast,Wheat,Edge,9,Bag,77,77
GORO,XantippeEast,Wheat,Edge,9,BagSup,102,102
GORO,XantippeEast,Wheat,Edge,10,OP,81,81
GORO,XantippeEast,Wheat,Edge,10,OPSupp,58,58
GORO,XantippeEast,Wheat,Edge,10,Bag,87,87
GORO,XantippeEast,Wheat,Edge,10,BagSup,74,74
GORO,XantippeEast,Wheat,Core,1,OP,75,75
GORO,XantippeEast,Wheat,Core,1,OPSupp,30,30
GORO,XantippeEast,Wheat,Core,1,Bag,38,38
GORO,XantippeEast,Wheat,Core,1,BagSup,33,33
GORO,XantippeEast,Wheat,Core,2,OP,26,26
GORO,XantippeEast,Wheat,Core,2,OPSupp,47,47
GORO,XantippeEast,Wheat,Core,2,Bag,34,34
GORO,XantippeEast,Wheat,Core,2,BagSup,44,44
GORO,XantippeEast,Wheat,Core,3,OP,61,61
GORO,XantippeEast,Wheat,Core,3,OPSupp,99,99
GORO,XantippeEast,Wheat,Core,3,Bag,85,85
GORO,XantippeEast,Wheat,Core,3,BagSup,45,45
GORO,XantippeEast,Wheat,Core,4,OP,36,36
GORO,XantippeEast,Wheat,Core,4,OPSupp,63,63
GORO,XantippeEast,Wheat,Core,4,Bag,6,6
GORO,XantippeEast,Wheat,Core,4,BagSup,35,35
GORO,XantippeEast,Wheat,Core,5,OP,232,232
GORO,XantippeEast,Wheat,Core,5,OPSupp,63,63
GORO,XantippeEast,Wheat,Core,5,Bag,93,93
GORO,XantippeEast,Wheat,Core,5,BagSup,26,26
GORO,XantippeEast,Wheat,Core,6,OP,142,142
GORO,XantippeEast,Wheat,Core,6,OPSupp,150,150
GORO,XantippeEast,Wheat,Core,6,Bag,53,53
GORO,XantippeEast,Wheat,Core,6,BagSup,172,172
GORO,XantippeEast,Wheat,Core,7,OP,196,196
GORO,XantippeEast,Wheat,Core,7,OPSupp,102,102
GORO,XantippeEast,Wheat,Core,7,Bag,91,91
GORO,XantippeEast,Wheat,Core,7,BagSup,31,31
GORO,XantippeEast,Wheat,Core,8,OP,46,46
GORO,XantippeEast,Wheat,Core,8,OPSupp,60,60
GORO,XantippeEast,Wheat,Core,8,Bag,37,37
GORO,XantippeEast,Wheat,Core,8,BagSup,23,23
GORO,XantippeEast,Wheat,Core,9,OP,75,75
GORO,XantippeEast,Wheat,Core,9,OPSupp,64,64
GORO,XantippeEast,Wheat,Core,9,Bag,15,15
GORO,XantippeEast,Wheat,Core,9,BagSup,57,57
GORO,XantippeEast,Wheat,Core,10,OP,43,43
GORO,XantippeEast,Wheat,Core,10,OPSupp,104,104
GORO,XantippeEast,Wheat,Core,10,Bag,88,88
GORO,XantippeEast,Wheat,Core,10,BagSup,73,73
GORO,MayaPrivate,Canola,Edge,1,OP,44,44
GORO,MayaPrivate,Canola,Edge,1,OPSupp,31,31
GORO,MayaPrivate,Canola,Edge,1,Bag,22,22
GORO,MayaPrivate,Canola,Edge,1,BagSup,66,66
GORO,MayaPrivate,Canola,Edge,2,OP,130,130
GORO,MayaPrivate,Canola,Edge,2,OPSupp,136,136
GORO,MayaPrivate,Canola,Edge,2,Bag,133,133
GORO,MayaPrivate,Canola,Edge,2,BagSup,90,90
GORO,MayaPrivate,Canola,Edge,3,OP,49,49
GORO,MayaPrivate,Canola,Edge,3,OPSupp,123,123
GORO,MayaPrivate,Canola,Edge,3,Bag,,
GORO,MayaPrivate,Canola,Edge,3,BagSup,141,141
GORO,MayaPrivate,Canola,Edge,4,OP,35,35
GORO,MayaPrivate,Canola,Edge,4,OPSupp,109,109
GORO,MayaPrivate,Canola,Edge,4,Bag,17,17
GORO,MayaPrivate,Canola,Edge,4,BagSup,70,70
GORO,MayaPrivate,Canola,Edge,5,OP,85,85
GORO,MayaPrivate,Canola,Edge,5,OPSupp,59,59
GORO,MayaPrivate,Canola,Edge,5,Bag,46,46
GORO,MayaPrivate,Canola,Edge,5,BagSup,65,65
GORO,MayaPrivate,Canola,Edge,6,OP,100,100
GORO,MayaPrivate,Canola,Edge,6,OPSupp,29,29
GORO,MayaPrivate,Canola,Edge,6,Bag,106,106
GORO,MayaPrivate,Canola,Edge,6,BagSup,170,170
GORO,MayaPrivate,Canola,Edge,7,OP,81,81
GORO,MayaPrivate,Canola,Edge,7,OPSupp,33,33
GORO,MayaPrivate,Canola,Edge,7,Bag,46,46
GORO,MayaPrivate,Canola,Edge,7,BagSup,18,18
GORO,MayaPrivate,Canola,Edge,8,OP,93,93
GORO,MayaPrivate,Canola,Edge,8,OPSupp,34,34
GORO,MayaPrivate,Canola,Edge,8,Bag,162,162
GORO,MayaPrivate,Canola,Edge,8,BagSup,104,104
GORO,MayaPrivate,Canola,Edge,9,OP,21,21
GORO,MayaPrivate,Canola,Edge,9,OPSupp,22,22
GORO,MayaPrivate,Canola,Edge,9,Bag,2,2
GORO,MayaPrivate,Canola,Edge,9,BagSup,6,6
GORO,MayaPrivate,Canola,Edge,10,OP,55,55
GORO,MayaPrivate,Canola,Edge,10,OPSupp,69,69
GORO,MayaPrivate,Canola,Edge,10,Bag,23,23
GORO,MayaPrivate,Canola,Edge,10,BagSup,39,39
GORO,MayaPrivate,Canola,Core,1,OP,80,80
GORO,MayaPrivate,Canola,Core,1,OPSupp,,
GORO,MayaPrivate,Canola,Core,1,Bag,40,40
GORO,MayaPrivate,Canola,Core,1,BagSup,78,78
GORO,MayaPrivate,Canola,Core,2,OP,22,22
GORO,MayaPrivate,Canola,Core,2,OPSupp,12,12
GORO,MayaPrivate,Canola,Core,2,Bag,7,7
GORO,MayaPrivate,Canola,Core,2,BagSup,21,21
GORO,MayaPrivate,Canola,Core,3,OP,108,108
GORO,MayaPrivate,Canola,Core,3,OPSupp,123,123
GORO,MayaPrivate,Canola,Core,3,Bag,174,174
GORO,MayaPrivate,Canola,Core,3,BagSup,48,48
GORO,MayaPrivate,Canola,Core,4,OP,48,48
GORO,MayaPrivate,Canola,Core,4,OPSupp,31,31
GORO,MayaPrivate,Canola,Core,4,Bag,41,41
GORO,MayaPrivate,Canola,Core,4,BagSup,44,44
GORO,MayaPrivate,Canola,Core,5,OP,18,18
GORO,MayaPrivate,Canola,Core,5,OPSupp,38,38
GORO,MayaPrivate,Canola,Core,5,Bag,93,93
GORO,MayaPrivate,Canola,Core,5,BagSup,51,51
GORO,MayaPrivate,Canola,Core,6,OP,46,46
GORO,MayaPrivate,Canola,Core,6,OPSupp,46,46
GORO,MayaPrivate,Canola,Core,6,Bag,14,14
GORO,MayaPrivate,Canola,Core,6,BagSup,44,44
GORO,MayaPrivate,Canola,Core,7,OP,54,54
GORO,MayaPrivate,Canola,Core,7,OPSupp,43,43
GORO,MayaPrivate,Canola,Core,7,Bag,84,84
GORO,MayaPrivate,Canola,Core,7,BagSup,11,11
GORO,MayaPrivate,Canola,Core,8,OP,79,79
GORO,MayaPrivate,Canola,Core,8,OPSupp,43,43
GORO,MayaPrivate,Canola,Core,8,Bag,41,41
GORO,MayaPrivate,Canola,Core,8,BagSup,34,34
GORO,MayaPrivate,Canola,Core,9,OP,15,15
GORO,MayaPrivate,Canola,Core,9,OPSupp,25,25
GORO,MayaPrivate,Canola,Core,9,Bag,42,42
GORO,MayaPrivate,Canola,Core,9,BagSup,28,28
GORO,MayaPrivate,Canola,Core,10,OP,6,6
GORO,MayaPrivate,Canola,Core,10,OPSupp,30,30
GORO,MayaPrivate,Canola,Core,10,Bag,19,19
GORO,MayaPrivate,Canola,Core,10,BagSup,27,27
POGN,Buntine,Wheat,Core,1,OP,6,304
POGN,Buntine,Wheat,Core,1,OPSupp,10,1058
POGN,Buntine,Wheat,Core,1,Bag,5,95
POGN,Buntine,Wheat,Core,1,BagSup,8,155
POGN,Buntine,Wheat,Core,2,OP,3,203
POGN,Buntine,Wheat,Core,2,OPSupp,4,240
POGN,Buntine,Wheat,Core,2,Bag,6,215
POGN,Buntine,Wheat,Core,2,BagSup,3,146
POGN,Buntine,Wheat,Core,3,OP,8,618
POGN,Buntine,Wheat,Core,3,OPSupp,5,415
POGN,Buntine,Wheat,Core,3,Bag,7,89
POGN,Buntine,Wheat,Core,3,BagSup,4,106
POGN,Buntine,Wheat,Core,4,OP,5,390
POGN,Buntine,Wheat,Core,4,OPSupp,4,232
POGN,Buntine,Wheat,Core,4,Bag,7,73
POGN,Buntine,Wheat,Core,4,BagSup,6,136
POGN,Buntine,Wheat,Core,5,OP,15,1437
POGN,Buntine,Wheat,Core,5,OPSupp,14,1397.2
POGN,Buntine,Wheat,Core,5,Bag,6,130
POGN,Buntine,Wheat,Core,5,BagSup,16,526
POGN,Buntine,Wheat,Core,6,OP,9,851
POGN,Buntine,Wheat,Core,6,OPSupp,26,2396
POGN,Buntine,Wheat,Core,6,Bag,10,380
POGN,Buntine,Wheat,Core,6,BagSup,6,325.2
POGN,Buntine,Wheat,Core,7,OP,13,1306.5
POGN,Buntine,Wheat,Core,7,OPSupp,16,1867.2
POGN,Buntine,Wheat,Core,7,Bag,10,196
POGN,Buntine,Wheat,Core,7,BagSup,10,272
POGN,Buntine,Wheat,Core,8,OP,4,410
POGN,Buntine,Wheat,Core,8,OPSupp,3,338
POGN,Buntine,Wheat,Core,8,Bag,3,143
POGN,Buntine,Wheat,Core,8,BagSup,3,114
POGN,Buntine,Wheat,Core,9,OP,10,970
POGN,Buntine,Wheat,Core,9,OPSupp,6,406
POGN,Buntine,Wheat,Core,9,Bag,15,178.125
POGN,Buntine,Wheat,Core,9,BagSup,14,742
POGN,Buntine,Wheat,Core,10,OP,13,1743.857143
POGN,Buntine,Wheat,Core,10,OPSupp,14,1318
POGN,Buntine,Wheat,Core,10,Bag,15,1020
POGN,Buntine,Wheat,Core,10,BagSup,6,651
POGN,Buntine,Wheat,Edge,1,OP,5,135
POGN,Buntine,Wheat,Edge,1,OPSupp,,NA
POGN,Buntine,Wheat,Edge,1,Bag,4,49
POGN,Buntine,Wheat,Edge,1,BagSup,10,356
POGN,Buntine,Wheat,Edge,2,OP,5,103
POGN,Buntine,Wheat,Edge,2,OPSupp,4,53
POGN,Buntine,Wheat,Edge,2,Bag,5,62
POGN,Buntine,Wheat,Edge,2,BagSup,6,158
POGN,Buntine,Wheat,Edge,3,OP,5,76
POGN,Buntine,Wheat,Edge,3,OPSupp,3,104
POGN,Buntine,Wheat,Edge,3,Bag,3,10
POGN,Buntine,Wheat,Edge,3,BagSup,9,93.6
POGN,Buntine,Wheat,Edge,4,OP,10,154
POGN,Buntine,Wheat,Edge,4,OPSupp,NA,NA
POGN,Buntine,Wheat,Edge,4,Bag,11,48.4
POGN,Buntine,Wheat,Edge,4,BagSup,5,38
POGN,Buntine,Wheat,Edge,5,OP,8,63
POGN,Buntine,Wheat,Edge,5,OPSupp,5,73
POGN,Buntine,Wheat,Edge,5,Bag,3,6
POGN,Buntine,Wheat,Edge,5,BagSup,3,8
POGN,Buntine,Wheat,Edge,6,OP,3,37
POGN,Buntine,Wheat,Edge,6,OPSupp,2,32
POGN,Buntine,Wheat,Edge,6,Bag,5,0
POGN,Buntine,Wheat,Edge,6,BagSup,4,9
POGN,Buntine,Wheat,Edge,7,OP,2,21
POGN,Buntine,Wheat,Edge,7,OPSupp,4,56
POGN,Buntine,Wheat,Edge,7,Bag,1,20
POGN,Buntine,Wheat,Edge,7,BagSup,2,8
POGN,Buntine,Wheat,Edge,8,OP,4,30
POGN,Buntine,Wheat,Edge,8,OPSupp,5,109
POGN,Buntine,Wheat,Edge,8,Bag,4,60
POGN,Buntine,Wheat,Edge,8,BagSup,7,144
POGN,Buntine,Wheat,Edge,9,OP,6,368
POGN,Buntine,Wheat,Edge,9,OPSupp,12,288
POGN,Buntine,Wheat,Edge,9,Bag,14,57
POGN,Buntine,Wheat,Edge,9,BagSup,12,71
POGN,Buntine,Wheat,Edge,10,OP,4,30
POGN,Buntine,Wheat,Edge,10,OPSupp,5,160
POGN,Buntine,Wheat,Edge,10,Bag,1,14
POGN,Buntine,Wheat,Edge,10,BagSup,4,72
POGN,Buntine,Canola,Core,1,OP,14,562
POGN,Buntine,Canola,Core,1,OPSupp,14,840
POGN,Buntine,Canola,Core,1,Bag,5,106
POGN,Buntine,Canola,Core,1,BagSup,6,217
POGN,Buntine,Canola,Core,2,OP,4,160
POGN,Buntine,Canola,Core,2,OPSupp,3,249
POGN,Buntine,Canola,Core,2,Bag,2,114
POGN,Buntine,Canola,Core,2,BagSup,4,181
POGN,Buntine,Canola,Core,3,OP,5,163
POGN,Buntine,Canola,Core,3,OPSupp,6,339
POGN,Buntine,Canola,Core,3,Bag,2,61
POGN,Buntine,Canola,Core,3,BagSup,2,81
POGN,Buntine,Canola,Core,4,OP,3,253
POGN,Buntine,Canola,Core,4,OPSupp,3,174
POGN,Buntine,Canola,Core,4,Bag,4,132
POGN,Buntine,Canola,Core,4,BagSup,5,114
POGN,Buntine,Canola,Core,5,OP,3,131
POGN,Buntine,Canola,Core,5,OPSupp,7,326
POGN,Buntine,Canola,Core,5,Bag,7,176
POGN,Buntine,Canola,Core,5,BagSup,14,472
POGN,Buntine,Canola,Core,6,OP,7,364
POGN,Buntine,Canola,Core,6,OPSupp,6,203
POGN,Buntine,Canola,Core,6,Bag,3,91
POGN,Buntine,Canola,Core,6,BagSup,5,125
POGN,Buntine,Canola,Core,7,OP,8,418
POGN,Buntine,Canola,Core,7,OPSupp,14,695
POGN,Buntine,Canola,Core,7,Bag,5,305
POGN,Buntine,Canola,Core,7,BagSup,7,324
POGN,Buntine,Canola,Core,8,OP,7,337
POGN,Buntine,Canola,Core,8,OPSupp,6,211
POGN,Buntine,Canola,Core,8,Bag,7,107
POGN,Buntine,Canola,Core,8,BagSup,5,185
POGN,Buntine,Canola,Core,9,OP,2,87
POGN,Buntine,Canola,Core,9,OPSupp,2,98
POGN,Buntine,Canola,Core,9,Bag,2,40
POGN,Buntine,Canola,Core,9,BagSup,2,29
POGN,Buntine,Canola,Core,10,OP,4,86
POGN,Buntine,Canola,Core,10,OPSupp,5,117
POGN,Buntine,Canola,Core,10,Bag,3,0
POGN,Buntine,Canola,Core,10,BagSup,2,37
POGN,Buntine,Canola,Edge,1,OP,5,243
POGN,Buntine,Canola,Edge,1,OPSupp,5,588
POGN,Buntine,Canola,Edge,1,Bag,4,135
POGN,Buntine,Canola,Edge,1,BagSup,4,159
POGN,Buntine,Canola,Edge,2,OP,18,1429
POGN,Buntine,Canola,Edge,2,OPSupp,5,401
POGN,Buntine,Canola,Edge,2,Bag,12,251
POGN,Buntine,Canola,Edge,2,BagSup,9,534
POGN,Buntine,Canola,Edge,3,OP,9,169
POGN,Buntine,Canola,Edge,3,OPSupp,6,368
POGN,Buntine,Canola,Edge,3,Bag,6,373
POGN,Buntine,Canola,Edge,3,BagSup,9,230
POGN,Buntine,Canola,Edge,4,OP,19,859
POGN,Buntine,Canola,Edge,4,OPSupp,4,434
POGN,Buntine,Canola,Edge,4,Bag,8,78
POGN,Buntine,Canola,Edge,4,BagSup,11,157
POGN,Buntine,Canola,Edge,5,OP,6,491
POGN,Buntine,Canola,Edge,5,OPSupp,3,80
POGN,Buntine,Canola,Edge,5,Bag,4,19
POGN,Buntine,Canola,Edge,5,BagSup,4,75
POGN,Buntine,Canola,Edge,6,OP,,
POGN,Buntine,Canola,Edge,6,OPSupp,9,559
POGN,Buntine,Canola,Edge,6,Bag,4,21
POGN,Buntine,Canola,Edge,6,BagSup,7,69
POGN,Buntine,Canola,Edge,7,OP,2,74
POGN,Buntine,Canola,Edge,7,OPSupp,4,220
POGN,Buntine,Canola,Edge,7,Bag,1,2
POGN,Buntine,Canola,Edge,7,BagSup,1,4
POGN,Buntine,Canola,Edge,8,OP,2,112
POGN,Buntine,Canola,Edge,8,OPSupp,2,33
POGN,Buntine,Canola,Edge,8,Bag,1,2
POGN,Buntine,Canola,Edge,8,BagSup,3,122
POGN,Buntine,Canola,Edge,9,OP,10,248
POGN,Buntine,Canola,Edge,9,OPSupp,3,104
POGN,Buntine,Canola,Edge,9,Bag,4,105
POGN,Buntine,Canola,Edge,9,BagSup,3,145
POGN,Buntine,Canola,Edge,10,OP,2,156
POGN,Buntine,Canola,Edge,10,OPSupp,2,138
POGN,Buntine,Canola,Edge,10,Bag,4,95
POGN,Buntine,Canola,Edge,10,BagSup,7,483
POGN,MayaCorner,Wheat,Core,1,OP,,
POGN,MayaCorner,Wheat,Core,1,OPSupp,1,17
POGN,MayaCorner,Wheat,Core,1,Bag,2,10
POGN,MayaCorner,Wheat,Core,1,BagSup,2,32
POGN,MayaCorner,Wheat,Core,2,OP,5,344
POGN,MayaCorner,Wheat,Core,2,OPSupp,5,294
POGN,MayaCorner,Wheat,Core,2,Bag,4,51
POGN,MayaCorner,Wheat,Core,2,BagSup,4,154
POGN,MayaCorner,Wheat,Core,3,OP,2,12
POGN,MayaCorner,Wheat,Core,3,OPSupp,6,364
POGN,MayaCorner,Wheat,Core,3.1,OPSupp,3,132
POGN,MayaCorner,Wheat,Core,3,Bag,2,62
POGN,MayaCorner,Wheat,Core,3,BagSup,2,107
POGN,MayaCorner,Wheat,Core,4,OP,4,52
POGN,MayaCorner,Wheat,Core,4,OPSupp,4,152
POGN,MayaCorner,Wheat,Core,4,Bag,4,21
POGN,MayaCorner,Wheat,Core,4,BagSup,2,5
POGN,MayaCorner,Wheat,Core,5,OP,2,57
POGN,MayaCorner,Wheat,Core,5,OPSupp,7,239
POGN,MayaCorner,Wheat,Core,5,Bag,7,8
POGN,MayaCorner,Wheat,Core,5,BagSup,7,38
POGN,MayaCorner,Wheat,Core,6,OP,2,105
POGN,MayaCorner,Wheat,Core,6,OPSupp,2,96
POGN,MayaCorner,Wheat,Core,6,Bag,3,0
POGN,MayaCorner,Wheat,Core,6,BagSup,2,73
POGN,MayaCorner,Wheat,Core,7,OP,2,32
POGN,MayaCorner,Wheat,Core,7,OPSupp,2,111
POGN,MayaCorner,Wheat,Core,7,Bag,3,68
POGN,MayaCorner,Wheat,Core,7,BagSup,2,64
POGN,MayaCorner,Wheat,Core,8,OP,2,75
POGN,MayaCorner,Wheat,Core,8,OPSupp,1,50
POGN,MayaCorner,Wheat,Core,8,Bag,2,27
POGN,MayaCorner,Wheat,Core,8,BagSup,1,5
POGN,MayaCorner,Wheat,Core,9,OP,3,44
POGN,MayaCorner,Wheat,Core,9,OPSupp,2,46
POGN,MayaCorner,Wheat,Core,9,Bag,1,29
POGN,MayaCorner,Wheat,Core,9,BagSup,1,25
POGN,MayaCorner,Wheat,Core,10,OP,4,312
POGN,MayaCorner,Wheat,Core,10.1,OP,3,69
POGN,MayaCorner,Wheat,Core,10,OPSupp,3,115
POGN,MayaCorner,Wheat,Core,10,Bag,1,0
POGN,MayaCorner,Wheat,Core,10,BagSup,4,126
POGN,XantippeTank,Canola,Core,1,OP,2,75
POGN,XantippeTank,Canola,Core,1,OPSupp,1,79
POGN,XantippeTank,Canola,Core,1,Bag,1,14
POGN,XantippeTank,Canola,Core,1,BagSup,1,53
POGN,XantippeTank,Canola,Core,2,OP,6,464
POGN,XantippeTank,Canola,Core,2,OPSupp,3,358
POGN,XantippeTank,Canola,Core,2,Bag,5,156
POGN,XantippeTank,Canola,Core,2,BagSup,3,128
POGN,XantippeTank,Canola,Core,3,OP,1,125
POGN,XantippeTank,Canola,Core,3,OPSupp,1,56
POGN,XantippeTank,Canola,Core,3,Bag,2,0
POGN,XantippeTank,Canola,Core,3,BagSup,1,29
POGN,XantippeTank,Canola,Core,4,OP,4,232
POGN,XantippeTank,Canola,Core,4,OPSupp,6,298
POGN,XantippeTank,Canola,Core,4,Bag,5,18
POGN,XantippeTank,Canola,Core,4,BagSup,7,157
POGN,XantippeTank,Canola,Core,5,OP,4,263
POGN,XantippeTank,Canola,Core,5,OPSupp,4,183
POGN,XantippeTank,Canola,Core,5,Bag,2,19
POGN,XantippeTank,Canola,Core,5,BagSup,2,72
POGN,XantippeTank,Canola,Core,6,OP,19,1195.1
POGN,XantippeTank,Canola,Core,6,OPSupp,4,225
POGN,XantippeTank,Canola,Core,6,Bag,NA,NA
POGN,XantippeTank,Canola,Core,6,BagSup,4,77
POGN,XantippeTank,Canola,Core,7,OP,5,374
POGN,XantippeTank,Canola,Core,7,OPSupp,2,262
POGN,XantippeTank,Canola,Core,7,Bag,2,21
POGN,XantippeTank,Canola,Core,7,BagSup,2,87
POGN,XantippeTank,Canola,Core,8,OP,3,96
POGN,XantippeTank,Canola,Core,8,OPSupp,1,97
POGN,XantippeTank,Canola,Core,8,Bag,2,6
POGN,XantippeTank,Canola,Core,8,BagSup,2,108
POGN,XantippeTank,Canola,Core,9,OP,3,23
POGN,XantippeTank,Canola,Core,9,OPSupp,3,77
POGN,XantippeTank,Canola,Core,9,Bag,1,22
POGN,XantippeTank,Canola,Core,9,BagSup,1,51
POGN,XantippeTank,Canola,Core,10,OP,1,106
POGN,XantippeTank,Canola,Core,10,OPSupp,2,151
POGN,XantippeTank,Canola,Core,10,Bag,1,22
POGN,XantippeTank,Canola,Core,10,BagSup,1,27
POGN,XantippeTank,Canola,Edge,1,OP,4,192
POGN,XantippeTank,Canola,Edge,1,OPSupp,2,103
POGN,XantippeTank,Canola,Edge,1,Bag,6,43
POGN,XantippeTank,Canola,Edge,1,BagSup,2,55
POGN,XantippeTank,Canola,Edge,2,OP,1,85
POGN,XantippeTank,Canola,Edge,2,OPSupp,2,175
POGN,XantippeTank,Canola,Edge,2,Bag,2,2
POGN,XantippeTank,Canola,Edge,2,BagSup,2,75
POGN,XantippeTank,Canola,Edge,3,OP,6,364
POGN,XantippeTank,Canola,Edge,3,OPSupp,5,478
POGN,XantippeTank,Canola,Edge,3,Bag,7,263
POGN,XantippeTank,Canola,Edge,3,BagSup,6,178
POGN,XantippeTank,Canola,Edge,4,OP,4,576
POGN,XantippeTank,Canola,Edge,4,OPSupp,10,599
POGN,XantippeTank,Canola,Edge,4,Bag,5,124
POGN,XantippeTank,Canola,Edge,4,BagSup,5,144
POGN,XantippeTank,Canola,Edge,5,OP,2,103
POGN,XantippeTank,Canola,Edge,5,OPSupp,6,235
POGN,XantippeTank,Canola,Edge,5,Bag,5,22
POGN,XantippeTank,Canola,Edge,5,BagSup,4,86
POGN,XantippeTank,Canola,Edge,6,OP,3,344
POGN,XantippeTank,Canola,Edge,6,OPSupp,3,284
POGN,XantippeTank,Canola,Edge,6,Bag,5,45
POGN,XantippeTank,Canola,Edge,6,BagSup,3,48
POGN,XantippeTank,Canola,Edge,7,OP,7,101
POGN,XantippeTank,Canola,Edge,7,OPSupp,3,177
POGN,XantippeTank,Canola,Edge,7,Bag,8,217
POGN,XantippeTank,Canola,Edge,7,BagSup,2,61
POGN,XantippeTank,Canola,Edge,8,OP,3,186
POGN,XantippeTank,Canola,Edge,8,OPSupp,2,212
POGN,XantippeTank,Canola,Edge,8,Bag,3,17
POGN,XantippeTank,Canola,Edge,8,BagSup,3,133
POGN,XantippeTank,Canola,Edge,9,OP,2,75
POGN,XantippeTank,Canola,Edge,9,OPSupp,1,64
POGN,XantippeTank,Canola,Edge,9,Bag,1,0
POGN,XantippeTank,Canola,Edge,9,BagSup,1,0
POGN,XantippeTank,Canola,Edge,10,OP,6,173
POGN,XantippeTank,Canola,Edge,10,OPSupp,5,188
POGN,XantippeTank,Canola,Edge,10,Bag,7,146
POGN,XantippeTank,Canola,Edge,10,BagSup,3,115
POGN,LathamPrivate,Wheat,Edge,1,OP,2,56
POGN,LathamPrivate,Wheat,Edge,1,OPSupp,2,87
POGN,LathamPrivate,Wheat,Edge,1,Bag,2,11
POGN,LathamPrivate,Wheat,Edge,1,BagSup,2,63
POGN,LathamPrivate,Wheat,Edge,2,OP,5,356
POGN,LathamPrivate,Wheat,Edge,2,OPSupp,4,359
POGN,LathamPrivate,Wheat,Edge,2,Bag,8,285
POGN,LathamPrivate,Wheat,Edge,2,BagSup,8,258
POGN,LathamPrivate,Wheat,Edge,3,OP,1,40
POGN,LathamPrivate,Wheat,Edge,3,OPSupp,3,40
POGN,LathamPrivate,Wheat,Edge,3,Bag,1,11
POGN,LathamPrivate,Wheat,Edge,3,BagSup,2,65
POGN,LathamPrivate,Wheat,Edge,4,OP,3,192
POGN,LathamPrivate,Wheat,Edge,4,OPSupp,4,271
POGN,LathamPrivate,Wheat,Edge,4,Bag,3,33
POGN,LathamPrivate,Wheat,Edge,4,BagSup,3,77
POGN,LathamPrivate,Wheat,Edge,5,OP,9,422
POGN,LathamPrivate,Wheat,Edge,5,OPSupp,3,196
POGN,LathamPrivate,Wheat,Edge,5,Bag,4,43
POGN,LathamPrivate,Wheat,Edge,5,BagSup,5,44
POGN,LathamPrivate,Wheat,Edge,6,OP,3,218
POGN,LathamPrivate,Wheat,Edge,6,OPSupp,2,209
POGN,LathamPrivate,Wheat,Edge,6,Bag,3,44
POGN,LathamPrivate,Wheat,Edge,6,BagSup,3,113
POGN,LathamPrivate,Wheat,Edge,7,OP,7,295
POGN,LathamPrivate,Wheat,Edge,7,OPSupp,9,579
POGN,LathamPrivate,Wheat,Edge,7,Bag,3,155
POGN,LathamPrivate,Wheat,Edge,7,BagSup,3,87
POGN,LathamPrivate,Wheat,Edge,8,OP,3,261
POGN,LathamPrivate,Wheat,Edge,8,OPSupp,4,462
POGN,LathamPrivate,Wheat,Edge,8,Bag,3,72
POGN,LathamPrivate,Wheat,Edge,8,BagSup,5,269
POGN,LathamPrivate,Wheat,Edge,9,OP,5,355
POGN,LathamPrivate,Wheat,Edge,9,OPSupp,5,200
POGN,LathamPrivate,Wheat,Edge,9,Bag,6,282
POGN,LathamPrivate,Wheat,Edge,9,BagSup,5,210
POGN,LathamPrivate,Wheat,Edge,10,OP,6,202
POGN,LathamPrivate,Wheat,Edge,10,OPSupp,3,168
POGN,LathamPrivate,Wheat,Edge,10,Bag,4,30
POGN,LathamPrivate,Wheat,Edge,10,BagSup,4,39
POGN,Latham,Wheat,Edge,1,OP,2,28
POGN,Latham,Wheat,Edge,1,OPSupp,2,99
POGN,Latham,Wheat,Edge,1,Bag,1,36
POGN,Latham,Wheat,Edge,1,BagSup,1,18
POGN,Latham,Wheat,Edge,2,OP,3,109
POGN,Latham,Wheat,Edge,2,OPSupp,2,30
POGN,Latham,Wheat,Edge,2,Bag,3,6
POGN,Latham,Wheat,Edge,2,BagSup,2,40
POGN,Latham,Wheat,Edge,3,OP,2,38
POGN,Latham,Wheat,Edge,3,OPSupp,4,147
POGN,Latham,Wheat,Edge,3,Bag,2,29
POGN,Latham,Wheat,Edge,3,BagSup,5,68
POGN,Latham,Wheat,Edge,4,OP,2,4
POGN,Latham,Wheat,Edge,4,OPSupp,1,14
POGN,Latham,Wheat,Edge,4,Bag,3,0
POGN,Latham,Wheat,Edge,4,BagSup,2,0
POGN,Latham,Wheat,Edge,5,OP,2,18
POGN,Latham,Wheat,Edge,5,OPSupp,2,34
POGN,Latham,Wheat,Edge,5,Bag,2,1
POGN,Latham,Wheat,Edge,5,BagSup,1,9
POGN,Latham,Wheat,Edge,6,OP,5,291
POGN,Latham,Wheat,Edge,6,OPSupp,2,162
POGN,Latham,Wheat,Edge,6,Bag,3,108
POGN,Latham,Wheat,Edge,6,BagSup,4,126
POGN,Latham,Wheat,Edge,7,OP,4,290
POGN,Latham,Wheat,Edge,7,OPSupp,7,813
POGN,Latham,Wheat,Edge,7,Bag,5,142
POGN,Latham,Wheat,Edge,7,BagSup,4,136
POGN,Latham,Wheat,Edge,8,OP,7,110
POGN,Latham,Wheat,Edge,8,OPSupp,4,148
POGN,Latham,Wheat,Edge,8,Bag,3,55
POGN,Latham,Wheat,Edge,8,BagSup,2,49
POGN,Latham,Wheat,Edge,9,OP,8,496
POGN,Latham,Wheat,Edge,9,OPSupp,8,949
POGN,Latham,Wheat,Edge,9,Bag,7,350
POGN,Latham,Wheat,Edge,9,BagSup,7,532
POGN,Latham,Wheat,Edge,10,OP,14,663
POGN,Latham,Wheat,Edge,10,OPSupp,7,698
POGN,Latham,Wheat,Edge,10,Bag,7,252
POGN,Latham,Wheat,Edge,10,BagSup,8,362
POGN,Rectangle,Wheat,Core,1,OP,4,268
POGN,Rectangle,Wheat,Core,1,OPSupp,3,261
POGN,Rectangle,Wheat,Core,1,Bag,4,37
POGN,Rectangle,Wheat,Core,1,BagSup,3,94
POGN,Rectangle,Wheat,Core,2,OP,3,217
POGN,Rectangle,Wheat,Core,2,OPSupp,5,326
POGN,Rectangle,Wheat,Core,2,Bag,8,215
POGN,Rectangle,Wheat,Core,2,BagSup,4,196
POGN,Rectangle,Wheat,Core,3,OP,4,156
POGN,Rectangle,Wheat,Core,3,OPSupp,3,295
POGN,Rectangle,Wheat,Core,3,Bag,3,194
POGN,Rectangle,Wheat,Core,3,BagSup,4,80
POGN,Rectangle,Wheat,Core,4,OP,3,472
POGN,Rectangle,Wheat,Core,4,OPSupp,3,460
POGN,Rectangle,Wheat,Core,4,Bag,6,432
POGN,Rectangle,Wheat,Core,4,BagSup,4,272
POGN,Rectangle,Wheat,Core,5,OP,10,465
POGN,Rectangle,Wheat,Core,5,OPSupp,6,378
POGN,Rectangle,Wheat,Core,5,Bag,4,65
POGN,Rectangle,Wheat,Core,5,BagSup,8,490
POGN,Rectangle,Wheat,Core,6,OP,2,132
POGN,Rectangle,Wheat,Core,6,OPSupp,8,506
POGN,Rectangle,Wheat,Core,6,Bag,4,20
POGN,Rectangle,Wheat,Core,6,BagSup,5,198
POGN,Rectangle,Wheat,Core,7,OP,3,253
POGN,Rectangle,Wheat,Core,7,OPSupp,3,211
POGN,Rectangle,Wheat,Core,7,Bag,5,80
POGN,Rectangle,Wheat,Core,7,BagSup,3,248
POGN,Rectangle,Wheat,Core,8,OP,2,237
POGN,Rectangle,Wheat,Core,8,OPSupp,12,1313
POGN,Rectangle,Wheat,Core,8,Bag,6,273
POGN,Rectangle,Wheat,Core,8,BagSup,10,658
POGN,Rectangle,Wheat,Core,9,OP,3,250
POGN,Rectangle,Wheat,Core,9,OPSupp,4,297
POGN,Rectangle,Wheat,Core,9,Bag,5,99
POGN,Rectangle,Wheat,Core,9,BagSup,7,128
POGN,Rectangle,Wheat,Core,10,OP,4,272
POGN,Rectangle,Wheat,Core,10,OPSupp,3,235
POGN,Rectangle,Wheat,Core,10,Bag,3,0
POGN,Rectangle,Wheat,Core,10,BagSup,2,58
POGN,Rectangle,Canola,Core,1,OP,6,426
POGN,Rectangle,Canola,Core,1,OPSupp,4,359
POGN,Rectangle,Canola,Core,1,Bag,7,81
POGN,Rectangle,Canola,Core,1,BagSup,7,330
POGN,Rectangle,Canola,Core,2,OP,6,505
POGN,Rectangle,Canola,Core,2,OPSupp,5,208
POGN,Rectangle,Canola,Core,2,Bag,9,237
POGN,Rectangle,Canola,Core,2,BagSup,8,249
POGN,Rectangle,Canola,Core,3,OP,9,931
POGN,Rectangle,Canola,Core,3,OPSupp,21,1772
POGN,Rectangle,Canola,Core,3,Bag,1,29
POGN,Rectangle,Canola,Core,3,BagSup,6,185
POGN,Rectangle,Canola,Core,4,OP,14,565
POGN,Rectangle,Canola,Core,4,OPSupp,1,31
POGN,Rectangle,Canola,Core,4,Bag,6,1
POGN,Rectangle,Canola,Core,4,BagSup,4,126
POGN,Rectangle,Canola,Core,5,OP,4,359
POGN,Rectangle,Canola,Core,5,OPSupp,4,230
POGN,Rectangle,Canola,Core,5,Bag,5,13
POGN,Rectangle,Canola,Core,5,BagSup,2,85
POGN,Rectangle,Canola,Core,6,OP,5,553
POGN,Rectangle,Canola,Core,6,OPSupp,2,292
POGN,Rectangle,Canola,Core,6,Bag,3,0
POGN,Rectangle,Canola,Core,6,BagSup,3,0
POGN,Rectangle,Canola,Core,7,OP,10,1060
POGN,Rectangle,Canola,Core,7,OPSupp,7,342
POGN,Rectangle,Canola,Core,7,Bag,14,21
POGN,Rectangle,Canola,Core,7,BagSup,12,430
POGN,Rectangle,Canola,Core,8,OP,7,587
POGN,Rectangle,Canola,Core,8,OPSupp,11,1309
POGN,Rectangle,Canola,Core,8,Bag,4,64
POGN,Rectangle,Canola,Core,8,BagSup,19,396
POGN,Rectangle,Canola,Core,9,OP,3,334
POGN,Rectangle,Canola,Core,9,OPSupp,5,333
POGN,Rectangle,Canola,Core,9,Bag,3,25
POGN,Rectangle,Canola,Core,9,BagSup,3,22
POGN,Rectangle,Canola,Core,10,OP,4,86
POGN,Rectangle,Canola,Core,10,OPSupp,3,208
POGN,Rectangle,Canola,Core,10,Bag,1,11
POGN,Rectangle,Canola,Core,10,BagSup,3,14
POGN,Rectangle,Canola,Edge,1,OP,3,253
POGN,Rectangle,Canola,Edge,1,OPSupp,6,674
POGN,Rectangle,Canola,Edge,1,Bag,4,56
POGN,Rectangle,Canola,Edge,1,BagSup,6,203
POGN,Rectangle,Canola,Edge,2,OP,10,1677
POGN,Rectangle,Canola,Edge,2,OPSupp,25,2302
POGN,Rectangle,Canola,Edge,2,Bag,12,80
POGN,Rectangle,Canola,Edge,2,BagSup,10,193
POGN,Rectangle,Canola,Edge,3,OP,4,339
POGN,Rectangle,Canola,Edge,3,OPSupp,15,952
POGN,Rectangle,Canola,Edge,3,Bag,6,166
POGN,Rectangle,Canola,Edge,3,BagSup,7,286
POGN,Rectangle,Canola,Edge,4,OP,14,852
POGN,Rectangle,Canola,Edge,4,OPSupp,17,1424
POGN,Rectangle,Canola,Edge,4,Bag,16,745
POGN,Rectangle,Canola,Edge,4,BagSup,8,432
POGN,Rectangle,Canola,Edge,5,OP,13,1121
POGN,Rectangle,Canola,Edge,5,OPSupp,9,989
POGN,Rectangle,Canola,Edge,5,Bag,9,262
POGN,Rectangle,Canola,Edge,5,BagSup,12,525
POGN,Rectangle,Canola,Edge,6,OP,9,597
POGN,Rectangle,Canola,Edge,6,OPSupp,8,428
POGN,Rectangle,Canola,Edge,6,Bag,3,67
POGN,Rectangle,Canola,Edge,6,BagSup,3,178
POGN,Rectangle,Canola,Edge,7,OP,19,1619
POGN,Rectangle,Canola,Edge,7,OPSupp,4,337
POGN,Rectangle,Canola,Edge,7,Bag,6,145
POGN,Rectangle,Canola,Edge,7,BagSup,14,712
POGN,Rectangle,Canola,Edge,8,OP,16,1406
POGN,Rectangle,Canola,Edge,8,OPSupp,9,832
POGN,Rectangle,Canola,Edge,8,Bag,9,103
POGN,Rectangle,Canola,Edge,8,BagSup,13,396
POGN,Rectangle,Canola,Edge,9,OP,14,1584
POGN,Rectangle,Canola,Edge,9,OPSupp,13,1292
POGN,Rectangle,Canola,Edge,9,Bag,,
POGN,Rectangle,Canola,Edge,9,BagSup,26,1036
POGN,Rectangle,Canola,Edge,10,OP,11,605
POGN,Rectangle,Canola,Edge,10,OPSupp,2,260
POGN,Rectangle,Canola,Edge,10,Bag,5,128
POGN,Rectangle,Canola,Edge,10,BagSup,12,737
POCA,XantippeEast,Wheat,Core,1,OP,12,484
POCA,XantippeEast,Wheat,Core,1,OPSupp,4,152
POCA,XantippeEast,Wheat,Core,1,Bag,5,195
POCA,XantippeEast,Wheat,Core,1,BagSup,12,44
POCA,XantippeEast,Wheat,Core,2,OP,8,155
POCA,XantippeEast,Wheat,Core,2,OPSupp,15,657
POCA,XantippeEast,Wheat,Core,2,Bag,8,0
POCA,XantippeEast,Wheat,Core,2,BagSup,18,10
POCA,XantippeEast,Wheat,Core,3,OP,10,330
POCA,XantippeEast,Wheat,Core,3,OPSupp,6,334
POCA,XantippeEast,Wheat,Core,3,Bag,6,57
POCA,XantippeEast,Wheat,Core,3,BagSup,11,259
POCA,XantippeEast,Wheat,Core,4,OP,8,152
POCA,XantippeEast,Wheat,Core,4,OPSupp,11,445
POCA,XantippeEast,Wheat,Core,4,Bag,14,42
POCA,XantippeEast,Wheat,Core,4,BagSup,3,20
POCA,XantippeEast,Wheat,Core,5,OP,20,986
POCA,XantippeEast,Wheat,Core,5,OPSupp,16,434
POCA,XantippeEast,Wheat,Core,5,Bag,8,67
POCA,XantippeEast,Wheat,Core,5,BagSup,17,132
POCA,XantippeEast,Wheat,Core,6,OP,11,559
POCA,XantippeEast,Wheat,Core,6,OPSupp,12,640
POCA,XantippeEast,Wheat,Core,6,Bag,25,136
POCA,XantippeEast,Wheat,Core,6,BagSup,8,108
POCA,XantippeEast,Wheat,Core,7,OP,6,126
POCA,XantippeEast,Wheat,Core,7,OPSupp,5,184
POCA,XantippeEast,Wheat,Core,7,Bag,5,0
POCA,XantippeEast,Wheat,Core,7,BagSup,7,72
POCA,XantippeEast,Wheat,Core,8,OP,8,179
POCA,XantippeEast,Wheat,Core,8,OPSupp,4,86
POCA,XantippeEast,Wheat,Core,8,Bag,6,60
POCA,XantippeEast,Wheat,Core,8,BagSup,6,51
POCA,XantippeEast,Wheat,Core,9,OP,12,480
POCA,XantippeEast,Wheat,Core,9,OPSupp,4,195
POCA,XantippeEast,Wheat,Core,9,Bag,5,2
POCA,XantippeEast,Wheat,Core,9,BagSup,12,145
POCA,XantippeEast,Wheat,Core,10,OP,9,363
POCA,XantippeEast,Wheat,Core,10,OPSupp,9,425
POCA,XantippeEast,Wheat,Core,10,Bag,20,19
POCA,XantippeEast,Wheat,Core,10,BagSup,16,367
POCA,XantippeEast,Wheat,Edge,1,OP,12,437
POCA,XantippeEast,Wheat,Edge,1,OPSupp,4,195
POCA,XantippeEast,Wheat,Edge,1,Bag,4,62
POCA,XantippeEast,Wheat,Edge,1,BagSup,5,1
POCA,XantippeEast,Wheat,Edge,2,OP,14,523
POCA,XantippeEast,Wheat,Edge,2,OPSupp,38,2271
POCA,XantippeEast,Wheat,Edge,2,Bag,23,260
POCA,XantippeEast,Wheat,Edge,2,BagSup,21,143
POCA,XantippeEast,Wheat,Edge,3,OP,15,409
POCA,XantippeEast,Wheat,Edge,3,OPSupp,16,570
POCA,XantippeEast,Wheat,Edge,3,Bag,25,77
POCA,XantippeEast,Wheat,Edge,3,BagSup,28,616
POCA,XantippeEast,Wheat,Edge,4,OP,10,248
POCA,XantippeEast,Wheat,Edge,4,OPSupp,6,130
POCA,XantippeEast,Wheat,Edge,4,Bag,6,14
POCA,XantippeEast,Wheat,Edge,4,BagSup,5,195
POCA,XantippeEast,Wheat,Edge,5,OP,12,266
POCA,XantippeEast,Wheat,Edge,5,OPSupp,7,421
POCA,XantippeEast,Wheat,Edge,5,Bag,3,18
POCA,XantippeEast,Wheat,Edge,5,BagSup,10,319
POCA,XantippeEast,Wheat,Edge,6,OP,25,1107
POCA,XantippeEast,Wheat,Edge,6,OPSupp,30,691
POCA,XantippeEast,Wheat,Edge,6,Bag,39,159
POCA,XantippeEast,Wheat,Edge,6,BagSup,13,265
POCA,XantippeEast,Wheat,Edge,7,OP,18,88
POCA,XantippeEast,Wheat,Edge,7,OPSupp,15,0
POCA,XantippeEast,Wheat,Edge,7,Bag,15,24
POCA,XantippeEast,Wheat,Edge,7,BagSup,12,191
POCA,XantippeEast,Wheat,Edge,8,OP,7,229
POCA,XantippeEast,Wheat,Edge,8,OPSupp,8,275
POCA,XantippeEast,Wheat,Edge,8,Bag,17,21
POCA,XantippeEast,Wheat,Edge,8,BagSup,7,266
POCA,XantippeEast,Wheat,Edge,9,OP,8,280
POCA,XantippeEast,Wheat,Edge,9,OPSupp,15,452
POCA,XantippeEast,Wheat,Edge,9,Bag,10,40
POCA,XantippeEast,Wheat,Edge,9,BagSup,10,166
POCA,XantippeEast,Wheat,Edge,10,OP,14,810
POCA,XantippeEast,Wheat,Edge,10,OPSupp,21,682
POCA,XantippeEast,Wheat,Edge,10,Bag,23,294
POCA,XantippeEast,Wheat,Edge,10,BagSup,24,824
POCA,Buntine,Wheat,Core,1,OP,21,603
POCA,Buntine,Wheat,Core,1,OPSupp,11,126
POCA,Buntine,Wheat,Core,1,Bag,7,0
POCA,Buntine,Wheat,Core,1,BagSup,6,0
POCA,Buntine,Wheat,Core,2,OP,7,0
POCA,Buntine,Wheat,Core,2,OPSupp,7,195
POCA,Buntine,Wheat,Core,2,Bag,3,3
POCA,Buntine,Wheat,Core,2,BagSup,11,14
POCA,Buntine,Wheat,Core,3,OP,12,464
POCA,Buntine,Wheat,Core,3,OPSupp,4,76
POCA,Buntine,Wheat,Core,3,Bag,13,3
POCA,Buntine,Wheat,Core,3,BagSup,13,55
POCA,Buntine,Wheat,Core,4,OP,4,0
POCA,Buntine,Wheat,Core,4,OPSupp,8,291
POCA,Buntine,Wheat,Core,4,Bag,8,56
POCA,Buntine,Wheat,Core,4,BagSup,5,24
POCA,Buntine,Wheat,Core,5,OP,5,0
POCA,Buntine,Wheat,Core,5,OPSupp,9,230
POCA,Buntine,Wheat,Core,5,Bag,2,1
POCA,Buntine,Wheat,Core,5,BagSup,4,4
POCA,Buntine,Wheat,Core,6,OP,8,81
POCA,Buntine,Wheat,Core,6,OPSupp,13,611
POCA,Buntine,Wheat,Core,6,Bag,6,44
POCA,Buntine,Wheat,Core,6,BagSup,17,202
POCA,Buntine,Wheat,Core,7,OP,16,340
POCA,Buntine,Wheat,Core,7,OPSupp,21,657
POCA,Buntine,Wheat,Core,7,Bag,24,139
POCA,Buntine,Wheat,Core,7,BagSup,14,64
POCA,Buntine,Wheat,Core,8,OP,12,485
POCA,Buntine,Wheat,Core,8,OPSupp,0,0
POCA,Buntine,Wheat,Core,8,Bag,12,44
POCA,Buntine,Wheat,Core,8,BagSup,13,181
POCA,Buntine,Wheat,Core,9,OP,7,0
POCA,Buntine,Wheat,Core,9,OPSupp,9,0
POCA,Buntine,Wheat,Core,9,Bag,19,7
POCA,Buntine,Wheat,Core,9,BagSup,13,0
POCA,Buntine,Wheat,Core,10,OP,10,336
POCA,Buntine,Wheat,Core,10,OPSupp,11,337
POCA,Buntine,Wheat,Core,10,Bag,5,0
POCA,Buntine,Wheat,Core,10,BagSup,5,10
POCA,Buntine,Wheat,Edge,1,OP,25,370
POCA,Buntine,Wheat,Edge,1,OPSupp,17,371
POCA,Buntine,Wheat,Edge,1,Bag,14,52
POCA,Buntine,Wheat,Edge,1,BagSup,42,34
POCA,Buntine,Wheat,Edge,2,OP,17,299
POCA,Buntine,Wheat,Edge,2,OPSupp,17,513
POCA,Buntine,Wheat,Edge,2,Bag,10,55
POCA,Buntine,Wheat,Edge,2,BagSup,24,93
POCA,Buntine,Wheat,Edge,3,OP,26,1187
POCA,Buntine,Wheat,Edge,3,OPSupp,26,763
POCA,Buntine,Wheat,Edge,3,Bag,97,134
POCA,Buntine,Wheat,Edge,3,BagSup,30,210
POCA,Buntine,Wheat,Edge,4,OP,6,237
POCA,Buntine,Wheat,Edge,4,OPSupp,6,110
POCA,Buntine,Wheat,Edge,4,Bag,3,95
POCA,Buntine,Wheat,Edge,4,BagSup,3,0
POCA,Buntine,Wheat,Edge,5,OP,1,NA
POCA,Buntine,Wheat,Edge,5,OPSupp,15,207
POCA,Buntine,Wheat,Edge,5,Bag,2,1
POCA,Buntine,Wheat,Edge,5,BagSup,10,76
POCA,Buntine,Wheat,Edge,6,OP,20,551
POCA,Buntine,Wheat,Edge,6,OPSupp,8,260
POCA,Buntine,Wheat,Edge,6,Bag,23,42
POCA,Buntine,Wheat,Edge,6,BagSup,19,266
POCA,Buntine,Wheat,Edge,7,OP,16,70
POCA,Buntine,Wheat,Edge,7,OPSupp,22,281
POCA,Buntine,Wheat,Edge,7,Bag,11,117
POCA,Buntine,Wheat,Edge,7,BagSup,10,68
POCA,Buntine,Wheat,Edge,8,OP,14,505
POCA,Buntine,Wheat,Edge,8,OPSupp,7,443
POCA,Buntine,Wheat,Edge,8,Bag,17,155
POCA,Buntine,Wheat,Edge,8,BagSup,9,165
POCA,Buntine,Wheat,Edge,9,OP,5,154
POCA,Buntine,Wheat,Edge,9,OPSupp,8,421
POCA,Buntine,Wheat,Edge,9,Bag,6,34
POCA,Buntine,Wheat,Edge,9,BagSup,13,247
POCA,Buntine,Wheat,Edge,10,OP,NA,NA
POCA,Buntine,Wheat,Edge,10,OPSupp,NA,NA
POCA,Buntine,Wheat,Edge,10,Bag,NA,NA
POCA,Buntine,Wheat,Edge,10,BagSup,NA,NA
POCA,Buntine,Canola,Core,1,OP,13,625
POCA,Buntine,Canola,Core,1,OPSupp,21,1160
POCA,Buntine,Canola,Core,1,Bag,28,94
POCA,Buntine,Canola,Core,1,BagSup,16,392
POCA,Buntine,Canola,Core,2,OP,7,284
POCA,Buntine,Canola,Core,2,OPSupp,8,258
POCA,Buntine,Canola,Core,2,Bag,10,283
POCA,Buntine,Canola,Core,2,BagSup,8,63
POCA,Buntine,Canola,Core,3,OP,26,889
POCA,Buntine,Canola,Core,3,OPSupp,11,387
POCA,Buntine,Canola,Core,3,Bag,21,227
POCA,Buntine,Canola,Core,3,BagSup,18,129
POCA,Buntine,Canola,Core,4,OP,9,608
POCA,Buntine,Canola,Core,4,OPSupp,17,787
POCA,Buntine,Canola,Core,4,Bag,11,31
POCA,Buntine,Canola,Core,4,BagSup,14,145
POCA,Buntine,Canola,Core,5,OP,5,214
POCA,Buntine,Canola,Core,5,OPSupp,7,143
POCA,Buntine,Canola,Core,5,Bag,7,124
POCA,Buntine,Canola,Core,5,BagSup,14,488
POCA,Buntine,Canola,Core,6,OP,11,421
POCA,Buntine,Canola,Core,6,OPSupp,16,519
POCA,Buntine,Canola,Core,6,Bag,12,128
POCA,Buntine,Canola,Core,6,BagSup,11,198
POCA,Buntine,Canola,Core,7,OP,9,158
POCA,Buntine,Canola,Core,7,OPSupp,19,732
POCA,Buntine,Canola,Core,7,Bag,8,58
POCA,Buntine,Canola,Core,7,BagSup,8,142
POCA,Buntine,Canola,Core,8,OP,15,863
POCA,Buntine,Canola,Core,8,OPSupp,16,792
POCA,Buntine,Canola,Core,8,Bag,25,216
POCA,Buntine,Canola,Core,8,BagSup,20,315
POCA,Buntine,Canola,Core,9,OP,7,132
POCA,Buntine,Canola,Core,9,OPSupp,5,200
POCA,Buntine,Canola,Core,9,Bag,5,0
POCA,Buntine,Canola,Core,9,BagSup,5,52
POCA,Buntine,Canola,Core,10,OP,11,634
POCA,Buntine,Canola,Core,10,OPSupp,21,880
POCA,Buntine,Canola,Core,10,Bag,15,350
POCA,Buntine,Canola,Core,10,BagSup,17,456
POCA,Buntine,Canola,Edge,1,OP,14,366
POCA,Buntine,Canola,Edge,1,OPSupp,14,574
POCA,Buntine,Canola,Edge,1,Bag,21,96
POCA,Buntine,Canola,Edge,1,BagSup,10,189
POCA,Buntine,Canola,Edge,2,OP,10,285
POCA,Buntine,Canola,Edge,2,OPSupp,4,93
POCA,Buntine,Canola,Edge,2,Bag,9,91
POCA,Buntine,Canola,Edge,2,BagSup,10,117
POCA,Buntine,Canola,Edge,3,OP,10,119
POCA,Buntine,Canola,Edge,3,OPSupp,5,127
POCA,Buntine,Canola,Edge,3,Bag,7,86
POCA,Buntine,Canola,Edge,3,BagSup,8,144
POCA,Buntine,Canola,Edge,4,OP,8,241
POCA,Buntine,Canola,Edge,4,OPSupp,6,244
POCA,Buntine,Canola,Edge,4,Bag,4,28
POCA,Buntine,Canola,Edge,4,BagSup,5,61
POCA,Buntine,Canola,Edge,5,OP,4,12
POCA,Buntine,Canola,Edge,5,OPSupp,13,108
POCA,Buntine,Canola,Edge,5,Bag,6,26
POCA,Buntine,Canola,Edge,5,BagSup,4,89
POCA,Buntine,Canola,Edge,6,OP,8,140
POCA,Buntine,Canola,Edge,6,OPSupp,5,207
POCA,Buntine,Canola,Edge,6,Bag,5,247
POCA,Buntine,Canola,Edge,6,BagSup,5,138
POCA,Buntine,Canola,Edge,7,OP,9,259
POCA,Buntine,Canola,Edge,7,OPSupp,11,591
POCA,Buntine,Canola,Edge,7,Bag,5,128
POCA,Buntine,Canola,Edge,7,BagSup,4,121
POCA,Buntine,Canola,Edge,8,OP,9,192
POCA,Buntine,Canola,Edge,8,OPSupp,6,154
POCA,Buntine,Canola,Edge,8,Bag,6,0
POCA,Buntine,Canola,Edge,8,BagSup,14,15
POCA,Buntine,Canola,Edge,9,OP,15,108
POCA,Buntine,Canola,Edge,9,OPSupp,17,221
POCA,Buntine,Canola,Edge,9,Bag,13,21
POCA,Buntine,Canola,Edge,9,BagSup,15,126
POCA,Buntine,Canola,Edge,10,OP,12,345
POCA,Buntine,Canola,Edge,10,OPSupp,8,271
POCA,Buntine,Canola,Edge,10,Bag,5,103
POCA,Buntine,Canola,Edge,10,BagSup,26,363
POCA,Rectangle,Wheat,Core,1,OP,42,1624
POCA,Rectangle,Wheat,Core,1,OPSupp,32,1610
POCA,Rectangle,Wheat,Core,1,Bag,29,240
POCA,Rectangle,Wheat,Core,1,BagSup,25,427
POCA,Rectangle,Wheat,Core,2,OP,37,1908
POCA,Rectangle,Wheat,Core,2,OPSupp,,
POCA,Rectangle,Wheat,Core,2,Bag,73,38
POCA,Rectangle,Wheat,Core,2,BagSup,642,52
POCA,Rectangle,Wheat,Core,3,OP,6,137
POCA,Rectangle,Wheat,Core,3,OPSupp,5,130
POCA,Rectangle,Wheat,Core,3,Bag,7,0
POCA,Rectangle,Wheat,Core,3,BagSup,9,13
POCA,Rectangle,Wheat,Core,4,OP,23,516
POCA,Rectangle,Wheat,Core,4,OPSupp,22,243
POCA,Rectangle,Wheat,Core,4,Bag,18,92
POCA,Rectangle,Wheat,Core,4,BagSup,15,0
POCA,Rectangle,Wheat,Core,5,OP,9,309
POCA,Rectangle,Wheat,Core,5,OPSupp,10,435
POCA,Rectangle,Wheat,Core,5,Bag,4,81
POCA,Rectangle,Wheat,Core,5,BagSup,10,24
POCA,Rectangle,Wheat,Core,6,OP,20,505
POCA,Rectangle,Wheat,Core,6,OPSupp,21,539
POCA,Rectangle,Wheat,Core,6,Bag,15,216
POCA,Rectangle,Wheat,Core,6,BagSup,9,140
POCA,Rectangle,Wheat,Core,7,OP,16,730
POCA,Rectangle,Wheat,Core,7,OPSupp,17,700
POCA,Rectangle,Wheat,Core,7,Bag,20,326
POCA,Rectangle,Wheat,Core,7,BagSup,10,185
POCA,Rectangle,Wheat,Core,8,OP,,
POCA,Rectangle,Wheat,Core,8,OPSupp,,
POCA,Rectangle,Wheat,Core,8,Bag,,
POCA,Rectangle,Wheat,Core,8,BagSup,,
POCA,Rectangle,Wheat,Core,9,OP,17,2248
POCA,Rectangle,Wheat,Core,9,OPSupp,14,1793
POCA,Rectangle,Wheat,Core,9,Bag,13,9
POCA,Rectangle,Wheat,Core,9,BagSup,7,142
POCA,Rectangle,Wheat,Core,10,OP,11,310
POCA,Rectangle,Wheat,Core,10,OPSupp,8,232
POCA,Rectangle,Wheat,Core,10,Bag,15,81
POCA,Rectangle,Wheat,Core,10,BagSup,8,60
POCA,Rectangle,Wheat,Edge,1,OP,15,189
POCA,Rectangle,Wheat,Edge,1,OPSupp,12,0
POCA,Rectangle,Wheat,Edge,1,Bag,4,0
POCA,Rectangle,Wheat,Edge,1,BagSup,6,0
POCA,Rectangle,Wheat,Edge,2,OP,10,300
POCA,Rectangle,Wheat,Edge,2,OPSupp,5,146
POCA,Rectangle,Wheat,Edge,2,Bag,5,0
POCA,Rectangle,Wheat,Edge,2,BagSup,12,314
POCA,Rectangle,Wheat,Edge,3,OP,23,1657
POCA,Rectangle,Wheat,Edge,3,OPSupp,8,348
POCA,Rectangle,Wheat,Edge,3,Bag,10,77
POCA,Rectangle,Wheat,Edge,3,BagSup,2,112
POCA,Rectangle,Wheat,Edge,4,OP,5,301
POCA,Rectangle,Wheat,Edge,4,OPSupp,3,229
POCA,Rectangle,Wheat,Edge,4,Bag,7,38
POCA,Rectangle,Wheat,Edge,4,BagSup,5,65
POCA,Rectangle,Wheat,Edge,5,OP,16,827
POCA,Rectangle,Wheat,Edge,5,OPSupp,18,964
POCA,Rectangle,Wheat,Edge,5,Bag,9,118
POCA,Rectangle,Wheat,Edge,5,BagSup,,
POCA,Rectangle,Wheat,Edge,6,OP,9,974
POCA,Rectangle,Wheat,Edge,6,OPSupp,10,868
POCA,Rectangle,Wheat,Edge,6,Bag,15,0
POCA,Rectangle,Wheat,Edge,6,BagSup,8,307
POCA,Rectangle,Wheat,Edge,7,OP,6,0
POCA,Rectangle,Wheat,Edge,7,OPSupp,5,0
POCA,Rectangle,Wheat,Edge,7,Bag,,
POCA,Rectangle,Wheat,Edge,7,BagSup,12,321
POCA,Rectangle,Wheat,Edge,8,OP,10,671
POCA,Rectangle,Wheat,Edge,8,OPSupp,4,230
POCA,Rectangle,Wheat,Edge,8,Bag,21,24
POCA,Rectangle,Wheat,Edge,8,BagSup,11,81
POCA,Rectangle,Wheat,Edge,9,OP,5,81
POCA,Rectangle,Wheat,Edge,9,OPSupp,17,547
POCA,Rectangle,Wheat,Edge,9,Bag,3,8
POCA,Rectangle,Wheat,Edge,9,BagSup,2,60
POCA,Rectangle,Wheat,Edge,10,OP,5,165
POCA,Rectangle,Wheat,Edge,10,OPSupp,10,239
POCA,Rectangle,Wheat,Edge,10,Bag,5,11
POCA,Rectangle,Wheat,Edge,10,BagSup,5,45
POCA,Rectangle,Canola,Core,1,OP,5,186
POCA,Rectangle,Canola,Core,1,OPSupp,6,174
POCA,Rectangle,Canola,Core,1,Bag,5,58
POCA,Rectangle,Canola,Core,1,BagSup,2,8
POCA,Rectangle,Canola,Core,2,OP,4,308
POCA,Rectangle,Canola,Core,2,OPSupp,7,485
POCA,Rectangle,Canola,Core,2,Bag,4,8
POCA,Rectangle,Canola,Core,2,BagSup,10,205
POCA,Rectangle,Canola,Core,3,OP,22,1150
POCA,Rectangle,Canola,Core,3,OPSupp,15,556
POCA,Rectangle,Canola,Core,3,Bag,3,5
POCA,Rectangle,Canola,Core,3,BagSup,3,2
POCA,Rectangle,Canola,Core,4,OP,9,417
POCA,Rectangle,Canola,Core,4,OPSupp,14,728
POCA,Rectangle,Canola,Core,4,Bag,8,195
POCA,Rectangle,Canola,Core,4,BagSup,10,173
POCA,Rectangle,Canola,Core,5,OP,3,47
POCA,Rectangle,Canola,Core,5,OPSupp,9,181
POCA,Rectangle,Canola,Core,5,Bag,4,0
POCA,Rectangle,Canola,Core,5,BagSup,4,144
POCA,Rectangle,Canola,Core,6,OP,2,0
POCA,Rectangle,Canola,Core,6,OPSupp,4,4
POCA,Rectangle,Canola,Core,6,Bag,6,0
POCA,Rectangle,Canola,Core,6,BagSup,3,6
POCA,Rectangle,Canola,Core,7,OP,4,148
POCA,Rectangle,Canola,Core,7,OPSupp,6,244
POCA,Rectangle,Canola,Core,7,Bag,5,17
POCA,Rectangle,Canola,Core,7,BagSup,3,38
POCA,Rectangle,Canola,Core,8,OP,13,742
POCA,Rectangle,Canola,Core,8,OPSupp,1,0
POCA,Rectangle,Canola,Core,8,Bag,2,7
POCA,Rectangle,Canola,Core,8,BagSup,0,0
POCA,Rectangle,Canola,Core,9,OP,7,300
POCA,Rectangle,Canola,Core,9,OPSupp,3,150
POCA,Rectangle,Canola,Core,9,Bag,4,6
POCA,Rectangle,Canola,Core,9,BagSup,3,129
POCA,Rectangle,Canola,Core,10,OP,22,868
POCA,Rectangle,Canola,Core,10,OPSupp,19,1015
POCA,Rectangle,Canola,Core,10,Bag,4,0
POCA,Rectangle,Canola,Core,10,BagSup,5,269
POCA,Rectangle,Canola,Edge,1,OP,11,446
POCA,Rectangle,Canola,Edge,1,OPSupp,10,716
POCA,Rectangle,Canola,Edge,1,Bag,7,118
POCA,Rectangle,Canola,Edge,1,BagSup,9,111
POCA,Rectangle,Canola,Edge,2,OP,16,977
POCA,Rectangle,Canola,Edge,2,OPSupp,18,1458
POCA,Rectangle,Canola,Edge,2,Bag,11,720
POCA,Rectangle,Canola,Edge,2,BagSup,14,232
POCA,Rectangle,Canola,Edge,3,OP,9,416
POCA,Rectangle,Canola,Edge,3,OPSupp,12,415
POCA,Rectangle,Canola,Edge,3,Bag,6,106
POCA,Rectangle,Canola,Edge,3,BagSup,12,579
POCA,Rectangle,Canola,Edge,4,OP,13,594
POCA,Rectangle,Canola,Edge,4,OPSupp,18,261
POCA,Rectangle,Canola,Edge,4,Bag,20,440
POCA,Rectangle,Canola,Edge,4,BagSup,23,84
POCA,Rectangle,Canola,Edge,5,OP,37,2227
POCA,Rectangle,Canola,Edge,5,OPSupp,11,518
POCA,Rectangle,Canola,Edge,5,Bag,14,485
POCA,Rectangle,Canola,Edge,5,BagSup,6,282
POCA,Rectangle,Canola,Edge,6,OP,12,799
POCA,Rectangle,Canola,Edge,6,OPSupp,8,388
POCA,Rectangle,Canola,Edge,6,Bag,14,44
POCA,Rectangle,Canola,Edge,6,BagSup,,
POCA,Rectangle,Canola,Edge,7,OP,7,368
POCA,Rectangle,Canola,Edge,7,OPSupp,11,574
POCA,Rectangle,Canola,Edge,7,Bag,4,104
POCA,Rectangle,Canola,Edge,7,BagSup,3,17
POCA,Rectangle,Canola,Edge,8,OP,10,460
POCA,Rectangle,Canola,Edge,8,OPSupp,14,583
POCA,Rectangle,Canola,Edge,8,Bag,5,20
POCA,Rectangle,Canola,Edge,8,BagSup,10,411
POCA,Rectangle,Canola,Edge,9,OP,51,3520
POCA,Rectangle,Canola,Edge,9,OPSupp,37,2171
POCA,Rectangle,Canola,Edge,9,Bag,34,200
POCA,Rectangle,Canola,Edge,9,BagSup,10,397
POCA,Rectangle,Canola,Edge,10,OP,9,786
POCA,Rectangle,Canola,Edge,10,OPSupp,12,164
POCA,Rectangle,Canola,Edge,10,Bag,12,135
POCA,Rectangle,Canola,Edge,10,BagSup,9,363
POCA,MayaPrivate,Canola,Core,1,OP,,91
POCA,MayaPrivate,Canola,Core,1,OPSupp,,44
POCA,MayaPrivate,Canola,Core,1,Bag,,12
POCA,MayaPrivate,Canola,Core,1,BagSup,,31
POCA,MayaPrivate,Canola,Core,2,OP,,137
POCA,MayaPrivate,Canola,Core,2,OPSupp,,0
POCA,MayaPrivate,Canola,Core,2,Bag,,64
POCA,MayaPrivate,Canola,Core,2,BagSup,,53
POCA,MayaPrivate,Canola,Core,3,OP,,276
POCA,MayaPrivate,Canola,Core,3,OPSupp,,325
POCA,MayaPrivate,Canola,Core,3,Bag,,77
POCA,MayaPrivate,Canola,Core,3,BagSup,,33
POCA,MayaPrivate,Canola,Core,4,OP,,166
POCA,MayaPrivate,Canola,Core,4,OPSupp,,85
POCA,MayaPrivate,Canola,Core,4,Bag,,5
POCA,MayaPrivate,Canola,Core,4,BagSup,,85
POCA,MayaPrivate,Canola,Core,5,OP,,151
POCA,MayaPrivate,Canola,Core,5,OPSupp,,228
POCA,MayaPrivate,Canola,Core,5,Bag,,18
POCA,MayaPrivate,Canola,Core,5,BagSup,,85
POCA,MayaPrivate,Canola,Core,6,OP,,62
POCA,MayaPrivate,Canola,Core,6,OPSupp,,341
POCA,MayaPrivate,Canola,Core,6,Bag,,21
POCA,MayaPrivate,Canola,Core,6,BagSup,,69
POCA,MayaPrivate,Canola,Core,7,OP,,65
POCA,MayaPrivate,Canola,Core,7,OPSupp,,52
POCA,MayaPrivate,Canola,Core,7,Bag,,0
POCA,MayaPrivate,Canola,Core,7,BagSup,,12
POCA,MayaPrivate,Canola,Core,8,OP,,217
POCA,MayaPrivate,Canola,Core,8,OPSupp,,81
POCA,MayaPrivate,Canola,Core,8,Bag,,8
POCA,MayaPrivate,Canola,Core,8,BagSup,,72
POCA,MayaPrivate,Canola,Core,9,OP,,203
POCA,MayaPrivate,Canola,Core,9,OPSupp,,9
POCA,MayaPrivate,Canola,Core,9,Bag,,14
POCA,MayaPrivate,Canola,Core,9,BagSup,,47
POCA,MayaPrivate,Canola,Core,10,OP,,116
POCA,MayaPrivate,Canola,Core,10,OPSupp,,135
POCA,MayaPrivate,Canola,Core,10,Bag,,15
POCA,MayaPrivate,Canola,Core,10,BagSup,,23
POCA,MayaPrivate,Canola,Edge,1,OP,,63
POCA,MayaPrivate,Canola,Edge,1,OPSupp,,22
POCA,MayaPrivate,Canola,Edge,1,Bag,,9
POCA,MayaPrivate,Canola,Edge,1,BagSup,,72
POCA,MayaPrivate,Canola,Edge,2,OP,,52
POCA,MayaPrivate,Canola,Edge,2,OPSupp,,66
POCA,MayaPrivate,Canola,Edge,2,Bag,,0
POCA,MayaPrivate,Canola,Edge,2,BagSup,,14
POCA,MayaPrivate,Canola,Edge,3,OP,,117
POCA,MayaPrivate,Canola,Edge,3,OPSupp,,108
POCA,MayaPrivate,Canola,Edge,3,Bag,,12
POCA,MayaPrivate,Canola,Edge,3,BagSup,,43
POCA,MayaPrivate,Canola,Edge,4,OP,,67
POCA,MayaPrivate,Canola,Edge,4,OPSupp,,197
POCA,MayaPrivate,Canola,Edge,4,Bag,,5
POCA,MayaPrivate,Canola,Edge,4,BagSup,,40
POCA,MayaPrivate,Canola,Edge,5,OP,,83
POCA,MayaPrivate,Canola,Edge,5,OPSupp,,71
POCA,MayaPrivate,Canola,Edge,5,Bag,,19
POCA,MayaPrivate,Canola,Edge,5,BagSup,,8
POCA,MayaPrivate,Canola,Edge,6,OP,,126
POCA,MayaPrivate,Canola,Edge,6,OPSupp,,186
POCA,MayaPrivate,Canola,Edge,6,Bag,,20
POCA,MayaPrivate,Canola,Edge,6,BagSup,,16
POCA,MayaPrivate,Canola,Edge,7,OP,,46
POCA,MayaPrivate,Canola,Edge,7,OPSupp,,38
POCA,MayaPrivate,Canola,Edge,7,Bag,,13
POCA,MayaPrivate,Canola,Edge,7,BagSup,,11
POCA,MayaPrivate,Canola,Edge,8,OP,,15
POCA,MayaPrivate,Canola,Edge,8,OPSupp,,58
POCA,MayaPrivate,Canola,Edge,8,Bag,,0
POCA,MayaPrivate,Canola,Edge,8,BagSup,,6
POCA,MayaPrivate,Canola,Edge,9,OP,,62
POCA,MayaPrivate,Canola,Edge,9,OPSupp,,89
POCA,MayaPrivate,Canola,Edge,9,Bag,,3
POCA,MayaPrivate,Canola,Edge,9,BagSup,,64
POCA,MayaPrivate,Canola,Edge,10,OP,,16
POCA,MayaPrivate,Canola,Edge,10,OPSupp,,81
POCA,MayaPrivate,Canola,Edge,10,Bag,,28
POCA,MayaPrivate,Canola,Edge,10,BagSup,,9