reserve,trt.comp,trt.water,plot,quadrant,focal,flower,seed
Bendering,E,D,BAH1.E.D,1,A,2,NA
Bendering,E,D,BAH1.E.D,2,H,2,NA
Bendering,E,D,BAH1.E.D,3,A,1,NA
Bendering,M,D,BAH1.M.D,1,H,6,NA
Bendering,M,D,BAH1.M.D,2,H,5,NA
Bendering,M,D,BAH1.M.D,3,A,5,NA
Bendering,M,D,BAH1.M.D,4,A,2,0
Bendering,M,W,BAH1.M.W,1,A,5,0
Bendering,M,W,BAH1.M.W,2,A,11,53
Bendering,M,W,BAH1.M.W,3,H,9,NA
Bendering,M,W,BAH1.M.W,4,H,4,NA
Bendering,N,W,BAH1.N.W,1,H,2,NA
Bendering,N,W,BAH1.N.W,2,A,4,NA
Bendering,N,W,BAH1.N.W,3,H,5,NA
Bendering,N,W,BAH1.N.W,4,A,3,0
Bendering,S,D,BAH1.S.D,1,A,7,NA
Bendering,S,D,BAH1.S.D,4,A,2,NA
Bendering,S,W,BAH1.S.W,1,A,3,NA
Bendering,S,W,BAH1.S.W,2,A,2,0
Bendering,S,W,BAH1.S.W,3,H,3,NA
Bendering,S,W,BAH1.S.W,4,H,2,NA
Bendering,C,D,BAH2.C.D,1,A,2,NA
Bendering,C,D,BAH2.C.D,2,H,2,NA
Bendering,C,D,BAH2.C.D,3,H,1,NA
Bendering,C,D,BAH2.C.D,4,A,NA,NA
Bendering,C,W,BAH2.C.W,1,H,1,NA
Bendering,C,W,BAH2.C.W,2,A,NA,NA
Bendering,C,W,BAH2.C.W,3,H,NA,NA
Bendering,C,W,BAH2.C.W,4,A,NA,NA
Bendering,E,W,BAH2.E.W,1,H,3,NA
Bendering,E,W,BAH2.E.W,2,A,1,NA
Bendering,E,W,BAH2.E.W,3,H,5,NA
Bendering,E,W,BAH2.E.W,4,A,2,0
Bendering,M,D,BAH2.M.D,2,A,3,NA
Bendering,M,D,BAH2.M.D,1,H,5,230
Bendering,M,D,BAH2.M.D,3,H,5,185
Bendering,M,D,BAH2.M.D,4,A,5,NA
Bendering,M,W,BAH2.M.W,1,H,2,NA
Bendering,M,W,BAH2.M.W,2,A,2,NA
Bendering,M,W,BAH2.M.W,3,A,1,NA
Bendering,N,W,BAH2.N.W,2,H,1,NA
Bendering,N,W,BAH2.N.W,3,A,3,NA
Bendering,N,W,BAH2.N.W,4,H,1,NA
Bendering,S,W,BAH2.S.W,1,A,1,NA
Bendering,S,W,BAH2.S.W,2,H,5,116
Bendering,S,W,BAH2.S.W,3,A,3,NA
Bendering,S,W,BAH2.S.W,4,H,2,NA
Bendering,E,D,BAH3.E.D,1,H,6,NA
Bendering,E,D,BAH3.E.D,2,A,4,NA
Bendering,E,D,BAH3.E.D,3,A,1,0
Bendering,E,D,BAH3.E.D,4,H,2,NA
Bendering,M,D,BAH3.M.D,1,H,NA,NA
Bendering,M,D,BAH3.M.D,2,A,2,26
Bendering,M,D,BAH3.M.D,3,A,4,22
Bendering,M,D,BAH3.M.D,4,H,1,27
Bendering,N,D,BAH3.N.D,1,A,4,0
Bendering,N,D,BAH3.N.D,2,A,0,0
Bendering,N,D,BAH3.N.D,3,H,1,19
Bendering,N,D,BAH3.N.D,4,H,3,NA
Bendering,C,W,BAH4.C.W,2,H,3,NA
Bendering,C,W,BAH4.C.W,3,A,4,NA
Bendering,E,W,BAH4.E.W,1,H,2,NA
Bendering,E,W,BAH4.E.W,2,H,2,NA
Bendering,M,W,BAH4.M.W,1,H,NA,NA
Bendering,M,W,BAH4.M.W,2,H,NA,NA
Bendering,M,W,BAH4.M.W,3,A,3,NA
Bendering,M,W,BAH4.M.W,4,A,3,NA
Bendering,N,W,BAH4.N.W,1,H,4,NA
Bendering,N,W,BAH4.N.W,2,A,3,NA
Bendering,N,W,BAH4.N.W,3,A,2,0
Bendering,N,W,BAH4.N.W,4,H,4,NA
Bendering,S,W,BAH4.S.W,1,H,9,88
Bendering,S,W,BAH4.S.W,2,A,NA,NA
Bendering,S,W,BAH4.S.W,3,A,3,NA
Bendering,S,W,BAH4.S.W,4,H,8,91
Bendering,C,W,BAT1.C.W,1,A,1,NA
Bendering,C,W,BAT1.C.W,2,T,22.5,45
Bendering,C,W,BAT1.C.W,3,T,36,72
Bendering,C,W,BAT1.C.W,4,A,3,NA
Bendering,M,W,BAT1.M.W,1,A,3,NA
Bendering,M,W,BAT1.M.W,2,A,4,NA
Bendering,M,W,BAT1.M.W,3,T,94.5,189
Bendering,M,W,BAT1.M.W,4,T,45,90
Bendering,C,W,BAT2.C.W,1,A,1,NA
Bendering,C,W,BAT2.C.W,2,A,0,0
Bendering,M,W,BAT2.M.W,1,A,NA,NA
Bendering,M,W,BAT2.M.W,2,A,NA,NA
Bendering,M,W,BAT2.M.W,3,T,31.5,63
Bendering,M,W,BAT2.M.W,4,T,49.5,99
Bendering,N,W,BAT2.N.W,1,A,2,0
Bendering,N,W,BAT2.N.W,2,A,3,NA
Bendering,N,W,BAT2.N.W,3,T,18,36
Bendering,N,W,BAT2.N.W,4,T,27,54
Bendering,S,D,BAT2.S.D,1,T,13.5,27
Bendering,S,D,BAT2.S.D,2,T,22.5,45
Bendering,S,D,BAT2.S.D,3,A,2,NA
Bendering,S,D,BAT2.S.D,4,A,2,NA
Bendering,S,W,BAT2.S.W,1,A,2,NA
Bendering,S,W,BAT2.S.W,2,A,1,NA
Bendering,S,W,BAT2.S.W,3,T,27,54
Bendering,S,W,BAT2.S.W,4,T,9,18
Bendering,C,W,BAT3.C.W,1,A,2,NA
Bendering,C,W,BAT3.C.W,2,A,3,NA
Bendering,C,W,BAT3.C.W,3,T,18,36
Bendering,E,W,BAT3.E.W,1,A,12,NA
Bendering,E,W,BAT3.E.W,2,A,2,0
Bendering,M,W,BAT3.M.W,1,T,49.5,99
Bendering,M,W,BAT3.M.W,2,A,2,NA
Bendering,M,W,BAT3.M.W,3,A,3,0
Bendering,M,W,BAT3.M.W,4,T,22.5,45
Bendering,N,W,BAT3.N.W,2,T,13.5,27
Bendering,N,W,BAT3.N.W,3,A,9,0
Bendering,N,W,BAT3.N.W,4,A,6,NA
Bendering,S,W,BAT3.S.W,1,A,2,0
Bendering,S,W,BAT3.S.W,2,T,49.5,99
Bendering,S,W,BAT3.S.W,3,T,81,162
Bendering,S,W,BAT3.S.W,4,A,3,NA
Bendering,E,D,BAT4.E.D,1,T,31.5,63
Bendering,E,D,BAT4.E.D,2,A,NA,NA
Bendering,E,D,BAT4.E.D,3,A,NA,NA
Bendering,M,W,BAT4.M.W,1,T,49.5,99
Bendering,M,W,BAT4.M.W,2,A,NA,NA
Bendering,M,W,BAT4.M.W,3,A,NA,NA
Bendering,M,W,BAT4.M.W,4,T,135,270
Bendering,C,D,BAW1.C.D,1,A,1,0
Bendering,C,D,BAW1.C.D,3,W,8,NA
Bendering,C,D,BAW1.C.D,4,A,1,NA
Bendering,E,D,BAW1.E.D,1,A,7,NA
Bendering,E,D,BAW1.E.D,2,W,3,73
Bendering,E,D,BAW1.E.D,3,W,7,14
Bendering,E,D,BAW1.E.D,4,A,NA,NA
Bendering,M,D,BAW1.M.D,1,W,19,289
Bendering,M,D,BAW1.M.D,2,W,22,210
Bendering,M,D,BAW1.M.D,4,A,8,NA
Bendering,N,D,BAW1.N.D,1,W,9,98
Bendering,N,D,BAW1.N.D,2,A,2,NA
Bendering,N,D,BAW1.N.D,3,A,2,NA
Bendering,N,D,BAW1.N.D,4,W,7,66
Bendering,S,D,BAW1.S.D,1,W,11,36
Bendering,S,D,BAW1.S.D,2,A,7,NA
Bendering,S,D,BAW1.S.D,3,A,1,NA
Bendering,S,D,BAW1.S.D,4,W,9,81
Bendering,C,W,BAW2.C.W,1,W,8,NA
Bendering,C,W,BAW2.C.W,2,A,1,NA
Bendering,C,W,BAW2.C.W,3,A,2,0
Bendering,C,W,BAW2.C.W,4,W,5,NA
Bendering,E,W,BAW2.E.W,1,W,7,97
Bendering,E,W,BAW2.E.W,2,A,3,7
Bendering,E,W,BAW2.E.W,3,W,4,104
Bendering,E,W,BAW2.E.W,4,A,3,12
Bendering,M,W,BAW2.M.W,1,W,15,176
Bendering,M,W,BAW2.M.W,2,W,16,402
Bendering,M,W,BAW2.M.W,3,A,2,0
Bendering,M,W,BAW2.M.W,4,A,3,0
Bendering,N,W,BAW2.N.W,1,W,9,NA
Bendering,N,W,BAW2.N.W,2,A,NA,NA
Bendering,N,W,BAW2.N.W,3,A,2,0
Bendering,S,W,BAW2.S.W,2,W,18,349
Bendering,S,W,BAW2.S.W,3,A,5,NA
Bendering,S,W,BAW2.S.W,4,A,1,NA
Bendering,C,D,BAW4.C.D,1,W,10,166
Bendering,C,D,BAW4.C.D,2,W,9,NA
Bendering,C,D,BAW4.C.D,3,A,1,NA
Bendering,C,D,BAW4.C.D,4,A,NA,NA
Bendering,C,W,BAW4.C.W,2,A,3,NA
Bendering,C,W,BAW4.C.W,3,A,3,0
Bendering,E,D,BAW4.E.D,1,W,3,3
Bendering,E,D,BAW4.E.D,2,W,3,NA
Bendering,E,D,BAW4.E.D,3,A,2,NA
Bendering,E,D,BAW4.E.D,4,A,2,NA
Bendering,E,W,BAW4.E.W,1,A,2,0
Bendering,E,W,BAW4.E.W,2,A,4,NA
Bendering,E,W,BAW4.E.W,3,W,7,NA
Bendering,E,W,BAW4.E.W,4,W,9,90
Bendering,M,D,BAW4.M.D,2,W,12,NA
Bendering,M,D,BAW4.M.D,4,A,NA,NA
Bendering,N,D,BAW4.N.D,1,A,2,NA
Bendering,N,D,BAW4.N.D,2,W,5,17
Bendering,N,D,BAW4.N.D,3,A,2,0
Bendering,N,D,BAW4.N.D,4,W,9,93
Bendering,N,W,BAW4.N.W,1,A,3,NA
Bendering,N,W,BAW4.N.W,2,W,6,NA
Bendering,N,W,BAW4.N.W,3,W,5,NA
Bendering,N,W,BAW4.N.W,4,A,1,NA
Bendering,S,D,BAW4.S.D,3,W,40,417
Bendering,S,D,BAW4.S.D,4,A,NA,NA
Bendering,S,W,BAW4.S.W,1,A,NA,NA
Bendering,S,W,BAW4.S.W,3,W,53,775
Bendering,C,D,BHT1.C.D,1,T,13.5,27
Bendering,C,D,BHT1.C.D,2,H,2,NA
Bendering,C,D,BHT1.C.D,3,T,13.5,27
Bendering,C,D,BHT1.C.D,4,H,NA,NA
Bendering,E,D,BHT1.E.D,1,H,3,NA
Bendering,E,D,BHT1.E.D,2,H,4,36
Bendering,E,D,BHT1.E.D,3,T,27,54
Bendering,E,D,BHT1.E.D,4,T,13.5,27
Bendering,M,D,BHT1.M.D,1,H,NA,NA
Bendering,M,D,BHT1.M.D,2,H,NA,NA
Bendering,M,D,BHT1.M.D,3,T,18,36
Bendering,M,D,BHT1.M.D,4,T,18,36
Bendering,N,D,BHT1.N.D,1,T,27,54
Bendering,N,D,BHT1.N.D,2,T,58.5,117
Bendering,N,D,BHT1.N.D,3,H,NA,NA
Bendering,N,D,BHT1.N.D,4,H,1,NA
Bendering,S,D,BHT1.S.D,1,T,18,36
Bendering,S,D,BHT1.S.D,2,H,3,NA
Bendering,S,D,BHT1.S.D,3,H,5,NA
Bendering,S,D,BHT1.S.D,4,T,72,144
Bendering,C,W,BHT2.C.W,1,H,4,NA
Bendering,C,W,BHT2.C.W,2,T,18,36
Bendering,C,W,BHT2.C.W,3,T,9,18
Bendering,C,W,BHT2.C.W,4,H,1,NA
Bendering,E,W,BHT2.E.W,1,H,2,37
Bendering,E,W,BHT2.E.W,2,T,NA,NA
Bendering,E,W,BHT2.E.W,3,T,27,54
Bendering,E,W,BHT2.E.W,4,H,2,NA
Bendering,M,W,BHT2.M.W,1,H,3,50
Bendering,M,W,BHT2.M.W,2,T,18,36
Bendering,M,W,BHT2.M.W,3,T,22.5,45
Bendering,M,W,BHT2.M.W,4,H,1,NA
Bendering,N,W,BHT2.N.W,1,T,31.5,63
Bendering,N,W,BHT2.N.W,2,H,1,13
Bendering,N,W,BHT2.N.W,3,T,13.5,27
Bendering,S,W,BHT2.S.W,1,T,22.5,45
Bendering,S,W,BHT2.S.W,2,H,8,NA
Bendering,S,W,BHT2.S.W,3,H,NA,NA
Bendering,S,W,BHT2.S.W,4,T,135,270
Bendering,C,D,BHT3.C.D,1,H,1,22
Bendering,C,D,BHT3.C.D,4,H,1,33
Bendering,E,D,BHT3.E.D,2,T,13.5,27
Bendering,E,D,BHT3.E.D,3,H,2,48
Bendering,E,D,BHT3.E.D,4,H,3,48
Bendering,M,D,BHT3.M.D,1,H,2,46
Bendering,M,D,BHT3.M.D,2,H,1,0
Bendering,M,W,BHT3.M.W,1,H,3,NA
Bendering,M,W,BHT3.M.W,2,H,2,NA
Bendering,M,W,BHT3.M.W,3,T,45,90
Bendering,M,W,BHT3.M.W,4,T,NA,NA
Bendering,N,D,BHT3.N.D,1,T,4.5,9
Bendering,N,D,BHT3.N.D,2,H,1,10
Bendering,N,D,BHT3.N.D,3,H,1,NA
Bendering,N,D,BHT3.N.D,4,T,4.5,9
Bendering,S,D,BHT3.S.D,1,T,108,216
Bendering,S,D,BHT3.S.D,2,H,5,NA
Bendering,S,D,BHT3.S.D,3,H,3,NA
Bendering,E,W,BHT4.E.W,1,H,2,6
Bendering,E,W,BHT4.E.W,2,T,63,126
Bendering,E,W,BHT4.E.W,3,H,6,48
Bendering,E,W,BHT4.E.W,4,T,22.5,45
Bendering,M,D,BHT4.M.D,1,H,2,NA
Bendering,M,D,BHT4.M.D,2,T,40.5,81
Bendering,M,D,BHT4.M.D,3,T,40.5,81
Bendering,M,D,BHT4.M.D,4,H,2,10
Bendering,N,D,BHT4.N.D,1,T,27,54
Bendering,N,D,BHT4.N.D,2,H,2,NA
Bendering,N,D,BHT4.N.D,3,T,36,72
Bendering,N,D,BHT4.N.D,4,H,2,NA
Bendering,S,D,BHT4.S.D,1,H,5,NA
Bendering,S,D,BHT4.S.D,2,T,126,252
Bendering,S,D,BHT4.S.D,3,H,5,28
Bendering,S,D,BHT4.S.D,4,T,103.5,207
Bendering,C,D,BHW1.C.D,1,H,NA,NA
Bendering,C,D,BHW1.C.D,2,W,7,234
Bendering,C,D,BHW1.C.D,3,H,1,NA
Bendering,C,D,BHW1.C.D,4,W,13,NA
Bendering,E,D,BHW1.E.D,1,H,NA,NA
Bendering,E,D,BHW1.E.D,2,W,8,NA
Bendering,E,D,BHW1.E.D,4,H,2,NA
Bendering,M,D,BHW1.M.D,1,H,NA,NA
Bendering,M,D,BHW1.M.D,2,H,NA,NA
Bendering,M,D,BHW1.M.D,3,W,7,61
Bendering,M,D,BHW1.M.D,4,W,10,378
Bendering,N,D,BHW1.N.D,1,W,9,335
Bendering,N,D,BHW1.N.D,2,W,14,NA
Bendering,N,D,BHW1.N.D,3,H,NA,NA
Bendering,N,D,BHW1.N.D,4,H,1,NA
Bendering,S,D,BHW1.S.D,1,W,21,NA
Bendering,S,D,BHW1.S.D,2,H,2,NA
Bendering,S,D,BHW1.S.D,3,H,2,NA
Bendering,S,D,BHW1.S.D,4,W,20,NA
Bendering,C,W,BHW2.C.W,2,W,8,NA
Bendering,C,W,BHW2.C.W,4,W,14,185
Bendering,M,W,BHW2.M.W,1,W,2,NA
Bendering,M,W,BHW2.M.W,2,W,5,NA
Bendering,M,W,BHW2.M.W,3,H,NA,NA
Bendering,M,W,BHW2.M.W,4,H,NA,NA
Bendering,N,W,BHW2.N.W,2,H,1,NA
Bendering,N,W,BHW2.N.W,3,W,3,53
Bendering,N,W,BHW2.N.W,4,W,6,80
Bendering,S,W,BHW2.S.W,1,W,6,NA
Bendering,S,W,BHW2.S.W,2,H,3,NA
Bendering,S,W,BHW2.S.W,3,W,3,NA
Bendering,S,W,BHW2.S.W,4,H,3,NA
Bendering,C,D,BHW3.C.D,1,H,1,NA
Bendering,C,D,BHW3.C.D,2,H,1,NA
Bendering,C,D,BHW3.C.D,3,W,5,0
Bendering,C,D,BHW3.C.D,4,W,7,0
Bendering,C,W,BHW3.C.W,1,W,9,0
Bendering,C,W,BHW3.C.W,2,H,1,NA
Bendering,C,W,BHW3.C.W,3,W,3,NA
Bendering,C,W,BHW3.C.W,4,H,1,NA
Bendering,E,W,BHW3.E.W,1,W,18,310
Bendering,E,W,BHW3.E.W,2,H,2,NA
Bendering,E,W,BHW3.E.W,3,W,10,NA
Bendering,E,W,BHW3.E.W,4,H,1,9
Bendering,M,W,BHW3.M.W,1,W,27,NA
Bendering,M,W,BHW3.M.W,2,W,22,NA
Bendering,M,W,BHW3.M.W,3,H,NA,NA
Bendering,M,W,BHW3.M.W,4,H,2,0
Bendering,N,W,BHW3.N.W,2,H,3,NA
Bendering,N,W,BHW3.N.W,4,W,8,NA
Bendering,S,W,BHW3.S.W,1,H,3,32
Bendering,S,W,BHW3.S.W,2,H,2,NA
Bendering,S,W,BHW3.S.W,3,W,18,NA
Bendering,S,W,BHW3.S.W,4,W,3,0
Bendering,C,D,BHW4.C.D,1,H,1,18
Bendering,C,D,BHW4.C.D,2,W,7,128
Bendering,C,D,BHW4.C.D,3,H,3,NA
Bendering,C,D,BHW4.C.D,4,W,8,15
Bendering,E,D,BHW4.E.D,1,W,3,NA
Bendering,E,D,BHW4.E.D,2,H,1,9
Bendering,E,D,BHW4.E.D,3,H,2,20
Bendering,E,D,BHW4.E.D,4,W,9,210
Bendering,M,D,BHW4.M.D,1,W,7,53
Bendering,M,D,BHW4.M.D,2,W,3,35
Bendering,M,D,BHW4.M.D,3,H,2,12
Bendering,N,D,BHW4.N.D,1,W,10,24
Bendering,N,D,BHW4.N.D,2,W,5,58
Bendering,N,D,BHW4.N.D,3,H,1,NA
Bendering,N,D,BHW4.N.D,4,H,1,NA
Bendering,S,D,BHW4.S.D,1,H,2,14
Bendering,S,D,BHW4.S.D,2,H,2,NA
Bendering,S,D,BHW4.S.D,3,W,12,231
Bendering,S,D,BHW4.S.D,4,W,18,338
Bendering,C,D,BTW1.C.D,1,T,54,108
Bendering,C,D,BTW1.C.D,2,W,5,40
Bendering,C,D,BTW1.C.D,3,W,22,NA
Bendering,E,D,BTW1.E.D,1,T,45,90
Bendering,E,D,BTW1.E.D,2,W,10,55
Bendering,E,D,BTW1.E.D,3,W,16,170
Bendering,E,W,BTW1.E.W,1,T,45,90
Bendering,E,W,BTW1.E.W,4,T,36,72
Bendering,M,D,BTW1.M.D,1,T,58.5,117
Bendering,M,D,BTW1.M.D,2,T,27,54
Bendering,M,D,BTW1.M.D,3,W,22,545
Bendering,M,D,BTW1.M.D,4,W,9,NA
Bendering,N,D,BTW1.N.D,2,W,16,62
Bendering,N,D,BTW1.N.D,3,W,13,209
Bendering,N,D,BTW1.N.D,4,T,18,36
Bendering,S,D,BTW1.S.D,1,W,10,NA
Bendering,S,D,BTW1.S.D,2,T,67.5,135
Bendering,S,D,BTW1.S.D,3,T,180,360
Bendering,S,D,BTW1.S.D,4,W,26,435
Bendering,C,W,BTW2.C.W,1,W,8,44
Bendering,C,W,BTW2.C.W,3,T,22.5,45
Bendering,C,W,BTW2.C.W,4,T,13.5,27
Bendering,E,W,BTW2.E.W,1,T,13.5,27
Bendering,E,W,BTW2.E.W,2,W,12,218
Bendering,E,W,BTW2.E.W,3,T,18,36
Bendering,E,W,BTW2.E.W,4,W,2,NA
Bendering,M,W,BTW2.M.W,1,T,22.5,45
Bendering,M,W,BTW2.M.W,2,W,9,NA
Bendering,M,W,BTW2.M.W,3,W,6,87
Bendering,M,W,BTW2.M.W,4,T,22.5,45
Bendering,N,W,BTW2.N.W,1,W,9,56
Bendering,N,W,BTW2.N.W,2,T,18,36
Bendering,N,W,BTW2.N.W,3,W,6,NA
Bendering,N,W,BTW2.N.W,4,T,13.5,27
Bendering,S,W,BTW2.S.W,1,T,18,36
Bendering,S,W,BTW2.S.W,2,W,27,311
Bendering,S,W,BTW2.S.W,3,T,45,90
Bendering,S,W,BTW2.S.W,4,W,1,NA
Bendering,C,D,BTW3.C.D,2,W,9,52
Bendering,C,D,BTW3.C.D,3,W,7,149
Bendering,C,W,BTW3.C.W,3,W,20,24
Bendering,C,W,BTW3.C.W,4,W,2,52
Bendering,E,W,BTW3.E.W,1,W,6,78
Bendering,E,W,BTW3.E.W,4,W,1,0
Bendering,M,W,BTW3.M.W,1,W,6,20
Bendering,M,W,BTW3.M.W,2,W,4,18
Bendering,N,W,BTW3.N.W,2,W,5,NA
Bendering,N,W,BTW3.N.W,3,W,7,18
Bendering,S,W,BTW3.S.W,3,W,15,149
Bendering,S,W,BTW3.S.W,4,W,7,95
Bendering,C,W,BTW4.C.W,1,W,12,120
Bendering,C,W,BTW4.C.W,2,W,13,290
Bendering,C,W,BTW4.C.W,4,T,81,162
Bendering,E,W,BTW4.E.W,1,T,40.5,81
Bendering,E,W,BTW4.E.W,2,W,17,327
Bendering,E,W,BTW4.E.W,4,W,12,20
Bendering,M,W,BTW4.M.W,1,W,5,44
Bendering,M,W,BTW4.M.W,2,T,67.5,135
Bendering,M,W,BTW4.M.W,3,T,36,72
Bendering,M,W,BTW4.M.W,4,W,4,NA
Bendering,N,W,BTW4.N.W,2,W,5,NA
Bendering,N,W,BTW4.N.W,3,T,90,180
Bendering,N,W,BTW4.N.W,4,W,29,306
Bendering,S,W,BTW4.S.W,1,W,20,246
Bendering,S,W,BTW4.S.W,2,W,12,NA
Bendering,S,W,BTW4.S.W,3,T,112.5,225
Perenjori,C,D,PAH1.C.D,2,H,4,NA
Perenjori,E,W,PAH1.E.W,1,H,1,NA
Perenjori,E,W,PAH1.E.W,2,A,6,NA
Perenjori,E,W,PAH1.E.W,3,H,1,NA
Perenjori,E,W,PAH1.E.W,4,A,4,NA
Perenjori,M,D,PAH1.M.D,1,A,4,NA
Perenjori,M,D,PAH1.M.D,2,H,4,48
Perenjori,M,D,PAH1.M.D,3,A,3,NA
Perenjori,M,D,PAH1.M.D,4,H,3,NA
Perenjori,M,W,PAH1.M.W,1,A,3,NA
Perenjori,M,W,PAH1.M.W,2,A,8,195
Perenjori,M,W,PAH1.M.W,3,H,4,NA
Perenjori,M,W,PAH1.M.W,4,H,6,95
Perenjori,S,W,PAH1.S.W,1,H,5,NA
Perenjori,S,W,PAH1.S.W,2,A,9,NA
Perenjori,S,W,PAH1.S.W,3,A,5,NA
Perenjori,S,W,PAH1.S.W,4,H,5,NA
Perenjori,C,D,PAH2.C.D,3,H,4,0
Perenjori,C,D,PAH2.C.D,4,A,1,0
Perenjori,C,W,PAH2.C.W,3,A,2,NA
Perenjori,C,W,PAH2.C.W,4,H,7,NA
Perenjori,E,W,PAH2.E.W,1,H,4,0
Perenjori,E,W,PAH2.E.W,2,H,3,81
Perenjori,E,W,PAH2.E.W,3,A,5,NA
Perenjori,M,D,PAH2.M.D,1,H,2,0
Perenjori,M,D,PAH2.M.D,2,A,6,NA
Perenjori,M,D,PAH2.M.D,3,A,11,NA
Perenjori,M,D,PAH2.M.D,4,H,1,NA
Perenjori,M,W,PAH2.M.W,1,H,3,NA
Perenjori,M,W,PAH2.M.W,2,A,4,NA
Perenjori,M,W,PAH2.M.W,3,A,13,NA
Perenjori,M,W,PAH2.M.W,4,H,5,NA
Perenjori,N,D,PAH2.N.D,1,A,3,NA
Perenjori,N,D,PAH2.N.D,2,H,4,NA
Perenjori,N,D,PAH2.N.D,3,A,9,NA
Perenjori,N,D,PAH2.N.D,4,H,5,NA
Perenjori,N,W,PAH2.N.W,1,H,4,NA
Perenjori,N,W,PAH2.N.W,3,A,3,NA
Perenjori,N,W,PAH2.N.W,4,H,4,18
Perenjori,S,D,PAH2.S.D,1,A,2,0
Perenjori,S,D,PAH2.S.D,2,H,3,0
Perenjori,S,W,PAH2.S.W,1,H,6,NA
Perenjori,S,W,PAH2.S.W,2,H,4,NA
Perenjori,S,W,PAH2.S.W,3,A,6,NA
Perenjori,S,W,PAH2.S.W,4,A,5,NA
Perenjori,E,W,PAH3.E.W,1,A,5,NA
Perenjori,E,W,PAH3.E.W,2,H,3,NA
Perenjori,E,W,PAH3.E.W,3,A,7,NA
Perenjori,E,W,PAH3.E.W,4,H,2,NA
Perenjori,M,D,PAH3.M.D,1,A,3,NA
Perenjori,M,D,PAH3.M.D,2,H,2,30
Perenjori,M,D,PAH3.M.D,3,A,4,NA
Perenjori,M,D,PAH3.M.D,4,H,2,68
Perenjori,N,D,PAH3.N.D,1,H,5,NA
Perenjori,N,D,PAH3.N.D,2,A,5,NA
Perenjori,N,D,PAH3.N.D,4,H,1,NA
Perenjori,N,W,PAH3.N.W,1,A,7,175
Perenjori,N,W,PAH3.N.W,2,H,3,NA
Perenjori,N,W,PAH3.N.W,3,A,8,NA
Perenjori,N,W,PAH3.N.W,4,H,2,NA
Perenjori,C,W,PAH4.C.W,1,H,2,NA
Perenjori,C,W,PAH4.C.W,2,A,1,NA
Perenjori,C,W,PAH4.C.W,3,H,1,24
Perenjori,C,W,PAH4.C.W,4,A,4,NA
Perenjori,E,D,PAH4.E.D,1,A,3,NA
Perenjori,E,D,PAH4.E.D,2,H,5,NA
Perenjori,E,D,PAH4.E.D,3,H,5,56
Perenjori,E,D,PAH4.E.D,4,A,3,NA
Perenjori,E,W,PAH4.E.W,1,A,4,NA
Perenjori,E,W,PAH4.E.W,2,H,3,18
Perenjori,E,W,PAH4.E.W,3,A,3,NA
Perenjori,E,W,PAH4.E.W,4,H,3,0
Perenjori,N,W,PAH4.N.W,1,A,1,NA
Perenjori,N,W,PAH4.N.W,2,H,4,NA
Perenjori,N,W,PAH4.N.W,3,A,2,NA
Perenjori,N,W,PAH4.N.W,4,H,4,100
Perenjori,S,D,PAH4.S.D,1,H,8,140
Perenjori,S,D,PAH4.S.D,2,A,3,NA
Perenjori,S,D,PAH4.S.D,3,H,3,39
Perenjori,S,D,PAH4.S.D,4,A,6,NA
Perenjori,C,D,PAT1.C.D,1,T,9,18
Perenjori,C,D,PAT1.C.D,2,A,2,NA
Perenjori,C,D,PAT1.C.D,3,A,6,NA
Perenjori,C,D,PAT1.C.D,4,T,18,36
Perenjori,C,W,PAT1.C.W,1,A,5,NA
Perenjori,C,W,PAT1.C.W,3,A,6,NA
Perenjori,C,W,PAT1.C.W,4,T,13.5,27
Perenjori,E,D,PAT1.E.D,1,T,27,54
Perenjori,E,D,PAT1.E.D,2,T,9,18
Perenjori,E,D,PAT1.E.D,3,A,1,NA
Perenjori,E,D,PAT1.E.D,4,A,2,NA
Perenjori,E,W,PAT1.E.W,1,A,3,NA
Perenjori,E,W,PAT1.E.W,2,A,7,NA
Perenjori,M,D,PAT1.M.D,1,A,7,NA
Perenjori,M,D,PAT1.M.D,2,A,15,NA
Perenjori,M,D,PAT1.M.D,3,T,9,18
Perenjori,M,D,PAT1.M.D,4,T,36,72
Perenjori,M,W,PAT1.M.W,1,T,31.5,63
Perenjori,M,W,PAT1.M.W,2,T,27,54
Perenjori,M,W,PAT1.M.W,3,A,2,NA
Perenjori,M,W,PAT1.M.W,4,A,8,NA
Perenjori,N,D,PAT1.N.D,1,A,2,0
Perenjori,N,D,PAT1.N.D,2,T,18,36
Perenjori,N,D,PAT1.N.D,3,T,13.5,27
Perenjori,N,D,PAT1.N.D,4,A,3,NA
Perenjori,N,W,PAT1.N.W,1,A,1,0
Perenjori,N,W,PAT1.N.W,2,T,31.5,63
Perenjori,N,W,PAT1.N.W,3,A,5,NA
Perenjori,S,D,PAT1.S.D,1,T,13.5,27
Perenjori,S,D,PAT1.S.D,2,T,9,18
Perenjori,S,D,PAT1.S.D,3,A,4,NA
Perenjori,S,D,PAT1.S.D,4,A,3,NA
Perenjori,S,W,PAT1.S.W,1,T,49.5,99
Perenjori,S,W,PAT1.S.W,2,A,5,NA
Perenjori,S,W,PAT1.S.W,3,A,9,NA
Perenjori,S,W,PAT1.S.W,4,T,58.5,117
Perenjori,N,W,PAT2.N.W,1,T,9,18
Perenjori,N,W,PAT2.N.W,2,A,2,NA
Perenjori,N,W,PAT2.N.W,3,A,1,0
Perenjori,N,W,PAT2.N.W,4,T,13.5,27
Perenjori,S,W,PAT2.S.W,1,T,18,36
Perenjori,S,W,PAT2.S.W,2,A,4,NA
Perenjori,S,W,PAT2.S.W,3,T,31.5,63
Perenjori,S,W,PAT2.S.W,4,A,8,0
Perenjori,C,D,PAT3.C.D,1,A,6,NA
Perenjori,C,D,PAT3.C.D,2,T,9,18
Perenjori,C,D,PAT3.C.D,3,A,2,NA
Perenjori,C,D,PAT3.C.D,4,T,13.5,27
Perenjori,C,W,PAT3.C.W,2,T,9,18
Perenjori,C,W,PAT3.C.W,3,A,3,0
Perenjori,C,W,PAT3.C.W,4,A,1,NA
Perenjori,E,D,PAT3.E.D,1,A,3,0
Perenjori,E,D,PAT3.E.D,2,T,13.5,27
Perenjori,E,D,PAT3.E.D,3,A,2,0
Perenjori,E,D,PAT3.E.D,4,T,9,18
Perenjori,E,W,PAT3.E.W,1,T,31.5,63
Perenjori,E,W,PAT3.E.W,2,A,1,0
Perenjori,E,W,PAT3.E.W,3,T,22.5,45
Perenjori,E,W,PAT3.E.W,4,A,2,0
Perenjori,M,D,PAT3.M.D,1,A,6,NA
Perenjori,M,D,PAT3.M.D,2,A,3,NA
Perenjori,M,D,PAT3.M.D,3,T,58.5,117
Perenjori,M,D,PAT3.M.D,4,T,13.5,27
Perenjori,M,W,PAT3.M.W,1,A,4,NA
Perenjori,M,W,PAT3.M.W,2,T,27,54
Perenjori,M,W,PAT3.M.W,3,A,2,NA
Perenjori,M,W,PAT3.M.W,4,T,22.5,45
Perenjori,N,D,PAT3.N.D,2,T,13.5,27
Perenjori,N,D,PAT3.N.D,3,A,1,NA
Perenjori,N,D,PAT3.N.D,4,T,18,36
Perenjori,N,W,PAT3.N.W,1,A,3,NA
Perenjori,N,W,PAT3.N.W,2,T,9,18
Perenjori,N,W,PAT3.N.W,3,A,3,NA
Perenjori,N,W,PAT3.N.W,4,T,27,54
Perenjori,S,D,PAT3.S.D,2,T,NA,NA
Perenjori,S,D,PAT3.S.D,3,T,18,36
Perenjori,S,W,PAT3.S.W,1,T,49.5,99
Perenjori,S,W,PAT3.S.W,2,A,3,NA
Perenjori,S,W,PAT3.S.W,3,T,94.5,189
Perenjori,S,W,PAT3.S.W,4,A,3,NA
Perenjori,C,D,PAT4.C.D,1,T,4.5,9
Perenjori,C,D,PAT4.C.D,3,T,9,18
Perenjori,C,D,PAT4.C.D,4,A,NA,NA
Perenjori,C,W,PAT4.C.W,1,A,2,NA
Perenjori,C,W,PAT4.C.W,2,T,13.5,27
Perenjori,C,W,PAT4.C.W,3,T,4.5,9
Perenjori,C,W,PAT4.C.W,4,A,3,NA
Perenjori,E,D,PAT4.E.D,3,T,13.5,27
Perenjori,E,D,PAT4.E.D,4,T,9,18
Perenjori,E,W,PAT4.E.W,1,A,1,NA
Perenjori,E,W,PAT4.E.W,4,A,5,NA
Perenjori,M,D,PAT4.M.D,2,A,3,0
Perenjori,M,D,PAT4.M.D,4,T,4.5,9
Perenjori,M,W,PAT4.M.W,1,A,5,NA
Perenjori,M,W,PAT4.M.W,2,T,13.5,27
Perenjori,M,W,PAT4.M.W,4,A,4,NA
Perenjori,N,D,PAT4.N.D,1,A,NA,NA
Perenjori,N,D,PAT4.N.D,2,T,9,18
Perenjori,N,D,PAT4.N.D,3,A,2,0
Perenjori,N,D,PAT4.N.D,4,T,22.5,45
Perenjori,N,W,PAT4.N.W,1,A,0,0
Perenjori,N,W,PAT4.N.W,2,A,1,0
Perenjori,N,W,PAT4.N.W,3,T,18,36
Perenjori,N,W,PAT4.N.W,4,T,13.5,27
Perenjori,S,D,PAT4.S.D,1,A,1,0
Perenjori,S,D,PAT4.S.D,2,A,0,0
Perenjori,S,W,PAT4.S.W,1,T,4.5,9
Perenjori,S,W,PAT4.S.W,2,A,2,NA
Perenjori,S,W,PAT4.S.W,3,A,4,NA
Perenjori,S,W,PAT4.S.W,4,T,9,18
Perenjori,C,D,PAW1.C.D,1,W,NA,NA
Perenjori,C,D,PAW1.C.D,2,A,4,NA
Perenjori,C,D,PAW1.C.D,3,A,3,NA
Perenjori,C,W,PAW1.C.W,1,W,4,200
Perenjori,C,W,PAW1.C.W,2,W,4,170
Perenjori,C,W,PAW1.C.W,3,A,1,0
Perenjori,C,W,PAW1.C.W,4,A,3,NA
Perenjori,M,D,PAW1.M.D,1,A,5,NA
Perenjori,M,D,PAW1.M.D,2,A,5,39
Perenjori,M,D,PAW1.M.D,3,W,15,240
Perenjori,M,D,PAW1.M.D,4,W,30,178
Perenjori,N,W,PAW1.N.W,1,W,2,NA
Perenjori,N,W,PAW1.N.W,2,A,4,NA
Perenjori,N,W,PAW1.N.W,3,A,0,0
Perenjori,N,W,PAW1.N.W,4,W,9,NA
Perenjori,S,D,PAW1.S.D,1,W,15,389
Perenjori,S,D,PAW1.S.D,4,A,0,0
Perenjori,C,D,PAW2.C.D,1,A,4,NA
Perenjori,C,D,PAW2.C.D,2,W,5,107
Perenjori,C,D,PAW2.C.D,3,W,7,400
Perenjori,C,D,PAW2.C.D,4,A,1,NA
Perenjori,C,W,PAW2.C.W,1,W,23,407
Perenjori,C,W,PAW2.C.W,2,A,4,NA
Perenjori,C,W,PAW2.C.W,3,A,6,NA
Perenjori,C,W,PAW2.C.W,4,W,19,241
Perenjori,E,D,PAW2.E.D,1,W,16,634
Perenjori,E,D,PAW2.E.D,2,A,5,NA
Perenjori,E,D,PAW2.E.D,3,A,1,0
Perenjori,E,D,PAW2.E.D,4,W,6,0
Perenjori,E,W,PAW2.E.W,1,W,45,474
Perenjori,E,W,PAW2.E.W,2,A,1,0
Perenjori,E,W,PAW2.E.W,3,A,2,NA
Perenjori,E,W,PAW2.E.W,4,W,16,188
Perenjori,M,D,PAW2.M.D,2,A,5,NA
Perenjori,M,D,PAW2.M.D,3,A,3,NA
Perenjori,M,W,PAW2.M.W,1,W,15,179
Perenjori,M,W,PAW2.M.W,2,A,3,0
Perenjori,M,W,PAW2.M.W,3,A,3,15
Perenjori,M,W,PAW2.M.W,4,W,15,489
Perenjori,N,D,PAW2.N.D,2,W,2,NA
Perenjori,N,D,PAW2.N.D,3,W,3,NA
Perenjori,N,D,PAW2.N.D,4,A,1,NA
Perenjori,N,W,PAW2.N.W,1,A,3,NA
Perenjori,N,W,PAW2.N.W,2,A,5,NA
Perenjori,N,W,PAW2.N.W,3,W,12,NA
Perenjori,N,W,PAW2.N.W,4,W,25,847
Perenjori,S,D,PAW2.S.D,1,W,6,197
Perenjori,S,D,PAW2.S.D,2,W,3,NA
Perenjori,S,D,PAW2.S.D,3,A,2,NA
Perenjori,S,D,PAW2.S.D,4,A,4,NA
Perenjori,S,W,PAW2.S.W,1,W,22,298
Perenjori,S,W,PAW2.S.W,2,A,7,NA
Perenjori,S,W,PAW2.S.W,3,A,3,NA
Perenjori,S,W,PAW2.S.W,4,W,35,1252
Perenjori,C,D,PAW3.C.D,1,W,4,124
Perenjori,C,D,PAW3.C.D,2,A,4,NA
Perenjori,C,D,PAW3.C.D,3,W,3,118
Perenjori,C,D,PAW3.C.D,4,A,6,NA
Perenjori,C,W,PAW3.C.W,1,W,2,NA
Perenjori,C,W,PAW3.C.W,2,A,1,0
Perenjori,C,W,PAW3.C.W,3,W,3,96
Perenjori,C,W,PAW3.C.W,4,A,1,0
Perenjori,E,D,PAW3.E.D,1,W,4,0
Perenjori,E,D,PAW3.E.D,2,A,1,NA
Perenjori,E,W,PAW3.E.W,1,W,3,54
Perenjori,E,W,PAW3.E.W,2,A,6,NA
Perenjori,E,W,PAW3.E.W,3,W,1,14
Perenjori,E,W,PAW3.E.W,4,A,4,NA
Perenjori,M,D,PAW3.M.D,1,A,3,NA
Perenjori,M,D,PAW3.M.D,3,A,4,NA
Perenjori,M,D,PAW3.M.D,4,W,4,75
Perenjori,M,W,PAW3.M.W,1,W,8,NA
Perenjori,M,W,PAW3.M.W,2,A,3,NA
Perenjori,M,W,PAW3.M.W,4,W,5,NA
Perenjori,N,D,PAW3.N.D,1,W,8,90
Perenjori,N,D,PAW3.N.D,2,W,9,546
Perenjori,N,D,PAW3.N.D,3,A,5,0
Perenjori,N,D,PAW3.N.D,4,A,7,NA
Perenjori,N,W,PAW3.N.W,1,W,2,NA
Perenjori,N,W,PAW3.N.W,2,A,1,0
Perenjori,N,W,PAW3.N.W,3,A,4,NA
Perenjori,N,W,PAW3.N.W,4,W,NA,NA
Perenjori,S,D,PAW3.S.D,1,W,6,375
Perenjori,S,D,PAW3.S.D,2,A,6,NA
Perenjori,S,D,PAW3.S.D,3,W,7,180
Perenjori,S,D,PAW3.S.D,4,A,3,NA
Perenjori,S,W,PAW3.S.W,1,W,10,321
Perenjori,S,W,PAW3.S.W,2,A,2,NA
Perenjori,S,W,PAW3.S.W,3,A,3,NA
Perenjori,S,W,PAW3.S.W,4,W,10,290
Perenjori,C,D,PAW4.C.D,1,W,18,NA
Perenjori,C,D,PAW4.C.D,2,A,1,0
Perenjori,C,D,PAW4.C.D,3,A,6,NA
Perenjori,C,D,PAW4.C.D,4,W,8,NA
Perenjori,C,W,PAW4.C.W,1,A,4,0
Perenjori,C,W,PAW4.C.W,2,A,4,0
Perenjori,C,W,PAW4.C.W,3,W,11,0
Perenjori,C,W,PAW4.C.W,4,W,18,451
Perenjori,E,D,PAW4.E.D,1,W,13,228
Perenjori,E,D,PAW4.E.D,2,A,2,NA
Perenjori,E,D,PAW4.E.D,3,A,2,0
Perenjori,E,D,PAW4.E.D,4,W,4,48
Perenjori,E,W,PAW4.E.W,1,W,13,498
Perenjori,E,W,PAW4.E.W,2,A,10,NA
Perenjori,E,W,PAW4.E.W,3,W,21,941
Perenjori,E,W,PAW4.E.W,4,A,6,NA
Perenjori,M,D,PAW4.M.D,1,W,6,72
Perenjori,M,D,PAW4.M.D,2,A,1,0
Perenjori,M,D,PAW4.M.D,3,A,2,NA
Perenjori,M,D,PAW4.M.D,4,W,5,NA
Perenjori,M,W,PAW4.M.W,1,W,14,921
Perenjori,M,W,PAW4.M.W,2,W,7,221
Perenjori,M,W,PAW4.M.W,3,A,3,NA
Perenjori,M,W,PAW4.M.W,4,A,12,NA
Perenjori,N,D,PAW4.N.D,1,W,5,NA
Perenjori,N,D,PAW4.N.D,2,A,2,79
Perenjori,N,D,PAW4.N.D,3,W,3,27
Perenjori,N,D,PAW4.N.D,4,A,2,NA
Perenjori,N,W,PAW4.N.W,1,W,9,NA
Perenjori,N,W,PAW4.N.W,2,A,6,0
Perenjori,N,W,PAW4.N.W,3,W,6,176
Perenjori,N,W,PAW4.N.W,4,A,4,0
Perenjori,S,D,PAW4.S.D,1,W,1,0
Perenjori,S,D,PAW4.S.D,2,A,7,0
Perenjori,S,D,PAW4.S.D,3,A,2,0
Perenjori,S,D,PAW4.S.D,4,W,16,445
Perenjori,S,W,PAW4.S.W,1,W,10,260
Perenjori,S,W,PAW4.S.W,2,A,3,NA
Perenjori,S,W,PAW4.S.W,3,W,30,NA
Perenjori,S,W,PAW4.S.W,4,A,5,NA
Perenjori,C,D,PHT1.C.D,1,H,1,NA
Perenjori,C,D,PHT1.C.D,2,T,31.5,63
Perenjori,C,D,PHT1.C.D,3,T,22.5,45
Perenjori,C,W,PHT1.C.W,1,T,22.5,45
Perenjori,C,W,PHT1.C.W,2,H,NA,NA
Perenjori,C,W,PHT1.C.W,3,H,2,41
Perenjori,C,W,PHT1.C.W,4,T,NA,NA
Perenjori,E,D,PHT1.E.D,1,T,67.5,135
Perenjori,E,D,PHT1.E.D,2,T,18,36
Perenjori,E,D,PHT1.E.D,3,H,3,34
Perenjori,E,D,PHT1.E.D,4,H,3,NA
Perenjori,E,W,PHT1.E.W,1,H,4,22
Perenjori,E,W,PHT1.E.W,2,H,5,NA
Perenjori,E,W,PHT1.E.W,3,T,63,126
Perenjori,E,W,PHT1.E.W,4,T,22.5,45
Perenjori,M,D,PHT1.M.D,1,T,31.5,63
Perenjori,M,D,PHT1.M.D,2,H,2,NA
Perenjori,M,D,PHT1.M.D,3,H,10,147
Perenjori,M,D,PHT1.M.D,4,T,94.5,189
Perenjori,N,D,PHT1.N.D,1,H,2,NA
Perenjori,N,D,PHT1.N.D,2,T,18,36
Perenjori,N,D,PHT1.N.D,3,T,45,90
Perenjori,N,D,PHT1.N.D,4,H,2,NA
Perenjori,N,W,PHT1.N.W,1,H,4,NA
Perenjori,N,W,PHT1.N.W,2,H,6,92
Perenjori,N,W,PHT1.N.W,3,T,22.5,45
Perenjori,N,W,PHT1.N.W,4,T,18,36
Perenjori,S,D,PHT1.S.D,1,T,18,36
Perenjori,S,D,PHT1.S.D,2,T,4.5,9
Perenjori,S,D,PHT1.S.D,4,H,2,41
Perenjori,S,W,PHT1.S.W,1,H,5,NA
Perenjori,S,W,PHT1.S.W,2,H,4,NA
Perenjori,C,D,PHT2.C.D,1,H,NA,NA
Perenjori,C,D,PHT2.C.D,2,T,9,18
Perenjori,C,D,PHT2.C.D,3,T,NA,NA
Perenjori,C,D,PHT2.C.D,4,H,9,186
Perenjori,C,W,PHT2.C.W,1,T,9,18
Perenjori,C,W,PHT2.C.W,2,H,4,76
Perenjori,C,W,PHT2.C.W,3,H,2,NA
Perenjori,C,W,PHT2.C.W,4,T,22.5,45
Perenjori,E,D,PHT2.E.D,1,T,40.5,81
Perenjori,E,D,PHT2.E.D,2,T,40.5,81
Perenjori,E,D,PHT2.E.D,3,H,3,71
Perenjori,E,D,PHT2.E.D,4,H,3,48
Perenjori,E,W,PHT2.E.W,1,T,13.5,27
Perenjori,E,W,PHT2.E.W,2,H,5,NA
Perenjori,E,W,PHT2.E.W,3,H,1,NA
Perenjori,E,W,PHT2.E.W,4,T,13.5,27
Perenjori,M,D,PHT2.M.D,1,H,2,16
Perenjori,M,D,PHT2.M.D,2,T,40.5,81
Perenjori,M,D,PHT2.M.D,3,H,2,NA
Perenjori,M,D,PHT2.M.D,4,T,36,72
Perenjori,M,W,PHT2.M.W,1,H,4,NA
Perenjori,M,W,PHT2.M.W,2,T,13.5,27
Perenjori,M,W,PHT2.M.W,3,T,4.5,9
Perenjori,M,W,PHT2.M.W,4,H,3,NA
Perenjori,N,D,PHT2.N.D,1,H,4,NA
Perenjori,N,D,PHT2.N.D,2,T,18,36
Perenjori,N,D,PHT2.N.D,3,H,3,NA
Perenjori,N,D,PHT2.N.D,4,T,22.5,45
Perenjori,N,W,PHT2.N.W,4,T,45,90
Perenjori,S,D,PHT2.S.D,1,H,3,NA
Perenjori,S,D,PHT2.S.D,4,H,2,NA
Perenjori,S,W,PHT2.S.W,1,T,13.5,27
Perenjori,S,W,PHT2.S.W,4,H,3,NA
Perenjori,C,D,PHT3.C.D,1,H,5,NA
Perenjori,C,D,PHT3.C.D,4,H,2,NA
Perenjori,C,W,PHT3.C.W,2,T,9,18
Perenjori,C,W,PHT3.C.W,3,H,3,NA
Perenjori,E,D,PHT3.E.D,1,H,5,NA
Perenjori,E,D,PHT3.E.D,2,T,36,72
Perenjori,E,D,PHT3.E.D,3,H,3,54
Perenjori,E,D,PHT3.E.D,4,T,36,72
Perenjori,E,W,PHT3.E.W,3,H,3,NA
Perenjori,E,W,PHT3.E.W,4,H,3,0
Perenjori,M,D,PHT3.M.D,1,T,22.5,45
Perenjori,M,D,PHT3.M.D,2,T,54,108
Perenjori,M,D,PHT3.M.D,3,H,3,69
Perenjori,M,D,PHT3.M.D,4,H,4,NA
Perenjori,M,W,PHT3.M.W,1,T,0,0
Perenjori,M,W,PHT3.M.W,2,T,9,18
Perenjori,M,W,PHT3.M.W,3,H,6,260
Perenjori,M,W,PHT3.M.W,4,H,3,0
Perenjori,N,D,PHT3.N.D,1,H,3,NA
Perenjori,N,D,PHT3.N.D,2,T,27,54
Perenjori,N,D,PHT3.N.D,3,H,3,NA
Perenjori,N,D,PHT3.N.D,4,T,9,18
Perenjori,N,W,PHT3.N.W,1,H,3,NA
Perenjori,N,W,PHT3.N.W,2,H,4,NA
Perenjori,N,W,PHT3.N.W,3,T,36,72
Perenjori,N,W,PHT3.N.W,4,T,31.5,63
Perenjori,S,D,PHT3.S.D,1,T,31.5,63
Perenjori,S,D,PHT3.S.D,2,H,8,136
Perenjori,S,W,PHT3.S.W,2,H,6,96
Perenjori,S,W,PHT3.S.W,3,T,81,162
Perenjori,S,W,PHT3.S.W,4,H,4,120
Perenjori,C,D,PHT4.C.D,1,H,5,NA
Perenjori,C,D,PHT4.C.D,3,H,4,79
Perenjori,E,D,PHT4.E.D,1,H,2,NA
Perenjori,E,D,PHT4.E.D,4,H,4,0
Perenjori,E,W,PHT4.E.W,1,H,3,93
Perenjori,E,W,PHT4.E.W,2,T,45,90
Perenjori,E,W,PHT4.E.W,3,H,11,258
Perenjori,E,W,PHT4.E.W,4,T,45,90
Perenjori,M,D,PHT4.M.D,1,T,22.5,45
Perenjori,M,D,PHT4.M.D,2,H,2,0
Perenjori,M,D,PHT4.M.D,3,H,4,0
Perenjori,M,D,PHT4.M.D,4,T,4.5,9
Perenjori,M,W,PHT4.M.W,1,H,5,52
Perenjori,M,W,PHT4.M.W,3,H,2,NA
Perenjori,M,W,PHT4.M.W,4,T,18,36
Perenjori,N,D,PHT4.N.D,1,H,1,8
Perenjori,N,D,PHT4.N.D,3,H,3,0
Perenjori,N,W,PHT4.N.W,1,T,27,54
Perenjori,N,W,PHT4.N.W,2,H,4,35
Perenjori,N,W,PHT4.N.W,3,T,27,54
Perenjori,N,W,PHT4.N.W,4,H,2,NA
Perenjori,S,D,PHT4.S.D,1,H,6,NA
Perenjori,S,D,PHT4.S.D,2,H,4,86
Perenjori,S,D,PHT4.S.D,3,T,22.5,45
Perenjori,S,W,PHT4.S.W,1,H,6,32
Perenjori,S,W,PHT4.S.W,2,T,27,54
Perenjori,S,W,PHT4.S.W,3,T,27,54
Perenjori,S,W,PHT4.S.W,4,H,6,122
Perenjori,C,D,PHW1.C.D,1,H,4,NA
Perenjori,C,D,PHW1.C.D,2,W,6,120
Perenjori,C,D,PHW1.C.D,3,H,4,NA
Perenjori,C,D,PHW1.C.D,4,W,11,110
Perenjori,C,W,PHW1.C.W,1,W,4,NA
Perenjori,C,W,PHW1.C.W,2,W,2,54
Perenjori,C,W,PHW1.C.W,3,H,4,0
Perenjori,C,W,PHW1.C.W,4,H,1,0
Perenjori,E,D,PHW1.E.D,1,W,10,144
Perenjori,E,D,PHW1.E.D,2,W,6,327
Perenjori,E,D,PHW1.E.D,3,H,6,78
Perenjori,E,D,PHW1.E.D,4,H,7,30
Perenjori,E,W,PHW1.E.W,1,W,10,NA
Perenjori,E,W,PHW1.E.W,4,W,2,82
Perenjori,M,D,PHW1.M.D,1,W,6,160
Perenjori,M,D,PHW1.M.D,2,H,1,NA
Perenjori,M,D,PHW1.M.D,3,W,3,24
Perenjori,M,D,PHW1.M.D,4,H,2,36
Perenjori,M,W,PHW1.M.W,1,H,2,NA
Perenjori,M,W,PHW1.M.W,2,W,1,40
Perenjori,M,W,PHW1.M.W,3,W,4,NA
Perenjori,N,D,PHW1.N.D,1,H,3,0
Perenjori,N,D,PHW1.N.D,2,W,4,108
Perenjori,N,D,PHW1.N.D,3,W,15,194
Perenjori,N,D,PHW1.N.D,4,H,1,0
Perenjori,N,W,PHW1.N.W,1,W,6,NA
Perenjori,N,W,PHW1.N.W,2,H,2,0
Perenjori,N,W,PHW1.N.W,3,W,26,854
Perenjori,N,W,PHW1.N.W,4,H,NA,NA
Perenjori,S,D,PHW1.S.D,1,W,7,NA
Perenjori,S,D,PHW1.S.D,2,W,5,107
Perenjori,S,D,PHW1.S.D,3,H,4,NA
Perenjori,S,D,PHW1.S.D,4,H,1,NA
Perenjori,S,W,PHW1.S.W,1,H,5,26
Perenjori,S,W,PHW1.S.W,2,W,1,NA
Perenjori,S,W,PHW1.S.W,3,W,2,NA
Perenjori,S,W,PHW1.S.W,4,H,2,22
Perenjori,C,D,PHW2.C.D,2,H,2,0
Perenjori,C,D,PHW2.C.D,3,W,4,NA
Perenjori,C,D,PHW2.C.D,4,W,2,0
Perenjori,C,W,PHW2.C.W,1,W,6,214
Perenjori,C,W,PHW2.C.W,2,W,2,NA
Perenjori,C,W,PHW2.C.W,3,H,2,NA
Perenjori,C,W,PHW2.C.W,4,H,1,46
Perenjori,E,D,PHW2.E.D,1,W,2,NA
Perenjori,E,D,PHW2.E.D,2,H,2,NA
Perenjori,E,D,PHW2.E.D,3,H,1,NA
Perenjori,E,D,PHW2.E.D,4,W,1,NA
Perenjori,E,W,PHW2.E.W,1,W,17,745
Perenjori,E,W,PHW2.E.W,2,H,6,78
Perenjori,E,W,PHW2.E.W,3,W,9,387
Perenjori,E,W,PHW2.E.W,4,H,2,NA
Perenjori,M,D,PHW2.M.D,1,H,4,NA
Perenjori,M,D,PHW2.M.D,2,W,13,457
Perenjori,M,D,PHW2.M.D,3,H,5,135
Perenjori,M,D,PHW2.M.D,4,W,23,306
Perenjori,M,W,PHW2.M.W,1,W,12,150
Perenjori,M,W,PHW2.M.W,3,H,3,NA
Perenjori,N,D,PHW2.N.D,1,H,3,NA
Perenjori,N,D,PHW2.N.D,3,W,7,191
Perenjori,S,W,PHW2.S.W,1,W,15,383
Perenjori,S,W,PHW2.S.W,2,H,2,0
Perenjori,S,W,PHW2.S.W,3,H,4,NA
Perenjori,S,W,PHW2.S.W,4,W,9,384
Perenjori,C,D,PHW3.C.D,1,H,3,16
Perenjori,C,D,PHW3.C.D,2,H,3,0
Perenjori,C,D,PHW3.C.D,3,W,5,309
Perenjori,C,D,PHW3.C.D,4,W,2,20
Perenjori,C,W,PHW3.C.W,1,H,7,116
Perenjori,C,W,PHW3.C.W,2,W,33,1580
Perenjori,C,W,PHW3.C.W,3,H,4,49
Perenjori,C,W,PHW3.C.W,4,W,20,694
Perenjori,E,W,PHW3.E.W,1,W,14,NA
Perenjori,E,W,PHW3.E.W,2,H,9,NA
Perenjori,E,W,PHW3.E.W,3,H,8,24
Perenjori,E,W,PHW3.E.W,4,W,9,351
Perenjori,M,D,PHW3.M.D,1,W,7,184
Perenjori,M,D,PHW3.M.D,2,H,2,NA
Perenjori,M,W,PHW3.M.W,1,W,22,985
Perenjori,M,W,PHW3.M.W,3,H,5,22
Perenjori,N,D,PHW3.N.D,1,H,2,NA
Perenjori,N,D,PHW3.N.D,2,W,3,194
Perenjori,N,D,PHW3.N.D,3,W,6,279
Perenjori,N,D,PHW3.N.D,4,H,1,NA
Perenjori,N,W,PHW3.N.W,1,W,44,1360
Perenjori,N,W,PHW3.N.W,3,H,4,40
Perenjori,S,D,PHW3.S.D,1,W,2,22
Perenjori,S,D,PHW3.S.D,2,H,3,10
Perenjori,S,D,PHW3.S.D,3,H,5,0
Perenjori,S,D,PHW3.S.D,4,W,1,10
Perenjori,S,W,PHW3.S.W,3,H,4,40
Perenjori,C,D,PHW4.C.D,1,H,3,NA
Perenjori,C,D,PHW4.C.D,2,W,8,NA
Perenjori,C,D,PHW4.C.D,3,W,6,112
Perenjori,C,D,PHW4.C.D,4,H,3,44
Perenjori,C,W,PHW4.C.W,1,H,2,NA
Perenjori,C,W,PHW4.C.W,2,W,4,39
Perenjori,C,W,PHW4.C.W,3,H,3,NA
Perenjori,C,W,PHW4.C.W,4,W,12,283
Perenjori,E,D,PHW4.E.D,1,H,3,72
Perenjori,E,D,PHW4.E.D,2,H,5,99
Perenjori,E,D,PHW4.E.D,3,W,16,717
Perenjori,E,D,PHW4.E.D,4,W,2,60
Perenjori,E,W,PHW4.E.W,1,W,11,NA
Perenjori,E,W,PHW4.E.W,2,H,3,NA
Perenjori,E,W,PHW4.E.W,3,H,3,NA
Perenjori,E,W,PHW4.E.W,4,W,4,114
Perenjori,M,D,PHW4.M.D,1,W,12,596
Perenjori,M,D,PHW4.M.D,2,H,4,69
Perenjori,M,D,PHW4.M.D,3,H,4,77
Perenjori,M,D,PHW4.M.D,4,W,6,8
Perenjori,M,W,PHW4.M.W,1,H,6,28
Perenjori,M,W,PHW4.M.W,2,H,2,92
Perenjori,M,W,PHW4.M.W,3,W,8,389
Perenjori,M,W,PHW4.M.W,4,W,4,97
Perenjori,N,D,PHW4.N.D,1,H,3,NA
Perenjori,N,D,PHW4.N.D,2,H,2,NA
Perenjori,N,D,PHW4.N.D,3,W,8,373
Perenjori,N,D,PHW4.N.D,4,W,11,156
Perenjori,N,W,PHW4.N.W,1,W,4,104
Perenjori,N,W,PHW4.N.W,2,H,3,NA
Perenjori,N,W,PHW4.N.W,3,H,2,NA
Perenjori,N,W,PHW4.N.W,4,W,4,40
Perenjori,S,D,PHW4.S.D,1,W,1,NA
Perenjori,S,D,PHW4.S.D,2,H,2,12
Perenjori,S,D,PHW4.S.D,3,H,3,21
Perenjori,S,D,PHW4.S.D,4,W,5,NA
Perenjori,S,W,PHW4.S.W,1,W,5,NA
Perenjori,S,W,PHW4.S.W,2,H,3,NA
Perenjori,S,W,PHW4.S.W,3,H,5,39
Perenjori,S,W,PHW4.S.W,4,W,13,NA
Perenjori,C,D,PTW1.C.D,1,T,9,18
Perenjori,C,D,PTW1.C.D,2,T,13.5,27
Perenjori,C,D,PTW1.C.D,3,W,11,376
Perenjori,C,D,PTW1.C.D,4,W,6,438
Perenjori,N,D,PTW1.N.D,1,W,4,0
Perenjori,N,D,PTW1.N.D,2,W,2,64
Perenjori,N,D,PTW1.N.D,3,T,18,36
Perenjori,N,D,PTW1.N.D,4,T,9,18
Perenjori,N,W,PTW1.N.W,1,W,12,NA
Perenjori,N,W,PTW1.N.W,2,T,27,54
Perenjori,N,W,PTW1.N.W,3,W,3,NA
Perenjori,N,W,PTW1.N.W,4,T,9,18
Perenjori,S,D,PTW1.S.D,1,W,2,101
Perenjori,S,D,PTW1.S.D,2,W,14,204
Perenjori,S,D,PTW1.S.D,3,T,4.5,9
Perenjori,S,D,PTW1.S.D,4,T,18,36
Perenjori,S,W,PTW1.S.W,1,W,5,NA
Perenjori,S,W,PTW1.S.W,3,T,40.5,81
Perenjori,S,W,PTW1.S.W,4,W,6,357
Perenjori,C,D,PTW2.C.D,1,T,27,54
Perenjori,C,D,PTW2.C.D,2,T,13.5,27
Perenjori,C,D,PTW2.C.D,3,W,5,NA
Perenjori,C,D,PTW2.C.D,4,W,14,637
Perenjori,C,W,PTW2.C.W,1,T,13.5,27
Perenjori,C,W,PTW2.C.W,2,W,7,NA
Perenjori,C,W,PTW2.C.W,3,T,18,36
Perenjori,C,W,PTW2.C.W,4,W,2,NA
Perenjori,E,D,PTW2.E.D,1,W,1,0
Perenjori,E,D,PTW2.E.D,2,W,1,0
Perenjori,E,D,PTW2.E.D,3,T,49.5,99
Perenjori,E,D,PTW2.E.D,4,T,45,90
Perenjori,E,W,PTW2.E.W,1,W,2,40
Perenjori,E,W,PTW2.E.W,2,T,27,54
Perenjori,E,W,PTW2.E.W,3,W,5,NA
Perenjori,E,W,PTW2.E.W,4,T,45,90
Perenjori,M,D,PTW2.M.D,1,W,4,90
Perenjori,M,D,PTW2.M.D,2,W,1,NA
Perenjori,M,D,PTW2.M.D,3,T,9,18
Perenjori,M,D,PTW2.M.D,4,T,4.5,9
Perenjori,M,W,PTW2.M.W,1,T,9,18
Perenjori,M,W,PTW2.M.W,2,W,11,641
Perenjori,M,W,PTW2.M.W,3,W,8,NA
Perenjori,M,W,PTW2.M.W,4,T,18,36
Perenjori,N,D,PTW2.N.D,1,T,27,54
Perenjori,N,D,PTW2.N.D,2,W,3,40
Perenjori,N,D,PTW2.N.D,3,T,9,18
Perenjori,N,D,PTW2.N.D,4,W,0,0
Perenjori,N,W,PTW2.N.W,1,W,4,NA
Perenjori,N,W,PTW2.N.W,4,T,NA,NA
Perenjori,S,D,PTW2.S.D,1,T,40.5,81
Perenjori,S,W,PTW2.S.W,1,W,17,504
Perenjori,S,W,PTW2.S.W,2,T,117,234
Perenjori,S,W,PTW2.S.W,3,T,76.5,153
Perenjori,S,W,PTW2.S.W,4,W,38,1474
Perenjori,C,W,PTW4.C.W,1,T,22.5,45
Perenjori,C,W,PTW4.C.W,2,W,21,136
Perenjori,C,W,PTW4.C.W,3,W,9,0
Perenjori,C,W,PTW4.C.W,4,T,13.5,27
Perenjori,E,D,PTW4.E.D,2,T,22.5,45
Perenjori,E,D,PTW4.E.D,4,W,2,34
Perenjori,M,D,PTW4.M.D,1,T,9,18
Perenjori,M,D,PTW4.M.D,2,W,11,315
Perenjori,M,D,PTW4.M.D,3,W,12,478
Perenjori,M,D,PTW4.M.D,4,T,9,18
Perenjori,M,W,PTW4.M.W,2,W,6,276
Perenjori,N,W,PTW4.N.W,1,W,6,0
Perenjori,N,W,PTW4.N.W,2,T,27,54
Perenjori,N,W,PTW4.N.W,3,T,9,18
Perenjori,N,W,PTW4.N.W,4,W,3,0