day,month,year,plot,subplot,species,individuals,obs
12,4,2023,7,A1,BEMA,55,NA
12,4,2023,7,A1,SPRU,40,NA
12,4,2023,7,A1,CETE,0,NA
12,4,2023,7,A1,POMO,0,NA
12,4,2023,7,A1,POMA,3,NA
12,4,2023,7,A1,CHFU,1,NA
12,4,2023,7,A1,SCLA,2,NA
12,4,2023,7,A1,PLCO,0,NA
12,4,2023,7,A1,HOMA,0,NA
12,4,2023,7,A1,PAIN,17,NA
12,4,2023,7,A1,LEMA,5,NA
12,4,2023,7,A1,SOAS,2,NA
12,4,2023,7,A1,MESU,0,NA
12,4,2023,7,A1,MEPO,0,NA
12,4,2023,7,A1,CHMI,0,NA
12,4,2023,7,A2,BEMA,63,NA
12,4,2023,7,A2,SPRU,22,NA
12,4,2023,7,A2,CETE,0,NA
12,4,2023,7,A2,POMO,1,NA
12,4,2023,7,A2,POMA,2,NA
12,4,2023,7,A2,CHFU,3,NA
12,4,2023,7,A2,SCLA,1,NA
12,4,2023,7,A2,PLCO,0,NA
12,4,2023,7,A2,HOMA,1,NA
12,4,2023,7,A2,PAIN,7,NA
12,4,2023,7,A2,LEMA,3,NA
12,4,2023,7,A2,SOAS,2,NA
12,4,2023,7,A2,MESU,30,NA
12,4,2023,7,A2,MEPO,0,NA
12,4,2023,7,A2,CHMI,0,NA
12,4,2023,7,A3,BEMA,75,NA
12,4,2023,7,A3,SPRU,18,NA
12,4,2023,7,A3,CETE,0,NA
12,4,2023,7,A3,POMO,0,NA
12,4,2023,7,A3,POMA,3,NA
12,4,2023,7,A3,CHFU,0,NA
12,4,2023,7,A3,SCLA,12,NA
12,4,2023,7,A3,PLCO,0,NA
12,4,2023,7,A3,HOMA,1,NA
12,4,2023,7,A3,PAIN,10,NA
12,4,2023,7,A3,LEMA,3,NA
12,4,2023,7,A3,SOAS,3,NA
12,4,2023,7,A3,MESU,0,NA
12,4,2023,7,A3,MEPO,0,NA
12,4,2023,7,A3,CHMI,0,NA
12,4,2023,7,A4,BEMA,28,NA
12,4,2023,7,A4,SPRU,10,NA
12,4,2023,7,A4,CETE,3,NA
12,4,2023,7,A4,POMO,0,NA
12,4,2023,7,A4,POMA,0,NA
12,4,2023,7,A4,CHFU,1,NA
12,4,2023,7,A4,SCLA,3,NA
12,4,2023,7,A4,PLCO,0,NA
12,4,2023,7,A4,HOMA,4,NA
12,4,2023,7,A4,PAIN,0,NA
12,4,2023,7,A4,LEMA,4,NA
12,4,2023,7,A4,SOAS,1,NA
12,4,2023,7,A4,MESU,5,NA
12,4,2023,7,A4,MEPO,5,NA
12,4,2023,7,A4,CHMI,0,NA
12,4,2023,7,A5,NA,NA,Salicornia
12,4,2023,7,A5,CHMI,0,NA
12,4,2023,7,A6,BEMA,40,NA
12,4,2023,7,A6,SPRU,10,NA
12,4,2023,7,A6,CETE,3,NA
12,4,2023,7,A6,POMO,3,NA
12,4,2023,7,A6,POMA,0,NA
12,4,2023,7,A6,CHFU,1,NA
12,4,2023,7,A6,SCLA,0,NA
12,4,2023,7,A6,PLCO,0,NA
12,4,2023,7,A6,HOMA,6,NA
12,4,2023,7,A6,PAIN,6,NA
12,4,2023,7,A6,LEMA,11,NA
12,4,2023,7,A6,SOAS,2,NA
12,4,2023,7,A6,MESU,0,NA
12,4,2023,7,A6,MEPO,2,NA
12,4,2023,7,A6,CHMI,0,NA
12,4,2023,7,B1,BEMA,87,NA
12,4,2023,7,B1,SPRU,37,NA
12,4,2023,7,B1,CETE,6,NA
12,4,2023,7,B1,POMO,2,NA
12,4,2023,7,B1,POMA,3,NA
12,4,2023,7,B1,CHFU,2,NA
12,4,2023,7,B1,SCLA,3,NA
12,4,2023,7,B1,PLCO,3,NA
12,4,2023,7,B1,HOMA,0,NA
12,4,2023,7,B1,PAIN,12,NA
12,4,2023,7,B1,LEMA,5,NA
12,4,2023,7,B1,SOAS,1,NA
12,4,2023,7,B1,MESU,43,NA
12,4,2023,7,B1,MEPO,0,NA
12,4,2023,7,B1,CHMI,0,NA
12,4,2023,7,B2,BEMA,42,NA
12,4,2023,7,B2,SPRU,37,NA
12,4,2023,7,B2,CETE,0,NA
12,4,2023,7,B2,POMO,2,NA
12,4,2023,7,B2,POMA,3,NA
12,4,2023,7,B2,CHFU,3,NA
12,4,2023,7,B2,SCLA,4,NA
12,4,2023,7,B2,PLCO,0,NA
12,4,2023,7,B2,HOMA,0,NA
12,4,2023,7,B2,PAIN,6,NA
12,4,2023,7,B2,LEMA,12,NA
12,4,2023,7,B2,SOAS,1,NA
12,4,2023,7,B2,MESU,4,NA
12,4,2023,7,B2,MEPO,0,NA
12,4,2023,7,B2,CHMI,0,NA
12,4,2023,7,B3,BEMA,52,NA
12,4,2023,7,B3,SPRU,29,NA
12,4,2023,7,B3,CETE,4,NA
12,4,2023,7,B3,POMO,0,NA
12,4,2023,7,B3,POMA,2,NA
12,4,2023,7,B3,CHFU,0,NA
12,4,2023,7,B3,SCLA,18,NA
12,4,2023,7,B3,PLCO,0,NA
12,4,2023,7,B3,HOMA,0,NA
12,4,2023,7,B3,PAIN,16,NA
12,4,2023,7,B3,LEMA,8,NA
12,4,2023,7,B3,SOAS,0,NA
12,4,2023,7,B3,MESU,19,NA
12,4,2023,7,B3,MEPO,0,NA
12,4,2023,7,B3,CHMI,0,NA
12,4,2023,7,B4,BEMA,62,NA
12,4,2023,7,B4,SPRU,0,NA
12,4,2023,7,B4,CETE,0,NA
12,4,2023,7,B4,POMO,0,NA
12,4,2023,7,B4,POMA,5,NA
12,4,2023,7,B4,CHFU,6,NA
12,4,2023,7,B4,SCLA,2,NA
12,4,2023,7,B4,PLCO,0,NA
12,4,2023,7,B4,HOMA,0,NA
12,4,2023,7,B4,PAIN,0,NA
12,4,2023,7,B4,LEMA,5,NA
12,4,2023,7,B4,SOAS,1,NA
12,4,2023,7,B4,MESU,40,NA
12,4,2023,7,B4,MEPO,8,NA
12,4,2023,7,B4,CHMI,0,NA
12,4,2023,7,B5,BEMA,41,NA
12,4,2023,7,B5,SPRU,10,NA
12,4,2023,7,B5,CETE,3,NA
12,4,2023,7,B5,POMO,0,NA
12,4,2023,7,B5,POMA,4,NA
12,4,2023,7,B5,CHFU,6,NA
12,4,2023,7,B5,SCLA,2,NA
12,4,2023,7,B5,PLCO,0,NA
12,4,2023,7,B5,HOMA,0,NA
12,4,2023,7,B5,PAIN,4,NA
12,4,2023,7,B5,LEMA,18,NA
12,4,2023,7,B5,SOAS,2,NA
12,4,2023,7,B5,MESU,9,NA
12,4,2023,7,B5,MEPO,0,NA
12,4,2023,7,B5,CHMI,0,NA
12,4,2023,7,B6,BEMA,50,NA
12,4,2023,7,B6,SPRU,18,NA
12,4,2023,7,B6,CETE,10,NA
12,4,2023,7,B6,POMO,2,NA
12,4,2023,7,B6,POMA,11,NA
12,4,2023,7,B6,CHFU,3,NA
12,4,2023,7,B6,SCLA,0,NA
12,4,2023,7,B6,PLCO,0,NA
12,4,2023,7,B6,HOMA,1,NA
12,4,2023,7,B6,PAIN,20,NA
12,4,2023,7,B6,LEMA,7,NA
12,4,2023,7,B6,SOAS,3,NA
12,4,2023,7,B6,MESU,3,NA
12,4,2023,7,B6,MEPO,0,NA
12,4,2023,7,B6,CHMI,2,NA
12,4,2023,7,C1,BEMA,60,NA
12,4,2023,7,C1,SPRU,4,NA
12,4,2023,7,C1,CETE,0,NA
12,4,2023,7,C1,POMO,4,NA
12,4,2023,7,C1,POMA,0,NA
12,4,2023,7,C1,CHFU,0,NA
12,4,2023,7,C1,SCLA,2,NA
12,4,2023,7,C1,PLCO,0,NA
12,4,2023,7,C1,HOMA,0,NA
12,4,2023,7,C1,PAIN,8,NA
12,4,2023,7,C1,LEMA,6,NA
12,4,2023,7,C1,SOAS,0,NA
12,4,2023,7,C1,MESU,3,NA
12,4,2023,7,C1,MEPO,3,NA
12,4,2023,7,C1,CHMI,0,NA
12,4,2023,7,C2,BEMA,28,NA
12,4,2023,7,C2,SPRU,35,NA
12,4,2023,7,C2,CETE,0,NA
12,4,2023,7,C2,POMO,2,NA
12,4,2023,7,C2,POMA,12,NA
12,4,2023,7,C2,CHFU,2,NA
12,4,2023,7,C2,SCLA,1,NA
12,4,2023,7,C2,PLCO,0,NA
12,4,2023,7,C2,HOMA,6,NA
12,4,2023,7,C2,PAIN,3,NA
12,4,2023,7,C2,LEMA,3,NA
12,4,2023,7,C2,SOAS,0,NA
12,4,2023,7,C2,MESU,5,NA
12,4,2023,7,C2,MEPO,0,NA
12,4,2023,7,C2,CHMI,0,NA
12,4,2023,7,C3,BEMA,43,NA
12,4,2023,7,C3,SPRU,7,NA
12,4,2023,7,C3,CETE,0,NA
12,4,2023,7,C3,POMO,6,NA
12,4,2023,7,C3,POMA,3,NA
12,4,2023,7,C3,CHFU,1,NA
12,4,2023,7,C3,SCLA,1,NA
12,4,2023,7,C3,PLCO,0,NA
12,4,2023,7,C3,HOMA,0,NA
12,4,2023,7,C3,PAIN,6,NA
12,4,2023,7,C3,LEMA,5,NA
12,4,2023,7,C3,SOAS,0,NA
12,4,2023,7,C3,MESU,15,NA
12,4,2023,7,C3,MEPO,0,NA
12,4,2023,7,C3,CHMI,0,NA
12,4,2023,7,C4,NA,NA,Salicornia
12,4,2023,7,C4,CHMI,0,NA
12,4,2023,7,C5,BEMA,18,NA
12,4,2023,7,C5,SPRU,8,NA
12,4,2023,7,C5,CETE,0,NA
12,4,2023,7,C5,POMO,0,NA
12,4,2023,7,C5,POMA,0,NA
12,4,2023,7,C5,CHFU,3,NA
12,4,2023,7,C5,SCLA,2,NA
12,4,2023,7,C5,PLCO,2,NA
12,4,2023,7,C5,HOMA,2,NA
12,4,2023,7,C5,PAIN,1,NA
12,4,2023,7,C5,LEMA,8,NA
12,4,2023,7,C5,SOAS,2,NA
12,4,2023,7,C5,MESU,5,NA
12,4,2023,7,C5,MEPO,0,NA
12,4,2023,7,C5,CHMI,0,NA
12,4,2023,7,C6,BEMA,38,NA
12,4,2023,7,C6,SPRU,12,NA
12,4,2023,7,C6,CETE,0,NA
12,4,2023,7,C6,POMO,2,NA
12,4,2023,7,C6,POMA,5,NA
12,4,2023,7,C6,CHFU,4,NA
12,4,2023,7,C6,SCLA,2,NA
12,4,2023,7,C6,PLCO,0,NA
12,4,2023,7,C6,HOMA,0,NA
12,4,2023,7,C6,PAIN,3,NA
12,4,2023,7,C6,LEMA,7,NA
12,4,2023,7,C6,SOAS,1,NA
12,4,2023,7,C6,MESU,2,NA
12,4,2023,7,C6,MEPO,0,NA
12,4,2023,7,C6,CHMI,0,NA
12,4,2023,7,D1,BEMA,75,NA
12,4,2023,7,D1,SPRU,44,NA
12,4,2023,7,D1,CETE,0,NA
12,4,2023,7,D1,POMO,0,NA
12,4,2023,7,D1,POMA,2,NA
12,4,2023,7,D1,CHFU,0,NA
12,4,2023,7,D1,SCLA,2,NA
12,4,2023,7,D1,PLCO,0,NA
12,4,2023,7,D1,HOMA,0,NA
12,4,2023,7,D1,PAIN,4,NA
12,4,2023,7,D1,LEMA,8,NA
12,4,2023,7,D1,SOAS,0,NA
12,4,2023,7,D1,MESU,3,NA
12,4,2023,7,D1,MEPO,0,NA
12,4,2023,7,D1,CHMI,0,NA
12,4,2023,7,D2,BEMA,23,NA
12,4,2023,7,D2,SPRU,53,NA
12,4,2023,7,D2,CETE,0,NA
12,4,2023,7,D2,POMO,0,NA
12,4,2023,7,D2,POMA,0,NA
12,4,2023,7,D2,CHFU,2,NA
12,4,2023,7,D2,SCLA,0,NA
12,4,2023,7,D2,PLCO,0,NA
12,4,2023,7,D2,HOMA,0,NA
12,4,2023,7,D2,PAIN,7,NA
12,4,2023,7,D2,LEMA,6,NA
12,4,2023,7,D2,SOAS,1,NA
12,4,2023,7,D2,MESU,0,NA
12,4,2023,7,D2,MEPO,0,NA
12,4,2023,7,D2,CHMI,0,NA
12,4,2023,7,D3,BEMA,63,NA
12,4,2023,7,D3,SPRU,23,NA
12,4,2023,7,D3,CETE,0,NA
12,4,2023,7,D3,POMO,1,NA
12,4,2023,7,D3,POMA,3,NA
12,4,2023,7,D3,CHFU,0,NA
12,4,2023,7,D3,SCLA,3,NA
12,4,2023,7,D3,PLCO,0,NA
12,4,2023,7,D3,HOMA,0,NA
12,4,2023,7,D3,PAIN,12,NA
12,4,2023,7,D3,LEMA,12,NA
12,4,2023,7,D3,SOAS,1,NA
12,4,2023,7,D3,MESU,15,NA
12,4,2023,7,D3,MEPO,0,NA
12,4,2023,7,D3,CHMI,0,NA
12,4,2023,7,D4,BEMA,46,NA
12,4,2023,7,D4,SPRU,16,NA
12,4,2023,7,D4,CETE,0,NA
12,4,2023,7,D4,POMO,3,NA
12,4,2023,7,D4,POMA,8,NA
12,4,2023,7,D4,CHFU,0,NA
12,4,2023,7,D4,SCLA,6,NA
12,4,2023,7,D4,PLCO,2,NA
12,4,2023,7,D4,HOMA,0,NA
12,4,2023,7,D4,PAIN,8,NA
12,4,2023,7,D4,LEMA,13,NA
12,4,2023,7,D4,SOAS,0,NA
12,4,2023,7,D4,MESU,0,NA
12,4,2023,7,D4,MEPO,33,NA
12,4,2023,7,D4,CHMI,0,NA
12,4,2023,7,D5,BEMA,17,NA
12,4,2023,7,D5,SPRU,20,NA
12,4,2023,7,D5,CETE,14,NA
12,4,2023,7,D5,POMO,3,NA
12,4,2023,7,D5,POMA,1,NA
12,4,2023,7,D5,CHFU,0,NA
12,4,2023,7,D5,SCLA,0,NA
12,4,2023,7,D5,PLCO,0,NA
12,4,2023,7,D5,HOMA,1,NA
12,4,2023,7,D5,PAIN,9,NA
12,4,2023,7,D5,LEMA,12,NA
12,4,2023,7,D5,SOAS,0,NA
12,4,2023,7,D5,MESU,0,NA
12,4,2023,7,D5,MEPO,25,NA
12,4,2023,7,D5,CHMI,0,NA
12,4,2023,7,D6,BEMA,10,NA
12,4,2023,7,D6,SPRU,0,NA
12,4,2023,7,D6,CETE,25,NA
12,4,2023,7,D6,POMO,1,NA
12,4,2023,7,D6,POMA,11,NA
12,4,2023,7,D6,CHFU,0,NA
12,4,2023,7,D6,SCLA,7,NA
12,4,2023,7,D6,PLCO,0,NA
12,4,2023,7,D6,HOMA,1,NA
12,4,2023,7,D6,PAIN,18,NA
12,4,2023,7,D6,LEMA,13,NA
12,4,2023,7,D6,SOAS,2,NA
12,4,2023,7,D6,MESU,7,NA
12,4,2023,7,D6,MEPO,0,NA
12,4,2023,7,D6,CHMI,0,NA
12,4,2023,7,E1,BEMA,13,NA
12,4,2023,7,E1,SPRU,10,NA
12,4,2023,7,E1,CETE,0,NA
12,4,2023,7,E1,POMO,0,NA
12,4,2023,7,E1,POMA,7,NA
12,4,2023,7,E1,CHFU,12,NA
12,4,2023,7,E1,SCLA,2,NA
12,4,2023,7,E1,PLCO,4,NA
12,4,2023,7,E1,HOMA,4,NA
12,4,2023,7,E1,PAIN,2,NA
12,4,2023,7,E1,LEMA,10,NA
12,4,2023,7,E1,SOAS,4,NA
12,4,2023,7,E1,MESU,2,NA
12,4,2023,7,E1,MEPO,0,NA
12,4,2023,7,E1,CHMI,0,NA
12,4,2023,7,E2,BEMA,38,NA
12,4,2023,7,E2,SPRU,23,NA
12,4,2023,7,E2,CETE,0,NA
12,4,2023,7,E2,POMO,0,NA
12,4,2023,7,E2,POMA,30,NA
12,4,2023,7,E2,CHFU,4,NA
12,4,2023,7,E2,SCLA,0,NA
12,4,2023,7,E2,PLCO,1,NA
12,4,2023,7,E2,HOMA,7,NA
12,4,2023,7,E2,PAIN,2,NA
12,4,2023,7,E2,LEMA,3,NA
12,4,2023,7,E2,SOAS,1,NA
12,4,2023,7,E2,MESU,0,NA
12,4,2023,7,E2,MEPO,0,NA
12,4,2023,7,E2,CHMI,0,NA
12,4,2023,7,E3,BEMA,43,NA
12,4,2023,7,E3,SPRU,12,NA
12,4,2023,7,E3,CETE,0,NA
12,4,2023,7,E3,POMO,5,NA
12,4,2023,7,E3,POMA,5,NA
12,4,2023,7,E3,CHFU,4,NA
12,4,2023,7,E3,SCLA,2,NA
12,4,2023,7,E3,PLCO,0,NA
12,4,2023,7,E3,HOMA,0,NA
12,4,2023,7,E3,PAIN,3,NA
12,4,2023,7,E3,LEMA,6,NA
12,4,2023,7,E3,SOAS,1,NA
12,4,2023,7,E3,MESU,2,NA
12,4,2023,7,E3,MEPO,0,NA
12,4,2023,7,E3,CHMI,0,NA
12,4,2023,7,E4,BEMA,27,NA
12,4,2023,7,E4,SPRU,8,NA
12,4,2023,7,E4,CETE,0,NA
12,4,2023,7,E4,POMO,0,NA
12,4,2023,7,E4,POMA,4,NA
12,4,2023,7,E4,CHFU,12,NA
12,4,2023,7,E4,SCLA,2,NA
12,4,2023,7,E4,PLCO,0,NA
12,4,2023,7,E4,HOMA,2,NA
12,4,2023,7,E4,PAIN,4,NA
12,4,2023,7,E4,LEMA,8,NA
12,4,2023,7,E4,SOAS,1,NA
12,4,2023,7,E4,MESU,3,NA
12,4,2023,7,E4,MEPO,0,NA
12,4,2023,7,E4,CHMI,0,NA
12,4,2023,7,E5,BEMA,30,NA
12,4,2023,7,E5,SPRU,12,NA
12,4,2023,7,E5,CETE,0,NA
12,4,2023,7,E5,POMO,4,NA
12,4,2023,7,E5,POMA,0,NA
12,4,2023,7,E5,CHFU,7,NA
12,4,2023,7,E5,SCLA,1,NA
12,4,2023,7,E5,PLCO,0,NA
12,4,2023,7,E5,HOMA,3,NA
12,4,2023,7,E5,PAIN,2,NA
12,4,2023,7,E5,LEMA,10,NA
12,4,2023,7,E5,SOAS,5,NA
12,4,2023,7,E5,MESU,4,NA
12,4,2023,7,E5,MEPO,0,NA
12,4,2023,7,E5,CHMI,0,NA
12,4,2023,7,E6,BEMA,8,NA
12,4,2023,7,E6,SPRU,7,NA
12,4,2023,7,E6,CETE,4,NA
12,4,2023,7,E6,POMO,1,NA
12,4,2023,7,E6,POMA,15,NA
12,4,2023,7,E6,CHFU,2,NA
12,4,2023,7,E6,SCLA,2,NA
12,4,2023,7,E6,PLCO,0,NA
12,4,2023,7,E6,HOMA,5,NA
12,4,2023,7,E6,PAIN,20,NA
12,4,2023,7,E6,LEMA,11,NA
12,4,2023,7,E6,SOAS,2,NA
12,4,2023,7,E6,MESU,0,NA
12,4,2023,7,E6,MEPO,0,NA
12,4,2023,7,E6,CHMI,0,NA
12,4,2023,7,F1,BEMA,57,NA
12,4,2023,7,F1,SPRU,62,NA
12,4,2023,7,F1,CETE,0,NA
12,4,2023,7,F1,POMO,0,NA
12,4,2023,7,F1,POMA,10,NA
12,4,2023,7,F1,CHFU,4,NA
12,4,2023,7,F1,SCLA,2,NA
12,4,2023,7,F1,PLCO,0,NA
12,4,2023,7,F1,HOMA,1,NA
12,4,2023,7,F1,PAIN,14,NA
12,4,2023,7,F1,LEMA,11,NA
12,4,2023,7,F1,SOAS,5,NA
12,4,2023,7,F1,MESU,3,NA
12,4,2023,7,F1,MEPO,0,NA
12,4,2023,7,F1,CHMI,0,NA
12,4,2023,7,F2,BEMA,43,NA
12,4,2023,7,F2,SPRU,68,NA
12,4,2023,7,F2,CETE,0,NA
12,4,2023,7,F2,POMO,4,NA
12,4,2023,7,F2,POMA,8,NA
12,4,2023,7,F2,CHFU,3,NA
12,4,2023,7,F2,SCLA,0,NA
12,4,2023,7,F2,PLCO,2,NA
12,4,2023,7,F2,HOMA,0,NA
12,4,2023,7,F2,PAIN,16,NA
12,4,2023,7,F2,LEMA,6,NA
12,4,2023,7,F2,SOAS,3,NA
12,4,2023,7,F2,MESU,2,NA
12,4,2023,7,F2,MEPO,0,NA
12,4,2023,7,F2,CHMI,0,NA
12,4,2023,7,F3,BEMA,55,NA
12,4,2023,7,F3,SPRU,63,NA
12,4,2023,7,F3,CETE,0,NA
12,4,2023,7,F3,POMO,2,NA
12,4,2023,7,F3,POMA,8,NA
12,4,2023,7,F3,CHFU,4,NA
12,4,2023,7,F3,SCLA,2,NA
12,4,2023,7,F3,PLCO,1,NA
12,4,2023,7,F3,HOMA,1,NA
12,4,2023,7,F3,PAIN,9,NA
12,4,2023,7,F3,LEMA,5,NA
12,4,2023,7,F3,SOAS,0,NA
12,4,2023,7,F3,MESU,12,NA
12,4,2023,7,F3,MEPO,0,NA
12,4,2023,7,F3,CHMI,0,NA
12,4,2023,7,F4,BEMA,35,NA
12,4,2023,7,F4,SPRU,25,NA
12,4,2023,7,F4,CETE,0,NA
12,4,2023,7,F4,POMO,3,NA
12,4,2023,7,F4,POMA,4,NA
12,4,2023,7,F4,CHFU,4,NA
12,4,2023,7,F4,SCLA,3,NA
12,4,2023,7,F4,PLCO,1,NA
12,4,2023,7,F4,HOMA,0,NA
12,4,2023,7,F4,PAIN,2,NA
12,4,2023,7,F4,LEMA,22,NA
12,4,2023,7,F4,SOAS,4,NA
12,4,2023,7,F4,MESU,0,NA
12,4,2023,7,F4,MEPO,0,NA
12,4,2023,7,F4,CHMI,0,NA
12,4,2023,7,F5,BEMA,32,NA
12,4,2023,7,F5,SPRU,23,NA
12,4,2023,7,F5,CETE,0,NA
12,4,2023,7,F5,POMO,0,NA
12,4,2023,7,F5,POMA,11,NA
12,4,2023,7,F5,CHFU,2,NA
12,4,2023,7,F5,SCLA,0,NA
12,4,2023,7,F5,PLCO,2,NA
12,4,2023,7,F5,HOMA,5,NA
12,4,2023,7,F5,PAIN,2,NA
12,4,2023,7,F5,LEMA,17,NA
12,4,2023,7,F5,SOAS,2,NA
12,4,2023,7,F5,MESU,0,NA
12,4,2023,7,F5,MEPO,0,NA
12,4,2023,7,F5,CHMI,0,NA
12,4,2023,7,F6,BEMA,15,NA
12,4,2023,7,F6,SPRU,71,NA
12,4,2023,7,F6,CETE,0,NA
12,4,2023,7,F6,POMO,0,NA
12,4,2023,7,F6,POMA,0,NA
12,4,2023,7,F6,CHFU,13,NA
12,4,2023,7,F6,SCLA,1,NA
12,4,2023,7,F6,PLCO,2,NA
12,4,2023,7,F6,HOMA,0,NA
12,4,2023,7,F6,PAIN,6,NA
12,4,2023,7,F6,LEMA,14,NA
12,4,2023,7,F6,SOAS,0,NA
12,4,2023,7,F6,MESU,4,NA
12,4,2023,7,F6,MEPO,0,NA
12,4,2023,7,F6,CHMI,0,NA
12,4,2023,8,A1,BEMA,29,NA
12,4,2023,8,A1,SPRU,36,NA
12,4,2023,8,A1,CETE,4,NA
12,4,2023,8,A1,POMO,25,NA
12,4,2023,8,A1,POMA,0,NA
12,4,2023,8,A1,CHFU,12,NA
12,4,2023,8,A1,SCLA,0,NA
12,4,2023,8,A1,PLCO,2,NA
12,4,2023,8,A1,HOMA,4,NA
12,4,2023,8,A1,PAIN,5,NA
12,4,2023,8,A1,LEMA,12,NA
12,4,2023,8,A1,SOAS,0,NA
12,4,2023,8,A1,MESU,9,NA
12,4,2023,8,A1,MEPO,0,NA
12,4,2023,8,A2,BEMA,36,NA
12,4,2023,8,A2,SPRU,12,NA
12,4,2023,8,A2,CETE,0,NA
12,4,2023,8,A2,POMO,6,NA
12,4,2023,8,A2,POMA,18,NA
12,4,2023,8,A2,CHFU,30,NA
12,4,2023,8,A2,SCLA,1,NA
12,4,2023,8,A2,PLCO,0,NA
12,4,2023,8,A2,HOMA,0,NA
12,4,2023,8,A2,PAIN,1,NA
12,4,2023,8,A2,LEMA,7,NA
12,4,2023,8,A2,SOAS,2,NA
12,4,2023,8,A2,MESU,6,NA
12,4,2023,8,A2,MEPO,0,NA
12,4,2023,8,A3,BEMA,49,NA
12,4,2023,8,A3,SPRU,10,NA
12,4,2023,8,A3,CETE,2,NA
12,4,2023,8,A3,POMO,4,NA
12,4,2023,8,A3,POMA,36,NA
12,4,2023,8,A3,CHFU,31,NA
12,4,2023,8,A3,SCLA,1,NA
12,4,2023,8,A3,PLCO,0,NA
12,4,2023,8,A3,HOMA,0,NA
12,4,2023,8,A3,PAIN,4,NA
12,4,2023,8,A3,LEMA,11,NA
12,4,2023,8,A3,SOAS,3,NA
12,4,2023,8,A3,MESU,0,NA
12,4,2023,8,A3,MEPO,0,NA
12,4,2023,8,A4,BEMA,27,NA
12,4,2023,8,A4,SPRU,2,NA
12,4,2023,8,A4,CETE,0,NA
12,4,2023,8,A4,POMO,2,NA
12,4,2023,8,A4,POMA,40,NA
12,4,2023,8,A4,CHFU,8,NA
12,4,2023,8,A4,SCLA,0,NA
12,4,2023,8,A4,PLCO,3,NA
12,4,2023,8,A4,HOMA,0,NA
12,4,2023,8,A4,PAIN,2,NA
12,4,2023,8,A4,LEMA,2,NA
12,4,2023,8,A4,SOAS,6,NA
12,4,2023,8,A4,MESU,2,NA
12,4,2023,8,A4,MEPO,0,NA
12,4,2023,8,A5,BEMA,6,NA
12,4,2023,8,A5,SPRU,9,NA
12,4,2023,8,A5,CETE,0,NA
12,4,2023,8,A5,POMO,1,NA
12,4,2023,8,A5,POMA,15,NA
12,4,2023,8,A5,CHFU,30,NA
12,4,2023,8,A5,SCLA,0,NA
12,4,2023,8,A5,PLCO,2,NA
12,4,2023,8,A5,HOMA,0,NA
12,4,2023,8,A5,PAIN,6,NA
12,4,2023,8,A5,LEMA,1,NA
12,4,2023,8,A5,SOAS,4,NA
12,4,2023,8,A5,MESU,3,NA
12,4,2023,8,A5,MEPO,0,NA
12,4,2023,8,A6,BEMA,18,NA
12,4,2023,8,A6,SPRU,2,NA
12,4,2023,8,A6,CETE,0,NA
12,4,2023,8,A6,POMO,2,NA
12,4,2023,8,A6,POMA,16,NA
12,4,2023,8,A6,CHFU,65,NA
12,4,2023,8,A6,SCLA,0,NA
12,4,2023,8,A6,PLCO,2,NA
12,4,2023,8,A6,HOMA,0,NA
12,4,2023,8,A6,PAIN,6,NA
12,4,2023,8,A6,LEMA,8,NA
12,4,2023,8,A6,SOAS,4,NA
12,4,2023,8,A6,MESU,29,NA
12,4,2023,8,A6,MEPO,0,NA
12,4,2023,8,B1,BEMA,36,NA
12,4,2023,8,B1,SPRU,40,NA
12,4,2023,8,B1,CETE,0,NA
12,4,2023,8,B1,POMO,0,NA
12,4,2023,8,B1,POMA,20,NA
12,4,2023,8,B1,CHFU,8,NA
12,4,2023,8,B1,SCLA,0,NA
12,4,2023,8,B1,PLCO,0,NA
12,4,2023,8,B1,HOMA,10,NA
12,4,2023,8,B1,PAIN,9,NA
12,4,2023,8,B1,LEMA,4,NA
12,4,2023,8,B1,SOAS,0,NA
12,4,2023,8,B1,MESU,5,NA
12,4,2023,8,B1,MEPO,0,NA
12,4,2023,8,B2,BEMA,22,NA
12,4,2023,8,B2,SPRU,10,NA
12,4,2023,8,B2,CETE,0,NA
12,4,2023,8,B2,POMO,2,NA
12,4,2023,8,B2,POMA,35,NA
12,4,2023,8,B2,CHFU,28,NA
12,4,2023,8,B2,SCLA,0,NA
12,4,2023,8,B2,PLCO,0,NA
12,4,2023,8,B2,HOMA,0,NA
12,4,2023,8,B2,PAIN,3,NA
12,4,2023,8,B2,LEMA,3,NA
12,4,2023,8,B2,SOAS,3,NA
12,4,2023,8,B2,MESU,0,NA
12,4,2023,8,B2,MEPO,0,NA
12,4,2023,8,B3,BEMA,25,NA
12,4,2023,8,B3,SPRU,15,NA
12,4,2023,8,B3,CETE,0,NA
12,4,2023,8,B3,POMO,5,NA
12,4,2023,8,B3,POMA,20,NA
12,4,2023,8,B3,CHFU,10,NA
12,4,2023,8,B3,SCLA,1,NA
12,4,2023,8,B3,PLCO,0,NA
12,4,2023,8,B3,HOMA,0,NA
12,4,2023,8,B3,PAIN,8,NA
12,4,2023,8,B3,LEMA,3,NA
12,4,2023,8,B3,SOAS,1,NA
12,4,2023,8,B3,MESU,0,NA
12,4,2023,8,B3,MEPO,0,NA
12,4,2023,8,B4,BEMA,48,NA
12,4,2023,8,B4,SPRU,5,NA
12,4,2023,8,B4,CETE,0,NA
12,4,2023,8,B4,POMO,4,NA
12,4,2023,8,B4,POMA,36,NA
12,4,2023,8,B4,CHFU,22,NA
12,4,2023,8,B4,SCLA,0,NA
12,4,2023,8,B4,PLCO,0,NA
12,4,2023,8,B4,HOMA,2,NA
12,4,2023,8,B4,PAIN,7,NA
12,4,2023,8,B4,LEMA,2,NA
12,4,2023,8,B4,SOAS,8,NA
12,4,2023,8,B4,MESU,26,NA
12,4,2023,8,B4,MEPO,0,NA
12,4,2023,8,B5,BEMA,17,NA
12,4,2023,8,B5,SPRU,4,NA
12,4,2023,8,B5,CETE,0,NA
12,4,2023,8,B5,POMO,0,NA
12,4,2023,8,B5,POMA,36,NA
12,4,2023,8,B5,CHFU,32,NA
12,4,2023,8,B5,SCLA,3,NA
12,4,2023,8,B5,PLCO,0,NA
12,4,2023,8,B5,HOMA,0,NA
12,4,2023,8,B5,PAIN,9,NA
12,4,2023,8,B5,LEMA,1,NA
12,4,2023,8,B5,SOAS,2,NA
12,4,2023,8,B5,MESU,68,NA
12,4,2023,8,B5,MEPO,0,NA
12,4,2023,8,B6,NA,NA,Salicornia
12,4,2023,8,B6,MEPO,0,NA
12,4,2023,8,C1,BEMA,20,NA
12,4,2023,8,C1,SPRU,22,NA
12,4,2023,8,C1,CETE,0,NA
12,4,2023,8,C1,POMO,1,NA
12,4,2023,8,C1,POMA,22,NA
12,4,2023,8,C1,CHFU,34,NA
12,4,2023,8,C1,SCLA,0,NA
12,4,2023,8,C1,PLCO,0,NA
12,4,2023,8,C1,HOMA,0,NA
12,4,2023,8,C1,PAIN,10,NA
12,4,2023,8,C1,LEMA,7,NA
12,4,2023,8,C1,SOAS,1,NA
12,4,2023,8,C1,MESU,3,NA
12,4,2023,8,C1,MEPO,0,NA
12,4,2023,8,C2,BEMA,22,NA
12,4,2023,8,C2,SPRU,20,NA
12,4,2023,8,C2,CETE,5,NA
12,4,2023,8,C2,POMO,1,NA
12,4,2023,8,C2,POMA,30,NA
12,4,2023,8,C2,CHFU,40,NA
12,4,2023,8,C2,SCLA,0,NA
12,4,2023,8,C2,PLCO,0,NA
12,4,2023,8,C2,HOMA,2,NA
12,4,2023,8,C2,PAIN,4,NA
12,4,2023,8,C2,LEMA,8,NA
12,4,2023,8,C2,SOAS,6,NA
12,4,2023,8,C2,MESU,5,NA
12,4,2023,8,C2,MEPO,0,NA
12,4,2023,8,C3,BEMA,11,NA
12,4,2023,8,C3,SPRU,10,NA
12,4,2023,8,C3,CETE,0,NA
12,4,2023,8,C3,POMO,5,NA
12,4,2023,8,C3,POMA,10,NA
12,4,2023,8,C3,CHFU,13,NA
12,4,2023,8,C3,SCLA,3,NA
12,4,2023,8,C3,PLCO,0,NA
12,4,2023,8,C3,HOMA,0,NA
12,4,2023,8,C3,PAIN,10,NA
12,4,2023,8,C3,LEMA,1,NA
12,4,2023,8,C3,SOAS,3,NA
12,4,2023,8,C3,MESU,2,NA
12,4,2023,8,C3,MEPO,0,NA
12,4,2023,8,C4,BEMA,50,NA
12,4,2023,8,C4,SPRU,0,NA
12,4,2023,8,C4,CETE,5,NA
12,4,2023,8,C4,POMO,2,NA
12,4,2023,8,C4,POMA,42,NA
12,4,2023,8,C4,CHFU,15,NA
12,4,2023,8,C4,SCLA,0,NA
12,4,2023,8,C4,PLCO,1,NA
12,4,2023,8,C4,HOMA,0,NA
12,4,2023,8,C4,PAIN,13,NA
12,4,2023,8,C4,LEMA,11,NA
12,4,2023,8,C4,SOAS,5,NA
12,4,2023,8,C4,MESU,13,NA
12,4,2023,8,C4,MEPO,0,NA
12,4,2023,8,C5,BEMA,23,NA
12,4,2023,8,C5,SPRU,10,NA
12,4,2023,8,C5,CETE,0,NA
12,4,2023,8,C5,POMO,2,NA
12,4,2023,8,C5,POMA,42,NA
12,4,2023,8,C5,CHFU,26,NA
12,4,2023,8,C5,SCLA,2,NA
12,4,2023,8,C5,PLCO,3,NA
12,4,2023,8,C5,HOMA,2,NA
12,4,2023,8,C5,PAIN,8,NA
12,4,2023,8,C5,LEMA,7,NA
12,4,2023,8,C5,SOAS,3,NA
12,4,2023,8,C5,MESU,3,NA
12,4,2023,8,C5,MEPO,0,NA
12,4,2023,8,C6,BEMA,40,NA
12,4,2023,8,C6,SPRU,1,NA
12,4,2023,8,C6,CETE,0,NA
12,4,2023,8,C6,POMO,2,NA
12,4,2023,8,C6,POMA,46,NA
12,4,2023,8,C6,CHFU,13,NA
12,4,2023,8,C6,SCLA,0,NA
12,4,2023,8,C6,PLCO,0,NA
12,4,2023,8,C6,HOMA,2,NA
12,4,2023,8,C6,PAIN,2,NA
12,4,2023,8,C6,LEMA,26,NA
12,4,2023,8,C6,SOAS,1,NA
12,4,2023,8,C6,MESU,5,NA
12,4,2023,8,C6,MEPO,0,NA
12,4,2023,8,D1,BEMA,48,NA
12,4,2023,8,D1,SPRU,36,NA
12,4,2023,8,D1,CETE,0,NA
12,4,2023,8,D1,POMO,2,NA
12,4,2023,8,D1,POMA,43,NA
12,4,2023,8,D1,CHFU,23,NA
12,4,2023,8,D1,SCLA,1,NA
12,4,2023,8,D1,PLCO,0,NA
12,4,2023,8,D1,HOMA,2,NA
12,4,2023,8,D1,PAIN,9,NA
12,4,2023,8,D1,LEMA,7,NA
12,4,2023,8,D1,SOAS,2,NA
12,4,2023,8,D1,MESU,0,NA
12,4,2023,8,D1,MEPO,0,NA
12,4,2023,8,D2,BEMA,26,NA
12,4,2023,8,D2,SPRU,9,NA
12,4,2023,8,D2,CETE,3,NA
12,4,2023,8,D2,POMO,3,NA
12,4,2023,8,D2,POMA,92,NA
12,4,2023,8,D2,CHFU,52,NA
12,4,2023,8,D2,SCLA,0,NA
12,4,2023,8,D2,PLCO,0,NA
12,4,2023,8,D2,HOMA,5,NA
12,4,2023,8,D2,PAIN,7,NA
12,4,2023,8,D2,LEMA,3,NA
12,4,2023,8,D2,SOAS,2,NA
12,4,2023,8,D2,MESU,2,NA
12,4,2023,8,D2,MEPO,0,NA
12,4,2023,8,D3,BEMA,18,NA
12,4,2023,8,D3,SPRU,1,NA
12,4,2023,8,D3,CETE,0,NA
12,4,2023,8,D3,POMO,13,NA
12,4,2023,8,D3,POMA,25,NA
12,4,2023,8,D3,CHFU,3,NA
12,4,2023,8,D3,SCLA,0,NA
12,4,2023,8,D3,PLCO,2,NA
12,4,2023,8,D3,HOMA,0,NA
12,4,2023,8,D3,PAIN,6,NA
12,4,2023,8,D3,LEMA,11,NA
12,4,2023,8,D3,SOAS,6,NA
12,4,2023,8,D3,MESU,0,NA
12,4,2023,8,D3,MEPO,0,NA
12,4,2023,8,D4,BEMA,35,NA
12,4,2023,8,D4,SPRU,0,NA
12,4,2023,8,D4,CETE,0,NA
12,4,2023,8,D4,POMO,4,NA
12,4,2023,8,D4,POMA,20,NA
12,4,2023,8,D4,CHFU,18,NA
12,4,2023,8,D4,SCLA,1,NA
12,4,2023,8,D4,PLCO,2,NA
12,4,2023,8,D4,HOMA,0,NA
12,4,2023,8,D4,PAIN,20,NA
12,4,2023,8,D4,LEMA,3,NA
12,4,2023,8,D4,SOAS,3,NA
12,4,2023,8,D4,MESU,8,NA
12,4,2023,8,D4,MEPO,0,NA
12,4,2023,8,D5,BEMA,32,NA
12,4,2023,8,D5,SPRU,3,NA
12,4,2023,8,D5,CETE,0,NA
12,4,2023,8,D5,POMO,1,NA
12,4,2023,8,D5,POMA,35,NA
12,4,2023,8,D5,CHFU,8,NA
12,4,2023,8,D5,SCLA,0,NA
12,4,2023,8,D5,PLCO,1,NA
12,4,2023,8,D5,HOMA,0,NA
12,4,2023,8,D5,PAIN,10,NA
12,4,2023,8,D5,LEMA,3,NA
12,4,2023,8,D5,SOAS,2,NA
12,4,2023,8,D5,MESU,12,NA
12,4,2023,8,D5,MEPO,0,NA
12,4,2023,8,D6,BEMA,45,NA
12,4,2023,8,D6,SPRU,3,NA
12,4,2023,8,D6,CETE,0,NA
12,4,2023,8,D6,POMO,2,NA
12,4,2023,8,D6,POMA,30,NA
12,4,2023,8,D6,CHFU,17,NA
12,4,2023,8,D6,SCLA,1,NA
12,4,2023,8,D6,PLCO,1,NA
12,4,2023,8,D6,HOMA,0,NA
12,4,2023,8,D6,PAIN,4,NA
12,4,2023,8,D6,LEMA,4,NA
12,4,2023,8,D6,SOAS,1,NA
12,4,2023,8,D6,MESU,12,NA
12,4,2023,8,D6,MEPO,0,NA
12,4,2023,8,E1,BEMA,18,NA
12,4,2023,8,E1,SPRU,16,NA
12,4,2023,8,E1,CETE,7,NA
12,4,2023,8,E1,POMO,0,NA
12,4,2023,8,E1,POMA,31,NA
12,4,2023,8,E1,CHFU,55,NA
12,4,2023,8,E1,SCLA,1,NA
12,4,2023,8,E1,PLCO,0,NA
12,4,2023,8,E1,HOMA,0,NA
12,4,2023,8,E1,PAIN,0,NA
12,4,2023,8,E1,LEMA,5,NA
12,4,2023,8,E1,SOAS,0,NA
12,4,2023,8,E1,MESU,6,NA
12,4,2023,8,E1,MEPO,0,NA
12,4,2023,8,E2,BEMA,26,NA
12,4,2023,8,E2,SPRU,12,NA
12,4,2023,8,E2,CETE,0,NA
12,4,2023,8,E2,POMO,0,NA
12,4,2023,8,E2,POMA,18,NA
12,4,2023,8,E2,CHFU,10,NA
12,4,2023,8,E2,SCLA,0,NA
12,4,2023,8,E2,PLCO,3,NA
12,4,2023,8,E2,HOMA,0,NA
12,4,2023,8,E2,PAIN,1,NA
12,4,2023,8,E2,LEMA,5,NA
12,4,2023,8,E2,SOAS,5,NA
12,4,2023,8,E2,MESU,19,NA
12,4,2023,8,E2,MEPO,0,NA
12,4,2023,8,E3,BEMA,54,NA
12,4,2023,8,E3,SPRU,6,NA
12,4,2023,8,E3,CETE,0,NA
12,4,2023,8,E3,POMO,1,NA
12,4,2023,8,E3,POMA,28,NA
12,4,2023,8,E3,CHFU,28,NA
12,4,2023,8,E3,SCLA,9,NA
12,4,2023,8,E3,PLCO,1,NA
12,4,2023,8,E3,HOMA,2,NA
12,4,2023,8,E3,PAIN,25,NA
12,4,2023,8,E3,LEMA,7,NA
12,4,2023,8,E3,SOAS,2,NA
12,4,2023,8,E3,MESU,3,NA
12,4,2023,8,E3,MEPO,0,NA
12,4,2023,8,E4,BEMA,16,NA
12,4,2023,8,E4,SPRU,2,NA
12,4,2023,8,E4,CETE,0,NA
12,4,2023,8,E4,POMO,3,NA
12,4,2023,8,E4,POMA,25,NA
12,4,2023,8,E4,CHFU,0,NA
12,4,2023,8,E4,SCLA,0,NA
12,4,2023,8,E4,PLCO,0,NA
12,4,2023,8,E4,HOMA,0,NA
12,4,2023,8,E4,PAIN,0,NA
12,4,2023,8,E4,LEMA,19,NA
12,4,2023,8,E4,SOAS,7,NA
12,4,2023,8,E4,MESU,3,NA
12,4,2023,8,E4,MEPO,0,NA
12,4,2023,8,E5,BEMA,31,NA
12,4,2023,8,E5,SPRU,0,NA
12,4,2023,8,E5,CETE,4,NA
12,4,2023,8,E5,POMO,2,NA
12,4,2023,8,E5,POMA,24,NA
12,4,2023,8,E5,CHFU,2,NA
12,4,2023,8,E5,SCLA,0,NA
12,4,2023,8,E5,PLCO,0,NA
12,4,2023,8,E5,HOMA,0,NA
12,4,2023,8,E5,PAIN,1,NA
12,4,2023,8,E5,LEMA,5,NA
12,4,2023,8,E5,SOAS,4,NA
12,4,2023,8,E5,MESU,6,NA
12,4,2023,8,E5,MEPO,2,NA
12,4,2023,8,E6,BEMA,0,NA
12,4,2023,8,E6,SPRU,0,NA
12,4,2023,8,E6,CETE,0,NA
12,4,2023,8,E6,POMO,1,NA
12,4,2023,8,E6,POMA,70,NA
12,4,2023,8,E6,CHFU,19,NA
12,4,2023,8,E6,SCLA,2,NA
12,4,2023,8,E6,PLCO,0,NA
12,4,2023,8,E6,HOMA,0,NA
12,4,2023,8,E6,PAIN,7,NA
12,4,2023,8,E6,LEMA,4,NA
12,4,2023,8,E6,SOAS,12,NA
12,4,2023,8,E6,MESU,4,NA
12,4,2023,8,E6,MEPO,0,NA
12,4,2023,8,F1,BEMA,27,NA
12,4,2023,8,F1,SPRU,15,NA
12,4,2023,8,F1,CETE,6,NA
12,4,2023,8,F1,POMO,2,NA
12,4,2023,8,F1,POMA,65,NA
12,4,2023,8,F1,CHFU,60,NA
12,4,2023,8,F1,SCLA,1,NA
12,4,2023,8,F1,PLCO,0,NA
12,4,2023,8,F1,HOMA,0,NA
12,4,2023,8,F1,PAIN,0,NA
12,4,2023,8,F1,LEMA,30,NA
12,4,2023,8,F1,SOAS,2,NA
12,4,2023,8,F1,MESU,4,NA
12,4,2023,8,F1,MEPO,0,NA
12,4,2023,8,F2,BEMA,23,NA
12,4,2023,8,F2,SPRU,20,NA
12,4,2023,8,F2,CETE,1,NA
12,4,2023,8,F2,POMO,1,NA
12,4,2023,8,F2,POMA,10,NA
12,4,2023,8,F2,CHFU,28,NA
12,4,2023,8,F2,SCLA,0,NA
12,4,2023,8,F2,PLCO,0,NA
12,4,2023,8,F2,HOMA,0,NA
12,4,2023,8,F2,PAIN,1,NA
12,4,2023,8,F2,LEMA,3,NA
12,4,2023,8,F2,SOAS,0,NA
12,4,2023,8,F2,MESU,6,NA
12,4,2023,8,F2,MEPO,0,NA
12,4,2023,8,F3,BEMA,30,NA
12,4,2023,8,F3,SPRU,4,NA
12,4,2023,8,F3,CETE,0,NA
12,4,2023,8,F3,POMO,0,NA
12,4,2023,8,F3,POMA,10,NA
12,4,2023,8,F3,CHFU,43,NA
12,4,2023,8,F3,SCLA,4,NA
12,4,2023,8,F3,PLCO,1,NA
12,4,2023,8,F3,HOMA,0,NA
12,4,2023,8,F3,PAIN,4,NA
12,4,2023,8,F3,LEMA,1,NA
12,4,2023,8,F3,SOAS,1,NA
12,4,2023,8,F3,MESU,0,NA
12,4,2023,8,F3,MEPO,0,NA
12,4,2023,8,F4,BEMA,28,NA
12,4,2023,8,F4,SPRU,2,NA
12,4,2023,8,F4,CETE,0,NA
12,4,2023,8,F4,POMO,0,NA
12,4,2023,8,F4,POMA,36,NA
12,4,2023,8,F4,CHFU,12,NA
12,4,2023,8,F4,SCLA,0,NA
12,4,2023,8,F4,PLCO,0,NA
12,4,2023,8,F4,HOMA,0,NA
12,4,2023,8,F4,PAIN,0,NA
12,4,2023,8,F4,LEMA,5,NA
12,4,2023,8,F4,SOAS,4,NA
12,4,2023,8,F4,MESU,0,NA
12,4,2023,8,F4,MEPO,0,NA
12,4,2023,8,F5,BEMA,12,NA
12,4,2023,8,F5,SPRU,0,NA
12,4,2023,8,F5,CETE,6,NA
12,4,2023,8,F5,POMO,1,NA
12,4,2023,8,F5,POMA,27,NA
12,4,2023,8,F5,CHFU,17,NA
12,4,2023,8,F5,SCLA,1,NA
12,4,2023,8,F5,PLCO,2,NA
12,4,2023,8,F5,HOMA,0,NA
12,4,2023,8,F5,PAIN,4,NA
12,4,2023,8,F5,LEMA,2,NA
12,4,2023,8,F5,SOAS,4,NA
12,4,2023,8,F5,MESU,0,NA
12,4,2023,8,F5,MEPO,0,NA
12,4,2023,8,F6,BEMA,0,NA
12,4,2023,8,F6,SPRU,0,NA
12,4,2023,8,F6,CETE,0,NA
12,4,2023,8,F6,POMO,1,NA
12,4,2023,8,F6,POMA,46,NA
12,4,2023,8,F6,CHFU,22,NA
12,4,2023,8,F6,SCLA,0,NA
12,4,2023,8,F6,PLCO,0,NA
12,4,2023,8,F6,HOMA,0,NA
12,4,2023,8,F6,PAIN,0,NA
12,4,2023,8,F6,LEMA,3,NA
12,4,2023,8,F6,SOAS,5,NA
12,4,2023,8,F6,MESU,7,NA
12,4,2023,8,F6,MEPO,0,NA
12,4,2023,9,A1,BEMA,17,NA
12,4,2023,9,A1,PAIN,3,NA
12,4,2023,9,A1,POMO,1,NA
12,4,2023,9,A1,ANAR,22,NA
12,4,2023,9,A1,CHFU,0,NA
12,4,2023,9,A1,SOAS,0,NA
12,4,2023,9,A1,POMA,0,NA
12,4,2023,9,A1,PLCO,0,NA
12,4,2023,9,A1,SCLA,0,NA
12,4,2023,9,A2,BEMA,10,NA
12,4,2023,9,A2,PAIN,2,NA
12,4,2023,9,A2,POMO,1,NA
12,4,2023,9,A2,ANAR,13,NA
12,4,2023,9,A2,CHFU,0,NA
12,4,2023,9,A2,SOAS,0,NA
12,4,2023,9,A2,POMA,0,NA
12,4,2023,9,A2,PLCO,0,NA
12,4,2023,9,A2,SCLA,0,NA
12,4,2023,9,A3,BEMA,4,NA
12,4,2023,9,A3,PAIN,0,NA
12,4,2023,9,A3,POMO,1,NA
12,4,2023,9,A3,ANAR,22,NA
12,4,2023,9,A3,CHFU,0,NA
12,4,2023,9,A3,SOAS,0,NA
12,4,2023,9,A3,POMA,0,NA
12,4,2023,9,A3,PLCO,0,NA
12,4,2023,9,A3,SCLA,0,NA
12,4,2023,9,A4,BEMA,1,NA
12,4,2023,9,A4,PAIN,0,NA
12,4,2023,9,A4,POMO,0,NA
12,4,2023,9,A4,ANAR,13,NA
12,4,2023,9,A4,CHFU,0,NA
12,4,2023,9,A4,SOAS,0,NA
12,4,2023,9,A4,POMA,0,NA
12,4,2023,9,A4,PLCO,0,NA
12,4,2023,9,A4,SCLA,0,NA
12,4,2023,9,A5,BEMA,7,NA
12,4,2023,9,A5,PAIN,1,NA
12,4,2023,9,A5,POMO,2,NA
12,4,2023,9,A5,ANAR,14,NA
12,4,2023,9,A5,CHFU,0,NA
12,4,2023,9,A5,SOAS,0,NA
12,4,2023,9,A5,POMA,0,NA
12,4,2023,9,A5,PLCO,0,NA
12,4,2023,9,A5,SCLA,0,NA
12,4,2023,9,A6,BEMA,3,NA
12,4,2023,9,A6,PAIN,3,NA
12,4,2023,9,A6,POMO,6,NA
12,4,2023,9,A6,ANAR,17,NA
12,4,2023,9,A6,CHFU,0,NA
12,4,2023,9,A6,SOAS,0,NA
12,4,2023,9,A6,POMA,0,NA
12,4,2023,9,A6,PLCO,0,NA
12,4,2023,9,A6,SCLA,0,NA
12,4,2023,9,B1,BEMA,16,NA
12,4,2023,9,B1,PAIN,3,NA
12,4,2023,9,B1,POMO,0,NA
12,4,2023,9,B1,ANAR,9,NA
12,4,2023,9,B1,CHFU,0,NA
12,4,2023,9,B1,SOAS,0,NA
12,4,2023,9,B1,POMA,0,NA
12,4,2023,9,B1,PLCO,0,NA
12,4,2023,9,B1,SCLA,0,NA
12,4,2023,9,B2,BEMA,14,NA
12,4,2023,9,B2,PAIN,5,NA
12,4,2023,9,B2,POMO,4,NA
12,4,2023,9,B2,ANAR,23,NA
12,4,2023,9,B2,CHFU,4,NA
12,4,2023,9,B2,SOAS,0,NA
12,4,2023,9,B2,POMA,0,NA
12,4,2023,9,B2,PLCO,0,NA
12,4,2023,9,B2,SCLA,0,NA
12,4,2023,9,B3,BEMA,5,NA
12,4,2023,9,B3,PAIN,0,NA
12,4,2023,9,B3,POMO,0,NA
12,4,2023,9,B3,ANAR,21,NA
12,4,2023,9,B3,CHFU,0,NA
12,4,2023,9,B3,SOAS,0,NA
12,4,2023,9,B3,POMA,0,NA
12,4,2023,9,B3,PLCO,0,NA
12,4,2023,9,B3,SCLA,0,NA
12,4,2023,9,B4,BEMA,2,NA
12,4,2023,9,B4,PAIN,0,NA
12,4,2023,9,B4,POMO,0,NA
12,4,2023,9,B4,ANAR,13,NA
12,4,2023,9,B4,CHFU,0,NA
12,4,2023,9,B4,SOAS,0,NA
12,4,2023,9,B4,POMA,0,NA
12,4,2023,9,B4,PLCO,0,NA
12,4,2023,9,B4,SCLA,0,NA
12,4,2023,9,B5,BEMA,0,NA
12,4,2023,9,B5,PAIN,0,NA
12,4,2023,9,B5,POMO,12,NA
12,4,2023,9,B5,ANAR,7,NA
12,4,2023,9,B5,CHFU,0,NA
12,4,2023,9,B5,SOAS,0,NA
12,4,2023,9,B5,POMA,0,NA
12,4,2023,9,B5,PLCO,0,NA
12,4,2023,9,B5,SCLA,0,NA
12,4,2023,9,B6,BEMA,5,NA
12,4,2023,9,B6,PAIN,0,NA
12,4,2023,9,B6,POMO,7,NA
12,4,2023,9,B6,ANAR,23,NA
12,4,2023,9,B6,CHFU,0,NA
12,4,2023,9,B6,SOAS,0,NA
12,4,2023,9,B6,POMA,0,NA
12,4,2023,9,B6,PLCO,0,NA
12,4,2023,9,B6,SCLA,0,NA
12,4,2023,9,C1,BEMA,36,NA
12,4,2023,9,C1,PAIN,1,NA
12,4,2023,9,C1,POMO,1,NA
12,4,2023,9,C1,ANAR,11,NA
12,4,2023,9,C1,CHFU,14,NA
12,4,2023,9,C1,SOAS,0,NA
12,4,2023,9,C1,POMA,0,NA
12,4,2023,9,C1,PLCO,0,NA
12,4,2023,9,C1,SCLA,0,NA
12,4,2023,9,C2,BEMA,37,NA
12,4,2023,9,C2,PAIN,2,NA
12,4,2023,9,C2,POMO,0,NA
12,4,2023,9,C2,ANAR,13,NA
12,4,2023,9,C2,CHFU,9,NA
12,4,2023,9,C2,SOAS,0,NA
12,4,2023,9,C2,POMA,0,NA
12,4,2023,9,C2,PLCO,0,NA
12,4,2023,9,C2,SCLA,0,NA
12,4,2023,9,C3,BEMA,15,NA
12,4,2023,9,C3,PAIN,4,NA
12,4,2023,9,C3,POMO,13,NA
12,4,2023,9,C3,ANAR,14,NA
12,4,2023,9,C3,CHFU,4,NA
12,4,2023,9,C3,SOAS,2,NA
12,4,2023,9,C3,POMA,0,NA
12,4,2023,9,C3,PLCO,0,NA
12,4,2023,9,C3,SCLA,0,NA
12,4,2023,9,C4,NA,NA,Salicornia
12,4,2023,9,C5,BEMA,15,NA
12,4,2023,9,C5,PAIN,1,NA
12,4,2023,9,C5,POMO,1,NA
12,4,2023,9,C5,ANAR,26,NA
12,4,2023,9,C5,CHFU,2,NA
12,4,2023,9,C5,SOAS,0,NA
12,4,2023,9,C5,POMA,3,NA
12,4,2023,9,C5,PLCO,0,NA
12,4,2023,9,C5,SCLA,0,NA
12,4,2023,9,C6,BEMA,4,NA
12,4,2023,9,C6,PAIN,2,NA
12,4,2023,9,C6,POMO,4,NA
12,4,2023,9,C6,ANAR,25,NA
12,4,2023,9,C6,CHFU,0,NA
12,4,2023,9,C6,SOAS,3,NA
12,4,2023,9,C6,POMA,0,NA
12,4,2023,9,C6,PLCO,0,NA
12,4,2023,9,C6,SCLA,0,NA
12,4,2023,9,D1,BEMA,20,NA
12,4,2023,9,D1,PAIN,0,NA
12,4,2023,9,D1,POMO,2,NA
12,4,2023,9,D1,ANAR,16,NA
12,4,2023,9,D1,CHFU,6,NA
12,4,2023,9,D1,SOAS,0,NA
12,4,2023,9,D1,POMA,0,NA
12,4,2023,9,D1,PLCO,0,NA
12,4,2023,9,D1,SCLA,0,NA
12,4,2023,9,D2,BEMA,24,NA
12,4,2023,9,D2,PAIN,12,NA
12,4,2023,9,D2,POMO,0,NA
12,4,2023,9,D2,ANAR,4,NA
12,4,2023,9,D2,CHFU,18,NA
12,4,2023,9,D2,SOAS,0,NA
12,4,2023,9,D2,POMA,0,NA
12,4,2023,9,D2,PLCO,0,NA
12,4,2023,9,D2,SCLA,0,NA
12,4,2023,9,D3,BEMA,23,NA
12,4,2023,9,D3,PAIN,3,NA
12,4,2023,9,D3,POMO,1,NA
12,4,2023,9,D3,ANAR,6,NA
12,4,2023,9,D3,CHFU,26,NA
12,4,2023,9,D3,SOAS,1,NA
12,4,2023,9,D3,POMA,4,NA
12,4,2023,9,D3,PLCO,0,NA
12,4,2023,9,D3,SCLA,0,NA
12,4,2023,9,D4,NA,NA,Salicornia
12,4,2023,9,D5,BEMA,26,NA
12,4,2023,9,D5,PAIN,0,NA
12,4,2023,9,D5,POMO,8,NA
12,4,2023,9,D5,ANAR,20,NA
12,4,2023,9,D5,CHFU,10,NA
12,4,2023,9,D5,SOAS,2,NA
12,4,2023,9,D5,POMA,1,NA
12,4,2023,9,D5,PLCO,0,NA
12,4,2023,9,D5,SCLA,0,NA
12,4,2023,9,D6,BEMA,12,NA
12,4,2023,9,D6,PAIN,0,NA
12,4,2023,9,D6,POMO,4,NA
12,4,2023,9,D6,ANAR,26,NA
12,4,2023,9,D6,CHFU,3,NA
12,4,2023,9,D6,SOAS,0,NA
12,4,2023,9,D6,POMA,6,NA
12,4,2023,9,D6,PLCO,0,NA
12,4,2023,9,D6,SCLA,0,NA
12,4,2023,9,E1,BEMA,12,NA
12,4,2023,9,E1,PAIN,5,NA
12,4,2023,9,E1,POMO,2,NA
12,4,2023,9,E1,ANAR,10,NA
12,4,2023,9,E1,CHFU,12,NA
12,4,2023,9,E1,SOAS,2,NA
12,4,2023,9,E1,POMA,7,NA
12,4,2023,9,E1,PLCO,0,NA
12,4,2023,9,E1,SCLA,0,NA
12,4,2023,9,E2,BEMA,8,NA
12,4,2023,9,E2,PAIN,0,NA
12,4,2023,9,E2,POMO,1,NA
12,4,2023,9,E2,ANAR,0,NA
12,4,2023,9,E2,CHFU,20,NA
12,4,2023,9,E2,SOAS,0,NA
12,4,2023,9,E2,POMA,0,NA
12,4,2023,9,E2,PLCO,0,NA
12,4,2023,9,E2,SCLA,0,NA
12,4,2023,9,E3,BEMA,26,NA
12,4,2023,9,E3,PAIN,5,NA
12,4,2023,9,E3,POMO,0,NA
12,4,2023,9,E3,ANAR,0,NA
12,4,2023,9,E3,CHFU,24,NA
12,4,2023,9,E3,SOAS,3,NA
12,4,2023,9,E3,POMA,0,NA
12,4,2023,9,E3,PLCO,1,NA
12,4,2023,9,E3,SCLA,0,NA
12,4,2023,9,E4,BEMA,15,NA
12,4,2023,9,E4,PAIN,10,NA
12,4,2023,9,E4,POMO,1,NA
12,4,2023,9,E4,ANAR,14,NA
12,4,2023,9,E4,CHFU,9,NA
12,4,2023,9,E4,SOAS,1,NA
12,4,2023,9,E4,POMA,1,NA
12,4,2023,9,E4,PLCO,0,NA
12,4,2023,9,E4,SCLA,0,NA
12,4,2023,9,E5,BEMA,14,NA
12,4,2023,9,E5,PAIN,0,NA
12,4,2023,9,E5,POMO,12,NA
12,4,2023,9,E5,ANAR,7,NA
12,4,2023,9,E5,CHFU,9,NA
12,4,2023,9,E5,SOAS,3,NA
12,4,2023,9,E5,POMA,9,NA
12,4,2023,9,E5,PLCO,0,NA
12,4,2023,9,E5,SCLA,0,NA
12,4,2023,9,E6,BEMA,9,NA
12,4,2023,9,E6,PAIN,0,NA
12,4,2023,9,E6,POMO,2,NA
12,4,2023,9,E6,ANAR,8,NA
12,4,2023,9,E6,CHFU,5,NA
12,4,2023,9,E6,SOAS,3,NA
12,4,2023,9,E6,POMA,0,NA
12,4,2023,9,E6,PLCO,0,NA
12,4,2023,9,E6,SCLA,7,NA
12,4,2023,9,F1,BEMA,8,NA
12,4,2023,9,F1,PAIN,6,NA
12,4,2023,9,F1,POMO,2,NA
12,4,2023,9,F1,ANAR,0,NA
12,4,2023,9,F1,CHFU,16,NA
12,4,2023,9,F1,SOAS,0,NA
12,4,2023,9,F1,POMA,8,NA
12,4,2023,9,F1,PLCO,0,NA
12,4,2023,9,F1,SCLA,0,NA
12,4,2023,9,F2,BEMA,5,NA
12,4,2023,9,F2,PAIN,1,NA
12,4,2023,9,F2,POMO,0,NA
12,4,2023,9,F2,ANAR,0,NA
12,4,2023,9,F2,CHFU,11,NA
12,4,2023,9,F2,SOAS,0,NA
12,4,2023,9,F2,POMA,0,NA
12,4,2023,9,F2,PLCO,0,NA
12,4,2023,9,F2,SCLA,0,NA
12,4,2023,9,F3,BEMA,18,NA
12,4,2023,9,F3,PAIN,6,NA
12,4,2023,9,F3,POMO,0,NA
12,4,2023,9,F3,ANAR,0,NA
12,4,2023,9,F3,CHFU,19,NA
12,4,2023,9,F3,SOAS,0,NA
12,4,2023,9,F3,POMA,0,NA
12,4,2023,9,F3,PLCO,1,NA
12,4,2023,9,F3,SCLA,0,NA
12,4,2023,9,F4,NA,NA,Salicornia
12,4,2023,9,F5,BEMA,35,NA
12,4,2023,9,F5,PAIN,10,NA
12,4,2023,9,F5,POMO,3,NA
12,4,2023,9,F5,ANAR,7,NA
12,4,2023,9,F5,CHFU,18,NA
12,4,2023,9,F5,SOAS,1,NA
12,4,2023,9,F5,POMA,7,NA
12,4,2023,9,F5,PLCO,0,NA
12,4,2023,9,F5,SCLA,0,NA
12,4,2023,9,F6,BEMA,25,NA
12,4,2023,9,F6,PAIN,0,NA
12,4,2023,9,F6,POMO,3,NA
12,4,2023,9,F6,ANAR,9,NA
12,4,2023,9,F6,CHFU,15,NA
12,4,2023,9,F6,SOAS,2,NA
12,4,2023,9,F6,POMA,10,NA
12,4,2023,9,F6,PLCO,0,NA
12,4,2023,9,F6,SCLA,0,NA
29,3,2023,1,A1,CHMI,0,NA
29,3,2023,1,A1,CHFU,17,NA
29,3,2023,1,A1,HOMA,5,NA
29,3,2023,1,A1,LEMA,26,NA
29,3,2023,1,A1,PAIN,6,NA
29,3,2023,1,A1,BEMA,86,NA
29,3,2023,1,A1,PLCO,0,NA
29,3,2023,1,A1,SOAS,1,NA
29,3,2023,1,A1,POMA,0,NA
29,3,2023,1,A1,POMO,0,NA
29,3,2023,1,A1,SCLA,0,NA
29,3,2023,1,A1,MESU,0,NA
29,3,2023,1,A2,CHMI,0,NA
29,3,2023,1,A2,CHFU,20,NA
29,3,2023,1,A2,HOMA,4,NA
29,3,2023,1,A2,LEMA,66,NA
29,3,2023,1,A2,PAIN,7,NA
29,3,2023,1,A2,BEMA,59,NA
29,3,2023,1,A2,PLCO,1,NA
29,3,2023,1,A2,SOAS,7,NA
29,3,2023,1,A2,POMA,0,NA
29,3,2023,1,A2,POMO,0,NA
29,3,2023,1,A2,SCLA,0,NA
29,3,2023,1,A2,MESU,0,NA
29,3,2023,1,A3,CHMI,0,NA
29,3,2023,1,A3,CHFU,19,NA
29,3,2023,1,A3,HOMA,2,NA
29,3,2023,1,A3,LEMA,71,NA
29,3,2023,1,A3,PAIN,4,NA
29,3,2023,1,A3,BEMA,77,NA
29,3,2023,1,A3,PLCO,0,NA
29,3,2023,1,A3,SOAS,3,NA
29,3,2023,1,A3,POMA,0,NA
29,3,2023,1,A3,POMO,0,NA
29,3,2023,1,A3,SCLA,0,NA
29,3,2023,1,A3,MESU,0,NA
29,3,2023,1,A4,CHMI,0,NA
29,3,2023,1,A4,CHFU,17,NA
29,3,2023,1,A4,HOMA,1,NA
29,3,2023,1,A4,LEMA,52,NA
29,3,2023,1,A4,PAIN,3,NA
29,3,2023,1,A4,BEMA,89,NA
29,3,2023,1,A4,PLCO,0,NA
29,3,2023,1,A4,SOAS,4,NA
29,3,2023,1,A4,POMA,0,NA
29,3,2023,1,A4,POMO,0,NA
29,3,2023,1,A4,SCLA,0,NA
29,3,2023,1,A4,MESU,0,NA
29,3,2023,1,A5,CHMI,0,NA
29,3,2023,1,A5,CHFU,14,NA
29,3,2023,1,A5,HOMA,1,NA
29,3,2023,1,A5,LEMA,21,NA
29,3,2023,1,A5,PAIN,3,NA
29,3,2023,1,A5,BEMA,84,NA
29,3,2023,1,A5,PLCO,0,NA
29,3,2023,1,A5,SOAS,2,NA
29,3,2023,1,A5,POMA,0,NA
29,3,2023,1,A5,POMO,0,NA
29,3,2023,1,A5,SCLA,0,NA
29,3,2023,1,A5,MESU,0,NA
29,3,2023,1,A6,CHMI,0,NA
29,3,2023,1,A6,CHFU,3,NA
29,3,2023,1,A6,HOMA,2,NA
29,3,2023,1,A6,LEMA,34,NA
29,3,2023,1,A6,PAIN,2,NA
29,3,2023,1,A6,BEMA,69,NA
29,3,2023,1,A6,PLCO,0,NA
29,3,2023,1,A6,SOAS,3,NA
29,3,2023,1,A6,POMA,0,NA
29,3,2023,1,A6,POMO,0,NA
29,3,2023,1,A6,SCLA,0,NA
29,3,2023,1,A6,MESU,0,NA
29,3,2023,1,B1,CHMI,0,NA
29,3,2023,1,B1,CHFU,16,NA
29,3,2023,1,B1,HOMA,1,NA
29,3,2023,1,B1,LEMA,47,NA
29,3,2023,1,B1,PAIN,2,NA
29,3,2023,1,B1,BEMA,61,NA
29,3,2023,1,B1,PLCO,0,NA
29,3,2023,1,B1,SOAS,2,NA
29,3,2023,1,B1,POMA,0,NA
29,3,2023,1,B1,POMO,0,NA
29,3,2023,1,B1,SCLA,0,NA
29,3,2023,1,B1,MESU,0,NA
29,3,2023,1,B2,CHMI,2,NA
29,3,2023,1,B2,CHFU,18,NA
29,3,2023,1,B2,HOMA,3,NA
29,3,2023,1,B2,LEMA,53,NA
29,3,2023,1,B2,PAIN,3,NA
29,3,2023,1,B2,BEMA,82,NA
29,3,2023,1,B2,PLCO,0,NA
29,3,2023,1,B2,SOAS,3,NA
29,3,2023,1,B2,POMA,0,NA
29,3,2023,1,B2,POMO,0,NA
29,3,2023,1,B2,SCLA,0,NA
29,3,2023,1,B2,MESU,0,NA
29,3,2023,1,B3,CHMI,0,NA
29,3,2023,1,B3,CHFU,43,NA
29,3,2023,1,B3,HOMA,2,NA
29,3,2023,1,B3,LEMA,61,NA
29,3,2023,1,B3,PAIN,7,NA
29,3,2023,1,B3,BEMA,78,NA
29,3,2023,1,B3,PLCO,0,NA
29,3,2023,1,B3,SOAS,2,NA
29,3,2023,1,B3,POMA,1,NA
29,3,2023,1,B3,POMO,0,NA
29,3,2023,1,B3,SCLA,1,NA
29,3,2023,1,B3,MESU,0,NA
29,3,2023,1,B4,CHMI,0,NA
29,3,2023,1,B4,CHFU,32,NA
29,3,2023,1,B4,HOMA,1,NA
29,3,2023,1,B4,LEMA,34,NA
29,3,2023,1,B4,PAIN,11,NA
29,3,2023,1,B4,BEMA,44,NA
29,3,2023,1,B4,PLCO,0,NA
29,3,2023,1,B4,SOAS,3,NA
29,3,2023,1,B4,POMA,3,NA
29,3,2023,1,B4,POMO,0,NA
29,3,2023,1,B4,SCLA,1,NA
29,3,2023,1,B4,MESU,0,NA
29,3,2023,1,B5,CHMI,0,NA
29,3,2023,1,B5,CHFU,12,NA
29,3,2023,1,B5,HOMA,1,NA
29,3,2023,1,B5,LEMA,30,NA
29,3,2023,1,B5,PAIN,8,NA
29,3,2023,1,B5,BEMA,113,NA
29,3,2023,1,B5,PLCO,0,NA
29,3,2023,1,B5,SOAS,2,NA
29,3,2023,1,B5,POMA,0,NA
29,3,2023,1,B5,POMO,0,NA
29,3,2023,1,B5,SCLA,0,NA
29,3,2023,1,B5,MESU,0,NA
29,3,2023,1,B6,CHMI,0,NA
29,3,2023,1,B6,CHFU,6,NA
29,3,2023,1,B6,HOMA,0,NA
29,3,2023,1,B6,LEMA,40,NA
29,3,2023,1,B6,PAIN,3,NA
29,3,2023,1,B6,BEMA,101,NA
29,3,2023,1,B6,PLCO,0,NA
29,3,2023,1,B6,SOAS,3,NA
29,3,2023,1,B6,POMA,0,NA
29,3,2023,1,B6,POMO,0,NA
29,3,2023,1,B6,SCLA,2,NA
29,3,2023,1,B6,MESU,0,NA
29,3,2023,1,C1,CHMI,0,NA
29,3,2023,1,C1,CHFU,19,NA
29,3,2023,1,C1,HOMA,0,NA
29,3,2023,1,C1,LEMA,44,NA
29,3,2023,1,C1,PAIN,4,NA
29,3,2023,1,C1,BEMA,70,NA
29,3,2023,1,C1,PLCO,0,NA
29,3,2023,1,C1,SOAS,3,NA
29,3,2023,1,C1,POMA,3,NA
29,3,2023,1,C1,POMO,0,NA
29,3,2023,1,C1,SCLA,1,NA
29,3,2023,1,C1,MESU,0,NA
29,3,2023,1,C2,CHMI,0,NA
29,3,2023,1,C2,CHFU,36,NA
29,3,2023,1,C2,HOMA,3,NA
29,3,2023,1,C2,LEMA,47,NA
29,3,2023,1,C2,PAIN,6,NA
29,3,2023,1,C2,BEMA,65,NA
29,3,2023,1,C2,PLCO,0,NA
29,3,2023,1,C2,SOAS,8,NA
29,3,2023,1,C2,POMA,1,NA
29,3,2023,1,C2,POMO,0,NA
29,3,2023,1,C2,SCLA,3,NA
29,3,2023,1,C2,MESU,0,NA
29,3,2023,1,C3,CHMI,0,NA
29,3,2023,1,C3,CHFU,56,NA
29,3,2023,1,C3,HOMA,3,NA
29,3,2023,1,C3,LEMA,25,NA
29,3,2023,1,C3,PAIN,5,NA
29,3,2023,1,C3,BEMA,47,NA
29,3,2023,1,C3,PLCO,0,NA
29,3,2023,1,C3,SOAS,2,NA
29,3,2023,1,C3,POMA,1,NA
29,3,2023,1,C3,POMO,0,NA
29,3,2023,1,C3,SCLA,0,NA
29,3,2023,1,C3,MESU,0,NA
29,3,2023,1,C4,CHMI,1,NA
29,3,2023,1,C4,CHFU,18,NA
29,3,2023,1,C4,HOMA,0,NA
29,3,2023,1,C4,LEMA,44,NA
29,3,2023,1,C4,PAIN,3,NA
29,3,2023,1,C4,BEMA,52,NA
29,3,2023,1,C4,PLCO,0,NA
29,3,2023,1,C4,SOAS,0,NA
29,3,2023,1,C4,POMA,0,NA
29,3,2023,1,C4,POMO,0,NA
29,3,2023,1,C4,SCLA,1,NA
29,3,2023,1,C4,MESU,0,NA
29,3,2023,1,C5,CHMI,3,NA
29,3,2023,1,C5,CHFU,4,NA
29,3,2023,1,C5,HOMA,0,NA
29,3,2023,1,C5,LEMA,16,NA
29,3,2023,1,C5,PAIN,5,NA
29,3,2023,1,C5,BEMA,118,NA
29,3,2023,1,C5,PLCO,0,NA
29,3,2023,1,C5,SOAS,0,NA
29,3,2023,1,C5,POMA,0,NA
29,3,2023,1,C5,POMO,0,NA
29,3,2023,1,C5,SCLA,0,NA
29,3,2023,1,C5,MESU,0,NA
29,3,2023,1,C6,CHMI,0,NA
29,3,2023,1,C6,CHFU,8,NA
29,3,2023,1,C6,HOMA,0,NA
29,3,2023,1,C6,LEMA,53,NA
29,3,2023,1,C6,PAIN,12,NA
29,3,2023,1,C6,BEMA,97,NA
29,3,2023,1,C6,PLCO,0,NA
29,3,2023,1,C6,SOAS,2,NA
29,3,2023,1,C6,POMA,1,NA
29,3,2023,1,C6,POMO,0,NA
29,3,2023,1,C6,SCLA,0,NA
29,3,2023,1,C6,MESU,0,NA
29,3,2023,1,D1,CHMI,0,NA
29,3,2023,1,D1,CHFU,31,NA
29,3,2023,1,D1,HOMA,0,NA
29,3,2023,1,D1,LEMA,34,NA
29,3,2023,1,D1,PAIN,30,NA
29,3,2023,1,D1,BEMA,124,NA
29,3,2023,1,D1,PLCO,0,NA
29,3,2023,1,D1,SOAS,2,NA
29,3,2023,1,D1,POMA,0,NA
29,3,2023,1,D1,POMO,0,NA
29,3,2023,1,D1,SCLA,0,NA
29,3,2023,1,D1,MESU,0,NA
29,3,2023,1,D2,CHMI,0,NA
29,3,2023,1,D2,CHFU,52,NA
29,3,2023,1,D2,HOMA,1,NA
29,3,2023,1,D2,LEMA,39,NA
29,3,2023,1,D2,PAIN,26,NA
29,3,2023,1,D2,BEMA,92,NA
29,3,2023,1,D2,PLCO,1,NA
29,3,2023,1,D2,SOAS,0,NA
29,3,2023,1,D2,POMA,0,NA
29,3,2023,1,D2,POMO,1,NA
29,3,2023,1,D2,SCLA,1,NA
29,3,2023,1,D2,MESU,1,NA
29,3,2023,1,D3,CHMI,0,NA
29,3,2023,1,D3,CHFU,33,NA
29,3,2023,1,D3,HOMA,0,NA
29,3,2023,1,D3,LEMA,20,NA
29,3,2023,1,D3,PAIN,19,NA
29,3,2023,1,D3,BEMA,98,NA
29,3,2023,1,D3,PLCO,1,NA
29,3,2023,1,D3,SOAS,3,NA
29,3,2023,1,D3,POMA,1,NA
29,3,2023,1,D3,POMO,1,NA
29,3,2023,1,D3,SCLA,0,NA
29,3,2023,1,D3,MESU,0,NA
29,3,2023,1,D4,CHMI,0,NA
29,3,2023,1,D4,CHFU,47,NA
29,3,2023,1,D4,HOMA,0,NA
29,3,2023,1,D4,LEMA,26,NA
29,3,2023,1,D4,PAIN,15,NA
29,3,2023,1,D4,BEMA,68,NA
29,3,2023,1,D4,PLCO,0,NA
29,3,2023,1,D4,SOAS,2,NA
29,3,2023,1,D4,POMA,0,NA
29,3,2023,1,D4,POMO,0,NA
29,3,2023,1,D4,SCLA,0,NA
29,3,2023,1,D4,MESU,0,NA
29,3,2023,1,D5,CHMI,0,NA
29,3,2023,1,D5,CHFU,25,NA
29,3,2023,1,D5,HOMA,0,NA
29,3,2023,1,D5,LEMA,62,NA
29,3,2023,1,D5,PAIN,21,NA
29,3,2023,1,D5,BEMA,88,NA
29,3,2023,1,D5,PLCO,0,NA
29,3,2023,1,D5,SOAS,3,NA
29,3,2023,1,D5,POMA,0,NA
29,3,2023,1,D5,POMO,0,NA
29,3,2023,1,D5,SCLA,0,NA
29,3,2023,1,D5,MESU,0,NA
29,3,2023,1,D6,CHMI,0,NA
29,3,2023,1,D6,CHFU,6,NA
29,3,2023,1,D6,HOMA,0,NA
29,3,2023,1,D6,LEMA,53,NA
29,3,2023,1,D6,PAIN,22,NA
29,3,2023,1,D6,BEMA,132,NA
29,3,2023,1,D6,PLCO,0,NA
29,3,2023,1,D6,SOAS,2,NA
29,3,2023,1,D6,POMA,0,NA
29,3,2023,1,D6,POMO,0,NA
29,3,2023,1,D6,SCLA,0,NA
29,3,2023,1,D6,MESU,0,NA
29,3,2023,1,E1,CHMI,0,NA
29,3,2023,1,E1,CHFU,28,NA
29,3,2023,1,E1,HOMA,0,NA
29,3,2023,1,E1,LEMA,30,NA
29,3,2023,1,E1,PAIN,23,NA
29,3,2023,1,E1,BEMA,116,NA
29,3,2023,1,E1,PLCO,2,NA
29,3,2023,1,E1,SOAS,4,NA
29,3,2023,1,E1,POMA,0,NA
29,3,2023,1,E1,POMO,5,NA
29,3,2023,1,E1,SCLA,3,NA
29,3,2023,1,E1,MESU,2,NA
29,3,2023,1,E2,CHMI,0,NA
29,3,2023,1,E2,CHFU,29,NA
29,3,2023,1,E2,HOMA,0,NA
29,3,2023,1,E2,LEMA,43,NA
29,3,2023,1,E2,PAIN,6,NA
29,3,2023,1,E2,BEMA,125,NA
29,3,2023,1,E2,PLCO,1,NA
29,3,2023,1,E2,SOAS,7,NA
29,3,2023,1,E2,POMA,0,NA
29,3,2023,1,E2,POMO,11,NA
29,3,2023,1,E2,SCLA,1,NA
29,3,2023,1,E2,MESU,0,NA
29,3,2023,1,E3,CHMI,0,NA
29,3,2023,1,E3,CHFU,17,NA
29,3,2023,1,E3,HOMA,1,NA
29,3,2023,1,E3,LEMA,48,NA
29,3,2023,1,E3,PAIN,33,NA
29,3,2023,1,E3,BEMA,122,NA
29,3,2023,1,E3,PLCO,1,NA
29,3,2023,1,E3,SOAS,1,NA
29,3,2023,1,E3,POMA,1,NA
29,3,2023,1,E3,POMO,3,NA
29,3,2023,1,E3,SCLA,1,NA
29,3,2023,1,E3,MESU,8,NA
29,3,2023,1,E4,CHMI,0,NA
29,3,2023,1,E4,CHFU,25,NA
29,3,2023,1,E4,HOMA,3,NA
29,3,2023,1,E4,LEMA,32,NA
29,3,2023,1,E4,PAIN,46,NA
29,3,2023,1,E4,BEMA,64,NA
29,3,2023,1,E4,PLCO,0,NA
29,3,2023,1,E4,SOAS,3,NA
29,3,2023,1,E4,POMA,0,NA
29,3,2023,1,E4,POMO,0,NA
29,3,2023,1,E4,SCLA,0,NA
29,3,2023,1,E4,MESU,8,NA
29,3,2023,1,E5,CHMI,0,NA
29,3,2023,1,E5,CHFU,59,NA
29,3,2023,1,E5,HOMA,0,NA
29,3,2023,1,E5,LEMA,52,NA
29,3,2023,1,E5,PAIN,22,NA
29,3,2023,1,E5,BEMA,88,NA
29,3,2023,1,E5,PLCO,0,NA
29,3,2023,1,E5,SOAS,3,NA
29,3,2023,1,E5,POMA,0,NA
29,3,2023,1,E5,POMO,0,NA
29,3,2023,1,E5,SCLA,0,NA
29,3,2023,1,E5,MESU,0,NA
29,3,2023,1,E6,CHMI,0,NA
29,3,2023,1,E6,CHFU,3,NA
29,3,2023,1,E6,HOMA,1,NA
29,3,2023,1,E6,LEMA,72,NA
29,3,2023,1,E6,PAIN,25,NA
29,3,2023,1,E6,BEMA,165,NA
29,3,2023,1,E6,PLCO,0,NA
29,3,2023,1,E6,SOAS,1,NA
29,3,2023,1,E6,POMA,0,NA
29,3,2023,1,E6,POMO,0,NA
29,3,2023,1,E6,SCLA,3,NA
29,3,2023,1,E6,MESU,0,NA
29,3,2023,1,F1,CHMI,0,NA
29,3,2023,1,F1,CHFU,0,NA
29,3,2023,1,F1,HOMA,19,NA
29,3,2023,1,F1,LEMA,39,NA
29,3,2023,1,F1,PAIN,30,NA
29,3,2023,1,F1,BEMA,110,NA
29,3,2023,1,F1,PLCO,0,NA
29,3,2023,1,F1,SOAS,3,NA
29,3,2023,1,F1,POMA,0,NA
29,3,2023,1,F1,POMO,11,NA
29,3,2023,1,F1,SCLA,0,NA
29,3,2023,1,F1,MESU,0,NA
29,3,2023,1,F2,CHMI,0,NA
29,3,2023,1,F2,CHFU,2,NA
29,3,2023,1,F2,HOMA,0,NA
29,3,2023,1,F2,LEMA,40,NA
29,3,2023,1,F2,PAIN,28,NA
29,3,2023,1,F2,BEMA,104,NA
29,3,2023,1,F2,PLCO,6,NA
29,3,2023,1,F2,SOAS,2,NA
29,3,2023,1,F2,POMA,0,NA
29,3,2023,1,F2,POMO,1,NA
29,3,2023,1,F2,SCLA,0,NA
29,3,2023,1,F2,MESU,10,NA
29,3,2023,1,F3,CHMI,1,NA
29,3,2023,1,F3,CHFU,33,NA
29,3,2023,1,F3,HOMA,0,NA
29,3,2023,1,F3,LEMA,35,NA
29,3,2023,1,F3,PAIN,14,NA
29,3,2023,1,F3,BEMA,105,NA
29,3,2023,1,F3,PLCO,0,NA
29,3,2023,1,F3,SOAS,4,NA
29,3,2023,1,F3,POMA,1,NA
29,3,2023,1,F3,POMO,4,NA
29,3,2023,1,F3,SCLA,0,NA
29,3,2023,1,F3,MESU,0,NA
29,3,2023,1,F4,CHMI,0,NA
29,3,2023,1,F4,CHFU,18,NA
29,3,2023,1,F4,HOMA,5,NA
29,3,2023,1,F4,LEMA,32,NA
29,3,2023,1,F4,PAIN,18,NA
29,3,2023,1,F4,BEMA,115,NA
29,3,2023,1,F4,PLCO,0,NA
29,3,2023,1,F4,SOAS,3,NA
29,3,2023,1,F4,POMA,1,NA
29,3,2023,1,F4,POMO,0,NA
29,3,2023,1,F4,SCLA,0,NA
29,3,2023,1,F4,MESU,3,NA
29,3,2023,1,F5,CHMI,0,NA
29,3,2023,1,F5,CHFU,48,NA
29,3,2023,1,F5,HOMA,3,NA
29,3,2023,1,F5,LEMA,52,NA
29,3,2023,1,F5,PAIN,21,NA
29,3,2023,1,F5,BEMA,55,NA
29,3,2023,1,F5,PLCO,6,NA
29,3,2023,1,F5,SOAS,4,NA
29,3,2023,1,F5,POMA,0,NA
29,3,2023,1,F5,POMO,5,NA
29,3,2023,1,F5,SCLA,0,NA
29,3,2023,1,F5,MESU,0,NA
29,3,2023,1,F6,CHMI,0,NA
29,3,2023,1,F6,CHFU,4,NA
29,3,2023,1,F6,HOMA,10,NA
29,3,2023,1,F6,LEMA,49,NA
29,3,2023,1,F6,PAIN,8,NA
29,3,2023,1,F6,BEMA,65,NA
29,3,2023,1,F6,PLCO,1,NA
29,3,2023,1,F6,SOAS,3,NA
29,3,2023,1,F6,POMA,0,NA
29,3,2023,1,F6,POMO,0,NA
29,3,2023,1,F6,SCLA,0,NA
29,3,2023,1,F6,MESU,1,NA
29,3,2023,2,A1,CHMI,0,NA
29,3,2023,2,A1,CHFU,3,NA
29,3,2023,2,A1,HOMA,0,NA
29,3,2023,2,A1,LEMA,26,NA
29,3,2023,2,A1,PAIN,16,NA
29,3,2023,2,A1,BEMA,47,NA
29,3,2023,2,A1,PLCO,0,NA
29,3,2023,2,A1,SOAS,0,NA
29,3,2023,2,A1,SCLA,63,NA
29,3,2023,2,A1,POMA,1,NA
29,3,2023,2,A1,POMO,0,NA
29,3,2023,2,A1,MESU,0,NA
29,3,2023,2,A1,MEEL,0,NA
29,3,2023,2,A2,CHMI,0,NA
29,3,2023,2,A2,CHFU,4,NA
29,3,2023,2,A2,HOMA,0,NA
29,3,2023,2,A2,LEMA,28,NA
29,3,2023,2,A2,PAIN,42,NA
29,3,2023,2,A2,BEMA,28,NA
29,3,2023,2,A2,PLCO,0,NA
29,3,2023,2,A2,SOAS,0,NA
29,3,2023,2,A2,SCLA,56,NA
29,3,2023,2,A2,POMA,0,NA
29,3,2023,2,A2,POMO,0,NA
29,3,2023,2,A2,MESU,0,NA
29,3,2023,2,A2,MEEL,0,NA
29,3,2023,2,A3,CHMI,0,NA
29,3,2023,2,A3,CHFU,7,NA
29,3,2023,2,A3,HOMA,0,NA
29,3,2023,2,A3,LEMA,20,NA
29,3,2023,2,A3,PAIN,52,NA
29,3,2023,2,A3,BEMA,66,NA
29,3,2023,2,A3,PLCO,0,NA
29,3,2023,2,A3,SOAS,1,NA
29,3,2023,2,A3,SCLA,44,NA
29,3,2023,2,A3,POMA,0,NA
29,3,2023,2,A3,POMO,0,NA
29,3,2023,2,A3,MESU,0,NA
29,3,2023,2,A3,MEEL,0,NA
29,3,2023,2,A4,CHMI,0,NA
29,3,2023,2,A4,CHFU,2,NA
29,3,2023,2,A4,HOMA,0,NA
29,3,2023,2,A4,LEMA,25,NA
29,3,2023,2,A4,PAIN,21,NA
29,3,2023,2,A4,BEMA,54,NA
29,3,2023,2,A4,PLCO,0,NA
29,3,2023,2,A4,SOAS,4,NA
29,3,2023,2,A4,SCLA,28,NA
29,3,2023,2,A4,POMA,0,NA
29,3,2023,2,A4,POMO,0,NA
29,3,2023,2,A4,MESU,1,NA
29,3,2023,2,A4,MEEL,0,NA
29,3,2023,2,A5,CHMI,0,NA
29,3,2023,2,A5,CHFU,3,NA
29,3,2023,2,A5,HOMA,0,NA
29,3,2023,2,A5,LEMA,56,NA
29,3,2023,2,A5,PAIN,32,NA
29,3,2023,2,A5,BEMA,37,NA
29,3,2023,2,A5,PLCO,0,NA
29,3,2023,2,A5,SOAS,3,NA
29,3,2023,2,A5,SCLA,19,NA
29,3,2023,2,A5,POMA,0,NA
29,3,2023,2,A5,POMO,0,NA
29,3,2023,2,A5,MESU,0,NA
29,3,2023,2,A5,MEEL,0,NA
29,3,2023,2,A6,CHMI,1,NA
29,3,2023,2,A6,CHFU,3,NA
29,3,2023,2,A6,HOMA,2,NA
29,3,2023,2,A6,LEMA,15,NA
29,3,2023,2,A6,PAIN,50,NA
29,3,2023,2,A6,BEMA,46,NA
29,3,2023,2,A6,PLCO,0,NA
29,3,2023,2,A6,SOAS,4,NA
29,3,2023,2,A6,SCLA,23,NA
29,3,2023,2,A6,POMA,4,NA
29,3,2023,2,A6,POMO,0,NA
29,3,2023,2,A6,MESU,0,NA
29,3,2023,2,A6,MEEL,0,NA
29,3,2023,2,B1,CHMI,0,NA
29,3,2023,2,B1,CHFU,17,NA
29,3,2023,2,B1,HOMA,0,NA
29,3,2023,2,B1,LEMA,6,NA
29,3,2023,2,B1,PAIN,7,NA
29,3,2023,2,B1,BEMA,50,NA
29,3,2023,2,B1,PLCO,0,NA
29,3,2023,2,B1,SOAS,3,NA
29,3,2023,2,B1,SCLA,17,NA
29,3,2023,2,B1,POMA,0,NA
29,3,2023,2,B1,POMO,0,NA
29,3,2023,2,B1,MESU,0,NA
29,3,2023,2,B1,MEEL,0,NA
29,3,2023,2,B2,CHMI,0,NA
29,3,2023,2,B2,CHFU,12,NA
29,3,2023,2,B2,HOMA,1,NA
29,3,2023,2,B2,LEMA,23,NA
29,3,2023,2,B2,PAIN,31,NA
29,3,2023,2,B2,BEMA,55,NA
29,3,2023,2,B2,PLCO,0,NA
29,3,2023,2,B2,SOAS,3,NA
29,3,2023,2,B2,SCLA,27,NA
29,3,2023,2,B2,POMA,2,NA
29,3,2023,2,B2,POMO,0,NA
29,3,2023,2,B2,MESU,4,NA
29,3,2023,2,B2,MEEL,2,NA
29,3,2023,2,B3,CHMI,0,NA
29,3,2023,2,B3,CHFU,6,NA
29,3,2023,2,B3,HOMA,0,NA
29,3,2023,2,B3,LEMA,24,NA
29,3,2023,2,B3,PAIN,13,NA
29,3,2023,2,B3,BEMA,59,NA
29,3,2023,2,B3,PLCO,0,NA
29,3,2023,2,B3,SOAS,2,NA
29,3,2023,2,B3,SCLA,8,NA
29,3,2023,2,B3,POMA,0,NA
29,3,2023,2,B3,POMO,0,NA
29,3,2023,2,B3,MESU,0,NA
29,3,2023,2,B3,MEEL,0,NA
29,3,2023,2,B4,CHMI,0,NA
29,3,2023,2,B4,CHFU,2,NA
29,3,2023,2,B4,HOMA,0,NA
29,3,2023,2,B4,LEMA,31,NA
29,3,2023,2,B4,PAIN,10,NA
29,3,2023,2,B4,BEMA,43,NA
29,3,2023,2,B4,PLCO,0,NA
29,3,2023,2,B4,SOAS,0,NA
29,3,2023,2,B4,SCLA,4,NA
29,3,2023,2,B4,POMA,0,NA
29,3,2023,2,B4,POMO,0,NA
29,3,2023,2,B4,MESU,5,NA
29,3,2023,2,B4,MEEL,0,NA
29,3,2023,2,B5,CHMI,0,NA
29,3,2023,2,B5,CHFU,1,NA
29,3,2023,2,B5,HOMA,0,NA
29,3,2023,2,B5,LEMA,35,NA
29,3,2023,2,B5,PAIN,24,NA
29,3,2023,2,B5,BEMA,46,NA
29,3,2023,2,B5,PLCO,2,NA
29,3,2023,2,B5,SOAS,3,NA
29,3,2023,2,B5,SCLA,5,NA
29,3,2023,2,B5,POMA,3,NA
29,3,2023,2,B5,POMO,0,NA
29,3,2023,2,B5,MESU,4,NA
29,3,2023,2,B5,MEEL,0,NA
29,3,2023,2,B6,CHMI,0,NA
29,3,2023,2,B6,CHFU,0,NA
29,3,2023,2,B6,HOMA,1,NA
29,3,2023,2,B6,LEMA,17,NA
29,3,2023,2,B6,PAIN,62,NA
29,3,2023,2,B6,BEMA,37,NA
29,3,2023,2,B6,PLCO,0,NA
29,3,2023,2,B6,SOAS,2,NA
29,3,2023,2,B6,SCLA,24,NA
29,3,2023,2,B6,POMA,0,NA
29,3,2023,2,B6,POMO,0,NA
29,3,2023,2,B6,MESU,0,NA
29,3,2023,2,B6,MEEL,0,NA
29,3,2023,2,C1,CHMI,1,NA
29,3,2023,2,C1,CHFU,22,NA
29,3,2023,2,C1,HOMA,1,NA
29,3,2023,2,C1,LEMA,9,NA
29,3,2023,2,C1,PAIN,13,NA
29,3,2023,2,C1,BEMA,52,NA
29,3,2023,2,C1,PLCO,0,NA
29,3,2023,2,C1,SOAS,4,NA
29,3,2023,2,C1,SCLA,10,NA
29,3,2023,2,C1,POMA,0,NA
29,3,2023,2,C1,POMO,0,NA
29,3,2023,2,C1,MESU,0,NA
29,3,2023,2,C1,MEEL,0,NA
29,3,2023,2,C2,CHMI,0,NA
29,3,2023,2,C2,CHFU,37,NA
29,3,2023,2,C2,HOMA,5,NA
29,3,2023,2,C2,LEMA,14,NA
29,3,2023,2,C2,PAIN,19,NA
29,3,2023,2,C2,BEMA,46,NA
29,3,2023,2,C2,PLCO,0,NA
29,3,2023,2,C2,SOAS,2,NA
29,3,2023,2,C2,SCLA,7,NA
29,3,2023,2,C2,POMA,3,NA
29,3,2023,2,C2,POMO,0,NA
29,3,2023,2,C2,MESU,0,NA
29,3,2023,2,C2,MEEL,0,NA
29,3,2023,2,C3,CHMI,0,NA
29,3,2023,2,C3,CHFU,20,NA
29,3,2023,2,C3,HOMA,6,NA
29,3,2023,2,C3,LEMA,29,NA
29,3,2023,2,C3,PAIN,12,NA
29,3,2023,2,C3,BEMA,112,NA
29,3,2023,2,C3,PLCO,0,NA
29,3,2023,2,C3,SOAS,4,NA
29,3,2023,2,C3,SCLA,6,NA
29,3,2023,2,C3,POMA,0,NA
29,3,2023,2,C3,POMO,0,NA
29,3,2023,2,C3,MESU,0,NA
29,3,2023,2,C3,MEEL,0,NA
29,3,2023,2,C4,CHMI,0,NA
29,3,2023,2,C4,CHFU,5,NA
29,3,2023,2,C4,HOMA,0,NA
29,3,2023,2,C4,LEMA,23,NA
29,3,2023,2,C4,PAIN,10,NA
29,3,2023,2,C4,BEMA,67,NA
29,3,2023,2,C4,PLCO,0,NA
29,3,2023,2,C4,SOAS,3,NA
29,3,2023,2,C4,SCLA,0,NA
29,3,2023,2,C4,POMA,0,NA
29,3,2023,2,C4,POMO,0,NA
29,3,2023,2,C4,MESU,18,NA
29,3,2023,2,C4,MEEL,0,NA
29,3,2023,2,C5,CHMI,0,NA
29,3,2023,2,C5,CHFU,10,NA
29,3,2023,2,C5,HOMA,0,NA
29,3,2023,2,C5,LEMA,36,NA
29,3,2023,2,C5,PAIN,9,NA
29,3,2023,2,C5,BEMA,136,NA
29,3,2023,2,C5,PLCO,0,NA
29,3,2023,2,C5,SOAS,5,NA
29,3,2023,2,C5,SCLA,3,NA
29,3,2023,2,C5,POMA,0,NA
29,3,2023,2,C5,POMO,0,NA
29,3,2023,2,C5,MESU,7,NA
29,3,2023,2,C5,MEEL,0,NA
29,3,2023,2,C6,CHMI,0,NA
29,3,2023,2,C6,CHFU,2,NA
29,3,2023,2,C6,HOMA,0,NA
29,3,2023,2,C6,LEMA,35,NA
29,3,2023,2,C6,PAIN,31,NA
29,3,2023,2,C6,BEMA,114,NA
29,3,2023,2,C6,PLCO,0,NA
29,3,2023,2,C6,SOAS,1,NA
29,3,2023,2,C6,SCLA,12,NA
29,3,2023,2,C6,POMA,0,NA
29,3,2023,2,C6,POMO,0,NA
29,3,2023,2,C6,MESU,0,NA
29,3,2023,2,C6,MEEL,0,NA
29,3,2023,2,D1,CHMI,0,NA
29,3,2023,2,D1,CHFU,35,NA
29,3,2023,2,D1,HOMA,0,NA
29,3,2023,2,D1,LEMA,20,NA
29,3,2023,2,D1,PAIN,15,NA
29,3,2023,2,D1,BEMA,115,NA
29,3,2023,2,D1,PLCO,0,NA
29,3,2023,2,D1,SOAS,10,NA
29,3,2023,2,D1,SCLA,14,NA
29,3,2023,2,D1,POMA,0,NA
29,3,2023,2,D1,POMO,0,NA
29,3,2023,2,D1,MESU,0,NA
29,3,2023,2,D1,MEEL,0,NA
29,3,2023,2,D2,CHMI,0,NA
29,3,2023,2,D2,CHFU,45,NA
29,3,2023,2,D2,HOMA,0,NA
29,3,2023,2,D2,LEMA,9,NA
29,3,2023,2,D2,PAIN,20,NA
29,3,2023,2,D2,BEMA,92,NA
29,3,2023,2,D2,PLCO,0,NA
29,3,2023,2,D2,SOAS,11,NA
29,3,2023,2,D2,SCLA,3,NA
29,3,2023,2,D2,POMA,0,NA
29,3,2023,2,D2,POMO,3,NA
29,3,2023,2,D2,MESU,0,NA
29,3,2023,2,D2,MEEL,0,NA
29,3,2023,2,D3,CHMI,0,NA
29,3,2023,2,D3,CHFU,26,NA
29,3,2023,2,D3,HOMA,0,NA
29,3,2023,2,D3,LEMA,29,NA
29,3,2023,2,D3,PAIN,14,NA
29,3,2023,2,D3,BEMA,85,NA
29,3,2023,2,D3,PLCO,0,NA
29,3,2023,2,D3,SOAS,12,NA
29,3,2023,2,D3,SCLA,6,NA
29,3,2023,2,D3,POMA,0,NA
29,3,2023,2,D3,POMO,2,NA
29,3,2023,2,D3,MESU,0,NA
29,3,2023,2,D3,MEEL,0,NA
29,3,2023,2,D4,CHMI,0,NA
29,3,2023,2,D4,CHFU,10,NA
29,3,2023,2,D4,HOMA,0,NA
29,3,2023,2,D4,LEMA,28,NA
29,3,2023,2,D4,PAIN,12,NA
29,3,2023,2,D4,BEMA,90,NA
29,3,2023,2,D4,PLCO,0,NA
29,3,2023,2,D4,SOAS,5,NA
29,3,2023,2,D4,SCLA,0,NA
29,3,2023,2,D4,POMA,0,NA
29,3,2023,2,D4,POMO,0,NA
29,3,2023,2,D4,MESU,6,NA
29,3,2023,2,D4,MEEL,0,NA
29,3,2023,2,D5,CHMI,0,NA
29,3,2023,2,D5,CHFU,0,NA
29,3,2023,2,D5,HOMA,0,NA
29,3,2023,2,D5,LEMA,47,NA
29,3,2023,2,D5,PAIN,15,NA
29,3,2023,2,D5,BEMA,95,NA
29,3,2023,2,D5,PLCO,1,NA
29,3,2023,2,D5,SOAS,10,NA
29,3,2023,2,D5,SCLA,3,NA
29,3,2023,2,D5,POMA,0,NA
29,3,2023,2,D5,POMO,3,NA
29,3,2023,2,D5,MESU,7,NA
29,3,2023,2,D5,MEEL,0,NA
29,3,2023,2,D6,CHMI,0,NA
29,3,2023,2,D6,CHFU,1,NA
29,3,2023,2,D6,HOMA,0,NA
29,3,2023,2,D6,LEMA,35,NA
29,3,2023,2,D6,PAIN,23,NA
29,3,2023,2,D6,BEMA,80,NA
29,3,2023,2,D6,PLCO,0,NA
29,3,2023,2,D6,SOAS,2,NA
29,3,2023,2,D6,SCLA,14,NA
29,3,2023,2,D6,POMA,0,NA
29,3,2023,2,D6,POMO,1,NA
29,3,2023,2,D6,MESU,0,NA
29,3,2023,2,D6,MEEL,0,NA
29,3,2023,2,E1,CHMI,0,NA
29,3,2023,2,E1,CHFU,29,NA
29,3,2023,2,E1,HOMA,1,NA
29,3,2023,2,E1,LEMA,28,NA
29,3,2023,2,E1,PAIN,11,NA
29,3,2023,2,E1,BEMA,105,NA
29,3,2023,2,E1,PLCO,0,NA
29,3,2023,2,E1,SOAS,5,NA
29,3,2023,2,E1,SCLA,4,NA
29,3,2023,2,E1,POMA,0,NA
29,3,2023,2,E1,POMO,4,NA
29,3,2023,2,E1,MESU,0,NA
29,3,2023,2,E1,MEEL,0,NA
29,3,2023,2,E2,CHMI,0,NA
29,3,2023,2,E2,CHFU,30,NA
29,3,2023,2,E2,HOMA,1,NA
29,3,2023,2,E2,LEMA,15,NA
29,3,2023,2,E2,PAIN,7,NA
29,3,2023,2,E2,BEMA,110,NA
29,3,2023,2,E2,PLCO,0,NA
29,3,2023,2,E2,SOAS,14,NA
29,3,2023,2,E2,SCLA,0,NA
29,3,2023,2,E2,POMA,0,NA
29,3,2023,2,E2,POMO,1,NA
29,3,2023,2,E2,MESU,9,NA
29,3,2023,2,E2,MEEL,0,NA
29,3,2023,2,E3,CHMI,0,NA
29,3,2023,2,E3,CHFU,20,NA
29,3,2023,2,E3,HOMA,0,NA
29,3,2023,2,E3,LEMA,26,NA
29,3,2023,2,E3,PAIN,3,NA
29,3,2023,2,E3,BEMA,55,NA
29,3,2023,2,E3,PLCO,0,NA
29,3,2023,2,E3,SOAS,11,NA
29,3,2023,2,E3,SCLA,0,NA
29,3,2023,2,E3,POMA,0,NA
29,3,2023,2,E3,POMO,1,NA
29,3,2023,2,E3,MESU,1,NA
29,3,2023,2,E3,MEEL,0,NA
29,3,2023,2,E4,CHMI,0,NA
29,3,2023,2,E4,CHFU,9,NA
29,3,2023,2,E4,HOMA,0,NA
29,3,2023,2,E4,LEMA,21,NA
29,3,2023,2,E4,PAIN,6,NA
29,3,2023,2,E4,BEMA,60,NA
29,3,2023,2,E4,PLCO,0,NA
29,3,2023,2,E4,SOAS,16,NA
29,3,2023,2,E4,SCLA,0,NA
29,3,2023,2,E4,POMA,0,NA
29,3,2023,2,E4,POMO,1,NA
29,3,2023,2,E4,MESU,8,NA
29,3,2023,2,E4,MEEL,0,NA
29,3,2023,2,E5,CHMI,0,NA
29,3,2023,2,E5,CHFU,1,NA
29,3,2023,2,E5,HOMA,0,NA
29,3,2023,2,E5,LEMA,29,NA
29,3,2023,2,E5,PAIN,11,NA
29,3,2023,2,E5,BEMA,90,NA
29,3,2023,2,E5,PLCO,0,NA
29,3,2023,2,E5,SOAS,10,NA
29,3,2023,2,E5,SCLA,3,NA
29,3,2023,2,E5,POMA,0,NA
29,3,2023,2,E5,POMO,3,NA
29,3,2023,2,E5,MESU,2,NA
29,3,2023,2,E5,MEEL,0,NA
29,3,2023,2,E6,CHMI,0,NA
29,3,2023,2,E6,CHFU,0,NA
29,3,2023,2,E6,HOMA,0,NA
29,3,2023,2,E6,LEMA,35,NA
29,3,2023,2,E6,PAIN,20,NA
29,3,2023,2,E6,BEMA,50,NA
29,3,2023,2,E6,PLCO,0,NA
29,3,2023,2,E6,SOAS,0,NA
29,3,2023,2,E6,SCLA,3,NA
29,3,2023,2,E6,POMA,0,NA
29,3,2023,2,E6,POMO,10,NA
29,3,2023,2,E6,MESU,0,NA
29,3,2023,2,E6,MEEL,0,NA
29,3,2023,2,F1,CHMI,0,NA
29,3,2023,2,F1,CHFU,0,NA
29,3,2023,2,F1,HOMA,0,NA
29,3,2023,2,F1,LEMA,38,NA
29,3,2023,2,F1,PAIN,5,NA
29,3,2023,2,F1,BEMA,60,NA
29,3,2023,2,F1,PLCO,2,NA
29,3,2023,2,F1,SOAS,7,NA
29,3,2023,2,F1,SCLA,2,NA
29,3,2023,2,F1,POMA,1,NA
29,3,2023,2,F1,POMO,2,NA
29,3,2023,2,F1,MESU,5,NA
29,3,2023,2,F1,MEEL,0,NA
29,3,2023,2,F2,CHMI,0,NA
29,3,2023,2,F2,CHFU,6,NA
29,3,2023,2,F2,HOMA,0,NA
29,3,2023,2,F2,LEMA,22,NA
29,3,2023,2,F2,PAIN,21,NA
29,3,2023,2,F2,BEMA,45,NA
29,3,2023,2,F2,PLCO,1,NA
29,3,2023,2,F2,SOAS,3,NA
29,3,2023,2,F2,SCLA,4,NA
29,3,2023,2,F2,POMA,1,NA
29,3,2023,2,F2,POMO,2,NA
29,3,2023,2,F2,MESU,6,NA
29,3,2023,2,F2,MEEL,0,NA
29,3,2023,2,F3,CHMI,0,NA
29,3,2023,2,F3,CHFU,7,NA
29,3,2023,2,F3,HOMA,0,NA
29,3,2023,2,F3,LEMA,24,NA
29,3,2023,2,F3,PAIN,12,NA
29,3,2023,2,F3,BEMA,55,NA
29,3,2023,2,F3,PLCO,0,NA
29,3,2023,2,F3,SOAS,5,NA
29,3,2023,2,F3,SCLA,1,NA
29,3,2023,2,F3,POMA,1,NA
29,3,2023,2,F3,POMO,6,NA
29,3,2023,2,F3,MESU,0,NA
29,3,2023,2,F3,MEEL,0,NA
29,3,2023,2,F4,CHMI,0,NA
29,3,2023,2,F4,CHFU,3,NA
29,3,2023,2,F4,HOMA,0,NA
29,3,2023,2,F4,LEMA,33,NA
29,3,2023,2,F4,PAIN,13,NA
29,3,2023,2,F4,BEMA,55,NA
29,3,2023,2,F4,PLCO,0,NA
29,3,2023,2,F4,SOAS,5,NA
29,3,2023,2,F4,SCLA,5,NA
29,3,2023,2,F4,POMA,1,NA
29,3,2023,2,F4,POMO,5,NA
29,3,2023,2,F4,MESU,0,NA
29,3,2023,2,F4,MEEL,0,NA
29,3,2023,2,F5,CHMI,0,NA
29,3,2023,2,F5,CHFU,0,NA
29,3,2023,2,F5,HOMA,0,NA
29,3,2023,2,F5,LEMA,45,NA
29,3,2023,2,F5,PAIN,9,NA
29,3,2023,2,F5,BEMA,55,NA
29,3,2023,2,F5,PLCO,0,NA
29,3,2023,2,F5,SOAS,4,NA
29,3,2023,2,F5,SCLA,5,NA
29,3,2023,2,F5,POMA,0,NA
29,3,2023,2,F5,POMO,1,NA
29,3,2023,2,F5,MESU,2,NA
29,3,2023,2,F5,MEEL,0,NA
29,3,2023,2,F6,CHMI,0,NA
29,3,2023,2,F6,CHFU,0,NA
29,3,2023,2,F6,HOMA,0,NA
29,3,2023,2,F6,LEMA,34,NA
29,3,2023,2,F6,PAIN,13,NA
29,3,2023,2,F6,BEMA,45,NA
29,3,2023,2,F6,PLCO,0,NA
29,3,2023,2,F6,SOAS,2,NA
29,3,2023,2,F6,SCLA,0,NA
29,3,2023,2,F6,POMA,0,NA
29,3,2023,2,F6,POMO,4,NA
29,3,2023,2,F6,MESU,5,NA
29,3,2023,2,F6,MEEL,0,NA
29,3,2023,3,A1,BEMA,15,NA
29,3,2023,3,A1,HOMA,9,NA
29,3,2023,3,A1,SOAS,2,NA
29,3,2023,3,A1,CHFU,0,NA
29,3,2023,3,A1,CHMI,0,NA
29,3,2023,3,A1,SCLA,28,NA
29,3,2023,3,A1,POMA,0,NA
29,3,2023,3,A1,POMO,0,NA
29,3,2023,3,A1,PAIN,0,NA
29,3,2023,3,A1,LEMA,0,NA
29,3,2023,3,A2,BEMA,21,NA
29,3,2023,3,A2,HOMA,3,NA
29,3,2023,3,A2,SOAS,0,NA
29,3,2023,3,A2,CHFU,0,NA
29,3,2023,3,A2,CHMI,0,NA
29,3,2023,3,A2,SCLA,11,NA
29,3,2023,3,A2,POMA,0,NA
29,3,2023,3,A2,POMO,0,NA
29,3,2023,3,A2,PAIN,0,NA
29,3,2023,3,A2,LEMA,0,NA
29,3,2023,3,A3,BEMA,9,NA
29,3,2023,3,A3,HOMA,1,NA
29,3,2023,3,A3,SOAS,0,NA
29,3,2023,3,A3,CHFU,0,NA
29,3,2023,3,A3,CHMI,0,NA
29,3,2023,3,A3,SCLA,10,NA
29,3,2023,3,A3,POMA,0,NA
29,3,2023,3,A3,POMO,0,NA
29,3,2023,3,A3,PAIN,0,NA
29,3,2023,3,A3,LEMA,0,NA
29,3,2023,3,A4,BEMA,12,NA
29,3,2023,3,A4,HOMA,11,NA
29,3,2023,3,A4,SOAS,0,NA
29,3,2023,3,A4,CHFU,2,NA
29,3,2023,3,A4,CHMI,4,NA
29,3,2023,3,A4,SCLA,6,NA
29,3,2023,3,A4,POMA,3,NA
29,3,2023,3,A4,POMO,0,NA
29,3,2023,3,A4,PAIN,0,NA
29,3,2023,3,A4,LEMA,0,NA
29,3,2023,3,A5,BEMA,7,NA
29,3,2023,3,A5,HOMA,5,NA
29,3,2023,3,A5,SOAS,5,NA
29,3,2023,3,A5,CHFU,0,NA
29,3,2023,3,A5,CHMI,2,NA
29,3,2023,3,A5,SCLA,12,NA
29,3,2023,3,A5,POMA,2,NA
29,3,2023,3,A5,POMO,0,NA
29,3,2023,3,A5,PAIN,7,NA
29,3,2023,3,A5,LEMA,0,NA
29,3,2023,3,A6,BEMA,33,NA
29,3,2023,3,A6,HOMA,3,NA
29,3,2023,3,A6,SOAS,2,NA
29,3,2023,3,A6,CHFU,0,NA
29,3,2023,3,A6,CHMI,0,NA
29,3,2023,3,A6,SCLA,0,NA
29,3,2023,3,A6,POMA,0,NA
29,3,2023,3,A6,POMO,0,NA
29,3,2023,3,A6,PAIN,4,NA
29,3,2023,3,A6,LEMA,7,NA
29,3,2023,3,B1,BEMA,9,NA
29,3,2023,3,B1,HOMA,9,NA
29,3,2023,3,B1,SOAS,3,NA
29,3,2023,3,B1,CHFU,0,NA
29,3,2023,3,B1,CHMI,0,NA
29,3,2023,3,B1,SCLA,5,NA
29,3,2023,3,B1,POMA,0,NA
29,3,2023,3,B1,POMO,0,NA
29,3,2023,3,B1,PAIN,1,NA
29,3,2023,3,B1,LEMA,0,NA
29,3,2023,3,B2,BEMA,53,NA
29,3,2023,3,B2,HOMA,12,NA
29,3,2023,3,B2,SOAS,1,NA
29,3,2023,3,B2,CHFU,0,NA
29,3,2023,3,B2,CHMI,0,NA
29,3,2023,3,B2,SCLA,0,NA
29,3,2023,3,B2,POMA,0,NA
29,3,2023,3,B2,POMO,0,NA
29,3,2023,3,B2,PAIN,3,NA
29,3,2023,3,B2,LEMA,0,NA
29,3,2023,3,B3,BEMA,30,NA
29,3,2023,3,B3,HOMA,15,NA
29,3,2023,3,B3,SOAS,2,NA
29,3,2023,3,B3,CHFU,2,NA
29,3,2023,3,B3,CHMI,0,NA
29,3,2023,3,B3,SCLA,2,NA
29,3,2023,3,B3,POMA,0,NA
29,3,2023,3,B3,POMO,0,NA
29,3,2023,3,B3,PAIN,0,NA
29,3,2023,3,B3,LEMA,2,NA
29,3,2023,3,B4,BEMA,24,NA
29,3,2023,3,B4,HOMA,3,NA
29,3,2023,3,B4,SOAS,0,NA
29,3,2023,3,B4,CHFU,1,NA
29,3,2023,3,B4,CHMI,0,NA
29,3,2023,3,B4,SCLA,9,NA
29,3,2023,3,B4,POMA,0,NA
29,3,2023,3,B4,POMO,0,NA
29,3,2023,3,B4,PAIN,0,NA
29,3,2023,3,B4,LEMA,3,NA
29,3,2023,3,B5,BEMA,25,NA
29,3,2023,3,B5,HOMA,3,NA
29,3,2023,3,B5,SOAS,0,NA
29,3,2023,3,B5,CHFU,2,NA
29,3,2023,3,B5,CHMI,0,NA
29,3,2023,3,B5,SCLA,26,NA
29,3,2023,3,B5,POMA,0,NA
29,3,2023,3,B5,POMO,0,NA
29,3,2023,3,B5,PAIN,0,NA
29,3,2023,3,B5,LEMA,0,NA
29,3,2023,3,B6,BEMA,38,NA
29,3,2023,3,B6,HOMA,6,NA
29,3,2023,3,B6,SOAS,0,NA
29,3,2023,3,B6,CHFU,27,NA
29,3,2023,3,B6,CHMI,0,NA
29,3,2023,3,B6,SCLA,0,NA
29,3,2023,3,B6,POMA,0,NA
29,3,2023,3,B6,POMO,4,NA
29,3,2023,3,B6,PAIN,0,NA
29,3,2023,3,B6,LEMA,2,NA
29,3,2023,3,C1,BEMA,66,NA
29,3,2023,3,C1,HOMA,4,NA
29,3,2023,3,C1,SOAS,0,NA
29,3,2023,3,C1,CHFU,0,NA
29,3,2023,3,C1,CHMI,0,NA
29,3,2023,3,C1,SCLA,0,NA
29,3,2023,3,C1,POMA,0,NA
29,3,2023,3,C1,POMO,0,NA
29,3,2023,3,C1,PAIN,0,NA
29,3,2023,3,C1,LEMA,1,NA
29,3,2023,3,C2,BEMA,42,NA
29,3,2023,3,C2,HOMA,3,NA
29,3,2023,3,C2,SOAS,3,NA
29,3,2023,3,C2,CHFU,0,NA
29,3,2023,3,C2,CHMI,0,NA
29,3,2023,3,C2,SCLA,0,NA
29,3,2023,3,C2,POMA,0,NA
29,3,2023,3,C2,POMO,0,NA
29,3,2023,3,C2,PAIN,0,NA
29,3,2023,3,C2,LEMA,0,NA
29,3,2023,3,C3,BEMA,126,NA
29,3,2023,3,C3,HOMA,1,NA
29,3,2023,3,C3,SOAS,1,NA
29,3,2023,3,C3,CHFU,0,NA
29,3,2023,3,C3,CHMI,0,NA
29,3,2023,3,C3,SCLA,0,NA
29,3,2023,3,C3,POMA,0,NA
29,3,2023,3,C3,POMO,0,NA
29,3,2023,3,C3,PAIN,0,NA
29,3,2023,3,C3,LEMA,0,NA
29,3,2023,3,C4,BEMA,21,NA
29,3,2023,3,C4,HOMA,4,NA
29,3,2023,3,C4,SOAS,0,NA
29,3,2023,3,C4,CHFU,2,NA
29,3,2023,3,C4,CHMI,0,NA
29,3,2023,3,C4,SCLA,7,NA
29,3,2023,3,C4,POMA,0,NA
29,3,2023,3,C4,POMO,0,NA
29,3,2023,3,C4,PAIN,0,NA
29,3,2023,3,C4,LEMA,6,NA
29,3,2023,3,C5,BEMA,19,NA
29,3,2023,3,C5,HOMA,6,NA
29,3,2023,3,C5,SOAS,0,NA
29,3,2023,3,C5,CHFU,3,NA
29,3,2023,3,C5,CHMI,0,NA
29,3,2023,3,C5,SCLA,4,NA
29,3,2023,3,C5,POMA,0,NA
29,3,2023,3,C5,POMO,0,NA
29,3,2023,3,C5,PAIN,0,NA
29,3,2023,3,C5,LEMA,8,NA
29,3,2023,3,C6,BEMA,16,NA
29,3,2023,3,C6,HOMA,2,NA
29,3,2023,3,C6,SOAS,0,NA
29,3,2023,3,C6,CHFU,0,NA
29,3,2023,3,C6,CHMI,0,NA
29,3,2023,3,C6,SCLA,2,NA
29,3,2023,3,C6,POMA,3,NA
29,3,2023,3,C6,POMO,0,NA
29,3,2023,3,C6,PAIN,15,NA
29,3,2023,3,C6,LEMA,6,NA
29,3,2023,3,D1,BEMA,37,NA
29,3,2023,3,D1,HOMA,8,NA
29,3,2023,3,D1,SOAS,0,NA
29,3,2023,3,D1,CHFU,0,NA
29,3,2023,3,D1,CHMI,0,NA
29,3,2023,3,D1,SCLA,0,NA
29,3,2023,3,D1,POMA,0,NA
29,3,2023,3,D1,POMO,0,NA
29,3,2023,3,D1,PAIN,2,NA
29,3,2023,3,D1,LEMA,0,NA
29,3,2023,3,D2,BEMA,44,NA
29,3,2023,3,D2,HOMA,6,NA
29,3,2023,3,D2,SOAS,0,NA
29,3,2023,3,D2,CHFU,0,NA
29,3,2023,3,D2,CHMI,0,NA
29,3,2023,3,D2,SCLA,0,NA
29,3,2023,3,D2,POMA,0,NA
29,3,2023,3,D2,POMO,0,NA
29,3,2023,3,D2,PAIN,0,NA
29,3,2023,3,D2,LEMA,0,NA
29,3,2023,3,D3,BEMA,46,NA
29,3,2023,3,D3,HOMA,15,NA
29,3,2023,3,D3,SOAS,0,NA
29,3,2023,3,D3,CHFU,0,NA
29,3,2023,3,D3,CHMI,0,NA
29,3,2023,3,D3,SCLA,0,NA
29,3,2023,3,D3,POMA,0,NA
29,3,2023,3,D3,POMO,0,NA
29,3,2023,3,D3,PAIN,0,NA
29,3,2023,3,D3,LEMA,0,NA
29,3,2023,3,D4,BEMA,12,NA
29,3,2023,3,D4,HOMA,5,NA
29,3,2023,3,D4,SOAS,2,NA
29,3,2023,3,D4,CHFU,4,NA
29,3,2023,3,D4,CHMI,0,NA
29,3,2023,3,D4,SCLA,3,NA
29,3,2023,3,D4,POMA,0,NA
29,3,2023,3,D4,POMO,0,NA
29,3,2023,3,D4,PAIN,2,NA
29,3,2023,3,D4,LEMA,1,NA
29,3,2023,3,D5,BEMA,0,NA
29,3,2023,3,D5,HOMA,2,NA
29,3,2023,3,D5,SOAS,0,NA
29,3,2023,3,D5,CHFU,0,NA
29,3,2023,3,D5,CHMI,0,NA
29,3,2023,3,D5,SCLA,0,NA
29,3,2023,3,D5,POMA,5,NA
29,3,2023,3,D5,POMO,0,NA
29,3,2023,3,D5,PAIN,2,NA
29,3,2023,3,D5,LEMA,8,NA
29,3,2023,3,D6,BEMA,55,NA
29,3,2023,3,D6,HOMA,6,NA
29,3,2023,3,D6,SOAS,0,NA
29,3,2023,3,D6,CHFU,0,NA
29,3,2023,3,D6,CHMI,0,NA
29,3,2023,3,D6,SCLA,1,NA
29,3,2023,3,D6,POMA,3,NA
29,3,2023,3,D6,POMO,0,NA
29,3,2023,3,D6,PAIN,9,NA
29,3,2023,3,D6,LEMA,9,NA
29,3,2023,3,E1,BEMA,23,NA
29,3,2023,3,E1,HOMA,2,NA
29,3,2023,3,E1,SOAS,0,NA
29,3,2023,3,E1,CHFU,0,NA
29,3,2023,3,E1,CHMI,0,NA
29,3,2023,3,E1,SCLA,0,NA
29,3,2023,3,E1,POMA,0,NA
29,3,2023,3,E1,POMO,0,NA
29,3,2023,3,E1,PAIN,0,NA
29,3,2023,3,E1,LEMA,0,NA
29,3,2023,3,E2,BEMA,29,NA
29,3,2023,3,E2,HOMA,1,NA
29,3,2023,3,E2,SOAS,1,NA
29,3,2023,3,E2,CHFU,0,NA
29,3,2023,3,E2,CHMI,0,NA
29,3,2023,3,E2,SCLA,0,NA
29,3,2023,3,E2,POMA,0,NA
29,3,2023,3,E2,POMO,0,NA
29,3,2023,3,E2,PAIN,0,NA
29,3,2023,3,E2,LEMA,0,NA
29,3,2023,3,E3,BEMA,21,NA
29,3,2023,3,E3,HOMA,13,NA
29,3,2023,3,E3,SOAS,0,NA
29,3,2023,3,E3,CHFU,0,NA
29,3,2023,3,E3,CHMI,0,NA
29,3,2023,3,E3,SCLA,0,NA
29,3,2023,3,E3,POMA,0,NA
29,3,2023,3,E3,POMO,0,NA
29,3,2023,3,E3,PAIN,0,NA
29,3,2023,3,E3,LEMA,0,NA
29,3,2023,3,E4,BEMA,17,NA
29,3,2023,3,E4,HOMA,5,NA
29,3,2023,3,E4,SOAS,2,NA
29,3,2023,3,E4,CHFU,0,NA
29,3,2023,3,E4,CHMI,0,NA
29,3,2023,3,E4,SCLA,0,NA
29,3,2023,3,E4,POMA,3,NA
29,3,2023,3,E4,POMO,0,NA
29,3,2023,3,E4,PAIN,0,NA
29,3,2023,3,E4,LEMA,4,NA
29,3,2023,3,E5,BEMA,7,NA
29,3,2023,3,E5,HOMA,2,NA
29,3,2023,3,E5,SOAS,2,NA
29,3,2023,3,E5,CHFU,0,NA
29,3,2023,3,E5,CHMI,0,NA
29,3,2023,3,E5,SCLA,12,NA
29,3,2023,3,E5,POMA,5,NA
29,3,2023,3,E5,POMO,0,NA
29,3,2023,3,E5,PAIN,4,NA
29,3,2023,3,E5,LEMA,8,NA
29,3,2023,3,E6,BEMA,27,NA
29,3,2023,3,E6,HOMA,5,NA
29,3,2023,3,E6,SOAS,3,NA
29,3,2023,3,E6,CHFU,0,NA
29,3,2023,3,E6,CHMI,0,NA
29,3,2023,3,E6,SCLA,4,NA
29,3,2023,3,E6,POMA,7,NA
29,3,2023,3,E6,POMO,0,NA
29,3,2023,3,E6,PAIN,6,NA
29,3,2023,3,E6,LEMA,24,NA
29,3,2023,3,F1,BEMA,62,NA
29,3,2023,3,F1,HOMA,15,NA
29,3,2023,3,F1,SOAS,0,NA
29,3,2023,3,F1,CHFU,0,NA
29,3,2023,3,F1,CHMI,0,NA
29,3,2023,3,F1,SCLA,0,NA
29,3,2023,3,F1,POMA,0,NA
29,3,2023,3,F1,POMO,0,NA
29,3,2023,3,F1,PAIN,0,NA
29,3,2023,3,F1,LEMA,0,NA
29,3,2023,3,F2,BEMA,80,NA
29,3,2023,3,F2,HOMA,13,NA
29,3,2023,3,F2,SOAS,0,NA
29,3,2023,3,F2,CHFU,0,NA
29,3,2023,3,F2,CHMI,0,NA
29,3,2023,3,F2,SCLA,0,NA
29,3,2023,3,F2,POMA,0,NA
29,3,2023,3,F2,POMO,0,NA
29,3,2023,3,F2,PAIN,0,NA
29,3,2023,3,F2,LEMA,0,NA
29,3,2023,3,F3,BEMA,71,NA
29,3,2023,3,F3,HOMA,6,NA
29,3,2023,3,F3,SOAS,0,NA
29,3,2023,3,F3,CHFU,0,NA
29,3,2023,3,F3,CHMI,0,NA
29,3,2023,3,F3,SCLA,0,NA
29,3,2023,3,F3,POMA,0,NA
29,3,2023,3,F3,POMO,0,NA
29,3,2023,3,F3,PAIN,3,NA
29,3,2023,3,F3,LEMA,0,NA
29,3,2023,3,F4,BEMA,38,NA
29,3,2023,3,F4,HOMA,7,NA
29,3,2023,3,F4,SOAS,0,NA
29,3,2023,3,F4,CHFU,0,NA
29,3,2023,3,F4,CHMI,0,NA
29,3,2023,3,F4,SCLA,0,NA
29,3,2023,3,F4,POMA,0,NA
29,3,2023,3,F4,POMO,0,NA
29,3,2023,3,F4,PAIN,0,NA
29,3,2023,3,F4,LEMA,1,NA
29,3,2023,3,F5,BEMA,3,NA
29,3,2023,3,F5,HOMA,0,NA
29,3,2023,3,F5,SOAS,0,NA
29,3,2023,3,F5,CHFU,0,NA
29,3,2023,3,F5,CHMI,0,NA
29,3,2023,3,F5,SCLA,0,NA
29,3,2023,3,F5,POMA,0,NA
29,3,2023,3,F5,POMO,0,NA
29,3,2023,3,F5,PAIN,5,NA
29,3,2023,3,F5,LEMA,31,NA
29,3,2023,3,F6,BEMA,46,NA
29,3,2023,3,F6,HOMA,12,NA
29,3,2023,3,F6,SOAS,0,NA
29,3,2023,3,F6,CHFU,0,NA
29,3,2023,3,F6,CHMI,0,NA
29,3,2023,3,F6,SCLA,4,NA
29,3,2023,3,F6,POMA,0,NA
29,3,2023,3,F6,POMO,0,NA
29,3,2023,3,F6,PAIN,4,NA
29,3,2023,3,F6,LEMA,25,NA
29,3,2023,4,A1,BEMA,14,NA
29,3,2023,4,A1,HOMA,11,NA
29,3,2023,4,A1,CHFU,8,NA
29,3,2023,4,A1,MESU,2,NA
29,3,2023,4,A1,MEEL,5,NA
29,3,2023,4,A1,SOAS,7,NA
29,3,2023,4,A1,LEMA,2,NA
29,3,2023,4,A1,POMA,5,NA
29,3,2023,4,A1,PLCO,2,NA
29,3,2023,4,A1,SCLA,0,NA
29,3,2023,4,A1,PAIN,0,NA
29,3,2023,4,A1,SPRU,0,NA
29,3,2023,4,A1,ANAR,0,NA
29,3,2023,4,A2,BEMA,12,NA
29,3,2023,4,A2,HOMA,10,NA
29,3,2023,4,A2,CHFU,3,NA
29,3,2023,4,A2,MESU,1,NA
29,3,2023,4,A2,MEEL,0,NA
29,3,2023,4,A2,SOAS,3,NA
29,3,2023,4,A2,LEMA,4,NA
29,3,2023,4,A2,POMA,7,NA
29,3,2023,4,A2,PLCO,0,NA
29,3,2023,4,A2,SCLA,3,NA
29,3,2023,4,A2,PAIN,0,NA
29,3,2023,4,A2,SPRU,0,NA
29,3,2023,4,A2,ANAR,0,NA
29,3,2023,4,A3,BEMA,4,NA
29,3,2023,4,A3,HOMA,9,NA
29,3,2023,4,A3,CHFU,0,NA
29,3,2023,4,A3,MESU,0,NA
29,3,2023,4,A3,MEEL,0,NA
29,3,2023,4,A3,SOAS,0,NA
29,3,2023,4,A3,LEMA,0,NA
29,3,2023,4,A3,POMA,0,NA
29,3,2023,4,A3,PLCO,0,NA
29,3,2023,4,A3,SCLA,2,NA
29,3,2023,4,A3,PAIN,0,NA
29,3,2023,4,A3,SPRU,0,NA
29,3,2023,4,A3,ANAR,0,NA
29,3,2023,4,A4,BEMA,27,NA
29,3,2023,4,A4,HOMA,9,NA
29,3,2023,4,A4,CHFU,1,NA
29,3,2023,4,A4,MESU,2,NA
29,3,2023,4,A4,MEEL,0,NA
29,3,2023,4,A4,SOAS,5,NA
29,3,2023,4,A4,LEMA,3,NA
29,3,2023,4,A4,POMA,7,NA
29,3,2023,4,A4,PLCO,5,NA
29,3,2023,4,A4,SCLA,3,NA
29,3,2023,4,A4,PAIN,0,NA
29,3,2023,4,A4,SPRU,0,NA
29,3,2023,4,A4,ANAR,0,NA
29,3,2023,4,A5,BEMA,28,NA
29,3,2023,4,A5,HOMA,7,NA
29,3,2023,4,A5,CHFU,0,NA
29,3,2023,4,A5,MESU,1,NA
29,3,2023,4,A5,MEEL,7,NA
29,3,2023,4,A5,SOAS,8,NA
29,3,2023,4,A5,LEMA,0,NA
29,3,2023,4,A5,POMA,12,NA
29,3,2023,4,A5,PLCO,3,NA
29,3,2023,4,A5,SCLA,0,NA
29,3,2023,4,A5,PAIN,0,NA
29,3,2023,4,A5,SPRU,0,NA
29,3,2023,4,A5,ANAR,0,NA
29,3,2023,4,A6,BEMA,20,NA
29,3,2023,4,A6,HOMA,0,NA
29,3,2023,4,A6,CHFU,0,NA
29,3,2023,4,A6,MESU,1,NA
29,3,2023,4,A6,MEEL,3,NA
29,3,2023,4,A6,SOAS,6,NA
29,3,2023,4,A6,LEMA,2,NA
29,3,2023,4,A6,POMA,27,NA
29,3,2023,4,A6,PLCO,0,NA
29,3,2023,4,A6,SCLA,0,NA
29,3,2023,4,A6,PAIN,0,NA
29,3,2023,4,A6,SPRU,1,NA
29,3,2023,4,A6,ANAR,0,NA
29,3,2023,4,B1,BEMA,10,NA
29,3,2023,4,B1,HOMA,3,NA
29,3,2023,4,B1,CHFU,1,NA
29,3,2023,4,B1,MESU,0,NA
29,3,2023,4,B1,MEEL,6,NA
29,3,2023,4,B1,SOAS,2,NA
29,3,2023,4,B1,LEMA,26,NA
29,3,2023,4,B1,POMA,0,NA
29,3,2023,4,B1,PLCO,2,NA
29,3,2023,4,B1,SCLA,0,NA
29,3,2023,4,B1,PAIN,8,NA
29,3,2023,4,B1,SPRU,1,NA
29,3,2023,4,B1,ANAR,0,NA
29,3,2023,4,B2,BEMA,0,NA
29,3,2023,4,B2,HOMA,0,NA
29,3,2023,4,B2,CHFU,0,NA
29,3,2023,4,B2,MESU,0,NA
29,3,2023,4,B2,MEEL,8,NA
29,3,2023,4,B2,SOAS,4,NA
29,3,2023,4,B2,LEMA,0,NA
29,3,2023,4,B2,POMA,0,NA
29,3,2023,4,B2,PLCO,0,NA
29,3,2023,4,B2,SCLA,0,NA
29,3,2023,4,B2,PAIN,0,NA
29,3,2023,4,B2,SPRU,0,NA
29,3,2023,4,B2,ANAR,0,NA
29,3,2023,4,B3,BEMA,21,NA
29,3,2023,4,B3,HOMA,3,NA
29,3,2023,4,B3,CHFU,7,NA
29,3,2023,4,B3,MESU,3,NA
29,3,2023,4,B3,MEEL,0,NA
29,3,2023,4,B3,SOAS,3,NA
29,3,2023,4,B3,LEMA,2,NA
29,3,2023,4,B3,POMA,32,NA
29,3,2023,4,B3,PLCO,0,NA
29,3,2023,4,B3,SCLA,2,NA
29,3,2023,4,B3,PAIN,9,NA
29,3,2023,4,B3,SPRU,0,NA
29,3,2023,4,B3,ANAR,0,NA
29,3,2023,4,B4,BEMA,28,NA
29,3,2023,4,B4,HOMA,12,NA
29,3,2023,4,B4,CHFU,4,NA
29,3,2023,4,B4,MESU,0,NA
29,3,2023,4,B4,MEEL,0,NA
29,3,2023,4,B4,SOAS,4,NA
29,3,2023,4,B4,LEMA,1,NA
29,3,2023,4,B4,POMA,9,NA
29,3,2023,4,B4,PLCO,0,NA
29,3,2023,4,B4,SCLA,0,NA
29,3,2023,4,B4,PAIN,3,NA
29,3,2023,4,B4,SPRU,0,NA
29,3,2023,4,B4,ANAR,0,NA
29,3,2023,4,B5,BEMA,14,NA
29,3,2023,4,B5,HOMA,16,NA
29,3,2023,4,B5,CHFU,0,NA
29,3,2023,4,B5,MESU,2,NA
29,3,2023,4,B5,MEEL,0,NA
29,3,2023,4,B5,SOAS,5,NA
29,3,2023,4,B5,LEMA,0,NA
29,3,2023,4,B5,POMA,8,NA
29,3,2023,4,B5,PLCO,0,NA
29,3,2023,4,B5,SCLA,1,NA
29,3,2023,4,B5,PAIN,8,NA
29,3,2023,4,B5,SPRU,0,NA
29,3,2023,4,B5,ANAR,0,NA
29,3,2023,4,B6,BEMA,25,NA
29,3,2023,4,B6,HOMA,21,NA
29,3,2023,4,B6,CHFU,3,NA
29,3,2023,4,B6,MESU,0,NA
29,3,2023,4,B6,MEEL,0,NA
29,3,2023,4,B6,SOAS,7,NA
29,3,2023,4,B6,LEMA,0,NA
29,3,2023,4,B6,POMA,10,NA
29,3,2023,4,B6,PLCO,0,NA
29,3,2023,4,B6,SCLA,2,NA
29,3,2023,4,B6,PAIN,12,NA
29,3,2023,4,B6,SPRU,0,NA
29,3,2023,4,B6,ANAR,0,NA
29,3,2023,4,C1,BEMA,30,NA
29,3,2023,4,C1,HOMA,3,NA
29,3,2023,4,C1,CHFU,2,NA
29,3,2023,4,C1,MESU,0,NA
29,3,2023,4,C1,MEEL,0,NA
29,3,2023,4,C1,SOAS,2,NA
29,3,2023,4,C1,LEMA,4,NA
29,3,2023,4,C1,POMA,2,NA
29,3,2023,4,C1,PLCO,0,NA
29,3,2023,4,C1,SCLA,1,NA
29,3,2023,4,C1,PAIN,0,NA
29,3,2023,4,C1,SPRU,1,NA
29,3,2023,4,C1,ANAR,0,NA
29,3,2023,4,C2,BEMA,4,NA
29,3,2023,4,C2,HOMA,3,NA
29,3,2023,4,C2,CHFU,0,NA
29,3,2023,4,C2,MESU,1,NA
29,3,2023,4,C2,MEEL,3,NA
29,3,2023,4,C2,SOAS,4,NA
29,3,2023,4,C2,LEMA,11,NA
29,3,2023,4,C2,POMA,5,NA
29,3,2023,4,C2,PLCO,0,NA
29,3,2023,4,C2,SCLA,1,NA
29,3,2023,4,C2,PAIN,3,NA
29,3,2023,4,C2,SPRU,0,NA
29,3,2023,4,C2,ANAR,0,NA
29,3,2023,4,C3,BEMA,9,NA
29,3,2023,4,C3,HOMA,4,NA
29,3,2023,4,C3,CHFU,1,NA
29,3,2023,4,C3,MESU,0,NA
29,3,2023,4,C3,MEEL,4,NA
29,3,2023,4,C3,SOAS,2,NA
29,3,2023,4,C3,LEMA,3,NA
29,3,2023,4,C3,POMA,7,NA
29,3,2023,4,C3,PLCO,3,NA
29,3,2023,4,C3,SCLA,1,NA
29,3,2023,4,C3,PAIN,8,NA
29,3,2023,4,C3,SPRU,0,NA
29,3,2023,4,C3,ANAR,0,NA
29,3,2023,4,C4,NA,NA,Salicornia
29,3,2023,4,C4,SPRU,0,NA
29,3,2023,4,C4,ANAR,0,NA
29,3,2023,4,C5,BEMA,23,NA
29,3,2023,4,C5,HOMA,14,NA
29,3,2023,4,C5,CHFU,3,NA
29,3,2023,4,C5,MESU,0,NA
29,3,2023,4,C5,MEEL,0,NA
29,3,2023,4,C5,SOAS,4,NA
29,3,2023,4,C5,LEMA,3,NA
29,3,2023,4,C5,POMA,3,NA
29,3,2023,4,C5,PLCO,3,NA
29,3,2023,4,C5,SCLA,2,NA
29,3,2023,4,C5,PAIN,10,NA
29,3,2023,4,C5,SPRU,0,NA
29,3,2023,4,C5,ANAR,0,NA
29,3,2023,4,C6,BEMA,42,NA
29,3,2023,4,C6,HOMA,11,NA
29,3,2023,4,C6,CHFU,2,NA
29,3,2023,4,C6,MESU,0,NA
29,3,2023,4,C6,MEEL,0,NA
29,3,2023,4,C6,SOAS,2,NA
29,3,2023,4,C6,LEMA,0,NA
29,3,2023,4,C6,POMA,0,NA
29,3,2023,4,C6,PLCO,2,NA
29,3,2023,4,C6,SCLA,1,NA
29,3,2023,4,C6,PAIN,36,NA
29,3,2023,4,C6,SPRU,1,NA
29,3,2023,4,C6,ANAR,0,NA
29,3,2023,4,D1,BEMA,14,NA
29,3,2023,4,D1,HOMA,7,NA
29,3,2023,4,D1,CHFU,6,NA
29,3,2023,4,D1,MESU,2,NA
29,3,2023,4,D1,MEEL,4,NA
29,3,2023,4,D1,SOAS,3,NA
29,3,2023,4,D1,LEMA,7,NA
29,3,2023,4,D1,POMA,7,NA
29,3,2023,4,D1,PLCO,0,NA
29,3,2023,4,D1,SCLA,0,NA
29,3,2023,4,D1,PAIN,6,NA
29,3,2023,4,D1,SPRU,1,NA
29,3,2023,4,D1,ANAR,0,NA
29,3,2023,4,D2,BEMA,21,NA
29,3,2023,4,D2,HOMA,2,NA
29,3,2023,4,D2,CHFU,12,NA
29,3,2023,4,D2,MESU,0,NA
29,3,2023,4,D2,MEEL,0,NA
29,3,2023,4,D2,SOAS,3,NA
29,3,2023,4,D2,LEMA,10,NA
29,3,2023,4,D2,POMA,3,NA
29,3,2023,4,D2,PLCO,3,NA
29,3,2023,4,D2,SCLA,6,NA
29,3,2023,4,D2,PAIN,0,NA
29,3,2023,4,D2,SPRU,1,NA
29,3,2023,4,D2,ANAR,0,NA
29,3,2023,4,D3,BEMA,26,NA
29,3,2023,4,D3,HOMA,2,NA
29,3,2023,4,D3,CHFU,8,NA
29,3,2023,4,D3,MESU,0,NA
29,3,2023,4,D3,MEEL,0,NA
29,3,2023,4,D3,SOAS,6,NA
29,3,2023,4,D3,LEMA,5,NA
29,3,2023,4,D3,POMA,0,NA
29,3,2023,4,D3,PLCO,8,NA
29,3,2023,4,D3,SCLA,5,NA
29,3,2023,4,D3,PAIN,6,NA
29,3,2023,4,D3,SPRU,1,NA
29,3,2023,4,D3,ANAR,0,NA
29,3,2023,4,D4,BEMA,11,NA
29,3,2023,4,D4,HOMA,18,NA
29,3,2023,4,D4,CHFU,0,NA
29,3,2023,4,D4,MESU,0,NA
29,3,2023,4,D4,MEEL,0,NA
29,3,2023,4,D4,SOAS,6,NA
29,3,2023,4,D4,LEMA,5,NA
29,3,2023,4,D4,POMA,0,NA
29,3,2023,4,D4,PLCO,5,NA
29,3,2023,4,D4,SCLA,4,NA
29,3,2023,4,D4,PAIN,2,NA
29,3,2023,4,D4,SPRU,1,NA
29,3,2023,4,D4,ANAR,1,NA
29,3,2023,4,D5,BEMA,23,NA
29,3,2023,4,D5,HOMA,15,NA
29,3,2023,4,D5,CHFU,0,NA
29,3,2023,4,D5,MESU,6,NA
29,3,2023,4,D5,MEEL,0,NA
29,3,2023,4,D5,SOAS,7,NA
29,3,2023,4,D5,LEMA,4,NA
29,3,2023,4,D5,POMA,1,NA
29,3,2023,4,D5,PLCO,0,NA
29,3,2023,4,D5,SCLA,0,NA
29,3,2023,4,D5,PAIN,0,NA
29,3,2023,4,D5,SPRU,1,NA
29,3,2023,4,D5,ANAR,0,NA
29,3,2023,4,D6,BEMA,17,NA
29,3,2023,4,D6,HOMA,22,NA
29,3,2023,4,D6,CHFU,0,NA
29,3,2023,4,D6,MESU,1,NA
29,3,2023,4,D6,MEEL,0,NA
29,3,2023,4,D6,SOAS,4,NA
29,3,2023,4,D6,LEMA,0,NA
29,3,2023,4,D6,POMA,0,NA
29,3,2023,4,D6,PLCO,0,NA
29,3,2023,4,D6,SCLA,0,NA
29,3,2023,4,D6,PAIN,12,NA
29,3,2023,4,D6,SPRU,0,NA
29,3,2023,4,D6,ANAR,0,NA
29,3,2023,4,E1,BEMA,18,NA
29,3,2023,4,E1,HOMA,7,NA
29,3,2023,4,E1,CHFU,15,NA
29,3,2023,4,E1,MESU,2,NA
29,3,2023,4,E1,MEEL,0,NA
29,3,2023,4,E1,SOAS,5,NA
29,3,2023,4,E1,LEMA,10,NA
29,3,2023,4,E1,POMA,3,NA
29,3,2023,4,E1,PLCO,3,NA
29,3,2023,4,E1,SCLA,0,NA
29,3,2023,4,E1,PAIN,1,NA
29,3,2023,4,E1,SPRU,0,NA
29,3,2023,4,E1,ANAR,0,NA
29,3,2023,4,E2,BEMA,8,NA
29,3,2023,4,E2,HOMA,4,NA
29,3,2023,4,E2,CHFU,0,NA
29,3,2023,4,E2,MESU,1,NA
29,3,2023,4,E2,MEEL,4,NA
29,3,2023,4,E2,SOAS,3,NA
29,3,2023,4,E2,LEMA,9,NA
29,3,2023,4,E2,POMA,10,NA
29,3,2023,4,E2,PLCO,9,NA
29,3,2023,4,E2,SCLA,0,NA
29,3,2023,4,E2,PAIN,0,NA
29,3,2023,4,E2,SPRU,0,NA
29,3,2023,4,E2,ANAR,0,NA
29,3,2023,4,E3,BEMA,22,NA
29,3,2023,4,E3,HOMA,18,NA
29,3,2023,4,E3,CHFU,3,NA
29,3,2023,4,E3,MESU,5,NA
29,3,2023,4,E3,MEEL,0,NA
29,3,2023,4,E3,SOAS,5,NA
29,3,2023,4,E3,LEMA,12,NA
29,3,2023,4,E3,POMA,6,NA
29,3,2023,4,E3,PLCO,3,NA
29,3,2023,4,E3,SCLA,3,NA
29,3,2023,4,E3,PAIN,0,NA
29,3,2023,4,E3,SPRU,0,NA
29,3,2023,4,E3,ANAR,0,NA
29,3,2023,4,E4,BEMA,14,NA
29,3,2023,4,E4,HOMA,12,NA
29,3,2023,4,E4,CHFU,0,NA
29,3,2023,4,E4,MESU,0,NA
29,3,2023,4,E4,MEEL,2,NA
29,3,2023,4,E4,SOAS,4,NA
29,3,2023,4,E4,LEMA,14,NA
29,3,2023,4,E4,POMA,3,NA
29,3,2023,4,E4,PLCO,1,NA
29,3,2023,4,E4,SCLA,1,NA
29,3,2023,4,E4,PAIN,0,NA
29,3,2023,4,E4,SPRU,0,NA
29,3,2023,4,E4,ANAR,0,NA
29,3,2023,4,E5,BEMA,33,NA
29,3,2023,4,E5,HOMA,17,NA
29,3,2023,4,E5,CHFU,0,NA
29,3,2023,4,E5,MESU,2,NA
29,3,2023,4,E5,MEEL,0,NA
29,3,2023,4,E5,SOAS,4,NA
29,3,2023,4,E5,LEMA,2,NA
29,3,2023,4,E5,POMA,0,NA
29,3,2023,4,E5,PLCO,3,NA
29,3,2023,4,E5,SCLA,1,NA
29,3,2023,4,E5,PAIN,0,NA
29,3,2023,4,E5,SPRU,0,NA
29,3,2023,4,E5,ANAR,0,NA
29,3,2023,4,E6,BEMA,6,NA
29,3,2023,4,E6,HOMA,12,NA
29,3,2023,4,E6,CHFU,0,NA
29,3,2023,4,E6,MESU,1,NA
29,3,2023,4,E6,MEEL,0,NA
29,3,2023,4,E6,SOAS,1,NA
29,3,2023,4,E6,LEMA,0,NA
29,3,2023,4,E6,POMA,0,NA
29,3,2023,4,E6,PLCO,2,NA
29,3,2023,4,E6,SCLA,0,NA
29,3,2023,4,E6,PAIN,0,NA
29,3,2023,4,E6,SPRU,0,NA
29,3,2023,4,E6,ANAR,0,NA
29,3,2023,4,F1,BEMA,11,NA
29,3,2023,4,F1,HOMA,13,NA
29,3,2023,4,F1,CHFU,22,NA
29,3,2023,4,F1,MESU,0,NA
29,3,2023,4,F1,MEEL,9,NA
29,3,2023,4,F1,SOAS,8,NA
29,3,2023,4,F1,LEMA,25,NA
29,3,2023,4,F1,POMA,11,NA
29,3,2023,4,F1,PLCO,0,NA
29,3,2023,4,F1,SCLA,2,NA
29,3,2023,4,F1,PAIN,0,NA
29,3,2023,4,F1,SPRU,0,NA
29,3,2023,4,F1,ANAR,0,NA
29,3,2023,4,F2,BEMA,17,NA
29,3,2023,4,F2,HOMA,3,NA
29,3,2023,4,F2,CHFU,16,NA
29,3,2023,4,F2,MESU,60,NA
29,3,2023,4,F2,MEEL,0,NA
29,3,2023,4,F2,SOAS,0,NA
29,3,2023,4,F2,LEMA,24,NA
29,3,2023,4,F2,POMA,0,NA
29,3,2023,4,F2,PLCO,4,NA
29,3,2023,4,F2,SCLA,0,NA
29,3,2023,4,F2,PAIN,0,NA
29,3,2023,4,F2,SPRU,0,NA
29,3,2023,4,F2,ANAR,0,NA
29,3,2023,4,F3,BEMA,9,NA
29,3,2023,4,F3,HOMA,10,NA
29,3,2023,4,F3,CHFU,3,NA
29,3,2023,4,F3,MESU,0,NA
29,3,2023,4,F3,MEEL,0,NA
29,3,2023,4,F3,SOAS,2,NA
29,3,2023,4,F3,LEMA,5,NA
29,3,2023,4,F3,POMA,0,NA
29,3,2023,4,F3,PLCO,1,NA
29,3,2023,4,F3,SCLA,0,NA
29,3,2023,4,F3,PAIN,0,NA
29,3,2023,4,F3,SPRU,0,NA
29,3,2023,4,F3,ANAR,0,NA
29,3,2023,4,F4,BEMA,7,NA
29,3,2023,4,F4,HOMA,15,NA
29,3,2023,4,F4,CHFU,3,NA
29,3,2023,4,F4,MESU,0,NA
29,3,2023,4,F4,MEEL,0,NA
29,3,2023,4,F4,SOAS,4,NA
29,3,2023,4,F4,LEMA,4,NA
29,3,2023,4,F4,POMA,0,NA
29,3,2023,4,F4,PLCO,1,NA
29,3,2023,4,F4,SCLA,0,NA
29,3,2023,4,F4,PAIN,0,NA
29,3,2023,4,F4,SPRU,0,NA
29,3,2023,4,F4,ANAR,0,NA
29,3,2023,4,F5,BEMA,25,NA
29,3,2023,4,F5,HOMA,14,NA
29,3,2023,4,F5,CHFU,2,NA
29,3,2023,4,F5,MESU,0,NA
29,3,2023,4,F5,MEEL,0,NA
29,3,2023,4,F5,SOAS,8,NA
29,3,2023,4,F5,LEMA,12,NA
29,3,2023,4,F5,POMA,0,NA
29,3,2023,4,F5,PLCO,2,NA
29,3,2023,4,F5,SCLA,2,NA
29,3,2023,4,F5,PAIN,0,NA
29,3,2023,4,F5,SPRU,1,NA
29,3,2023,4,F5,ANAR,3,NA
29,3,2023,4,F6,BEMA,26,NA
29,3,2023,4,F6,HOMA,14,NA
29,3,2023,4,F6,CHFU,2,NA
29,3,2023,4,F6,MESU,0,NA
29,3,2023,4,F6,MEEL,0,NA
29,3,2023,4,F6,SOAS,4,NA
29,3,2023,4,F6,LEMA,5,NA
29,3,2023,4,F6,POMA,4,NA
29,3,2023,4,F6,PLCO,4,NA
29,3,2023,4,F6,SCLA,0,NA
29,3,2023,4,F6,PAIN,0,NA
29,3,2023,4,F6,SPRU,1,NA
29,3,2023,4,F6,ANAR,1,NA
29,3,2023,5,A1,BEMA,17,NA
29,3,2023,5,A1,HOMA,10,NA
29,3,2023,5,A1,CHFU,0,NA
29,3,2023,5,A1,SOAS,7,NA
29,3,2023,5,A1,LEMA,0,NA
29,3,2023,5,A1,POMA,6,NA
29,3,2023,5,A1,PLCO,1,NA
29,3,2023,5,A1,SCLA,0,NA
29,3,2023,5,A1,PAIN,11,NA
29,3,2023,5,A1,MEEL,0,NA
29,3,2023,5,A1,MESU,0,NA
29,3,2023,5,A2,BEMA,23,NA
29,3,2023,5,A2,HOMA,8,NA
29,3,2023,5,A2,CHFU,0,NA
29,3,2023,5,A2,SOAS,0,NA
29,3,2023,5,A2,LEMA,0,NA
29,3,2023,5,A2,POMA,3,NA
29,3,2023,5,A2,PLCO,0,NA
29,3,2023,5,A2,SCLA,0,NA
29,3,2023,5,A2,PAIN,12,NA
29,3,2023,5,A2,MEEL,0,NA
29,3,2023,5,A2,MESU,0,NA
29,3,2023,5,A3,BEMA,42,NA
29,3,2023,5,A3,HOMA,12,NA
29,3,2023,5,A3,CHFU,0,NA
29,3,2023,5,A3,SOAS,3,NA
29,3,2023,5,A3,LEMA,0,NA
29,3,2023,5,A3,POMA,8,NA
29,3,2023,5,A3,PLCO,0,NA
29,3,2023,5,A3,SCLA,0,NA
29,3,2023,5,A3,PAIN,15,NA
29,3,2023,5,A3,MEEL,0,NA
29,3,2023,5,A3,MESU,0,NA
29,3,2023,5,A4,BEMA,7,NA
29,3,2023,5,A4,HOMA,4,NA
29,3,2023,5,A4,CHFU,0,NA
29,3,2023,5,A4,SOAS,8,NA
29,3,2023,5,A4,LEMA,0,NA
29,3,2023,5,A4,POMA,16,NA
29,3,2023,5,A4,PLCO,0,NA
29,3,2023,5,A4,SCLA,0,NA
29,3,2023,5,A4,PAIN,19,NA
29,3,2023,5,A4,MEEL,0,NA
29,3,2023,5,A4,MESU,0,NA
29,3,2023,5,A5,BEMA,19,NA
29,3,2023,5,A5,HOMA,17,NA
29,3,2023,5,A5,CHFU,0,NA
29,3,2023,5,A5,SOAS,2,NA
29,3,2023,5,A5,LEMA,0,NA
29,3,2023,5,A5,POMA,0,NA
29,3,2023,5,A5,PLCO,0,NA
29,3,2023,5,A5,SCLA,0,NA
29,3,2023,5,A5,PAIN,6,NA
29,3,2023,5,A5,MEEL,0,NA
29,3,2023,5,A5,MESU,0,NA
29,3,2023,5,A6,BEMA,41,NA
29,3,2023,5,A6,HOMA,18,NA
29,3,2023,5,A6,CHFU,0,NA
29,3,2023,5,A6,SOAS,0,NA
29,3,2023,5,A6,LEMA,0,NA
29,3,2023,5,A6,POMA,3,NA
29,3,2023,5,A6,PLCO,0,NA
29,3,2023,5,A6,SCLA,0,NA
29,3,2023,5,A6,PAIN,4,NA
29,3,2023,5,A6,MEEL,0,NA
29,3,2023,5,A6,MESU,0,NA
29,3,2023,5,B1,BEMA,12,NA
29,3,2023,5,B1,HOMA,8,NA
29,3,2023,5,B1,CHFU,0,NA
29,3,2023,5,B1,SOAS,1,NA
29,3,2023,5,B1,LEMA,2,NA
29,3,2023,5,B1,POMA,5,NA
29,3,2023,5,B1,PLCO,0,NA
29,3,2023,5,B1,SCLA,0,NA
29,3,2023,5,B1,PAIN,19,NA
29,3,2023,5,B1,MEEL,0,NA
29,3,2023,5,B1,MESU,0,NA
29,3,2023,5,B2,BEMA,18,NA
29,3,2023,5,B2,HOMA,10,NA
29,3,2023,5,B2,CHFU,0,NA
29,3,2023,5,B2,SOAS,2,NA
29,3,2023,5,B2,LEMA,0,NA
29,3,2023,5,B2,POMA,11,NA
29,3,2023,5,B2,PLCO,0,NA
29,3,2023,5,B2,SCLA,0,NA
29,3,2023,5,B2,PAIN,16,NA
29,3,2023,5,B2,MEEL,0,NA
29,3,2023,5,B2,MESU,0,NA
29,3,2023,5,B3,BEMA,10,NA
29,3,2023,5,B3,HOMA,3,NA
29,3,2023,5,B3,CHFU,0,NA
29,3,2023,5,B3,SOAS,2,NA
29,3,2023,5,B3,LEMA,0,NA
29,3,2023,5,B3,POMA,4,NA
29,3,2023,5,B3,PLCO,0,NA
29,3,2023,5,B3,SCLA,0,NA
29,3,2023,5,B3,PAIN,11,NA
29,3,2023,5,B3,MEEL,0,NA
29,3,2023,5,B3,MESU,0,NA
29,3,2023,5,B4,BEMA,18,NA
29,3,2023,5,B4,HOMA,7,NA
29,3,2023,5,B4,CHFU,0,NA
29,3,2023,5,B4,SOAS,0,NA
29,3,2023,5,B4,LEMA,0,NA
29,3,2023,5,B4,POMA,3,NA
29,3,2023,5,B4,PLCO,0,NA
29,3,2023,5,B4,SCLA,0,NA
29,3,2023,5,B4,PAIN,6,NA
29,3,2023,5,B4,MEEL,0,NA
29,3,2023,5,B4,MESU,0,NA
29,3,2023,5,B5,BEMA,39,NA
29,3,2023,5,B5,HOMA,9,NA
29,3,2023,5,B5,CHFU,0,NA
29,3,2023,5,B5,SOAS,0,NA
29,3,2023,5,B5,LEMA,0,NA
29,3,2023,5,B5,POMA,1,NA
29,3,2023,5,B5,PLCO,0,NA
29,3,2023,5,B5,SCLA,1,NA
29,3,2023,5,B5,PAIN,0,NA
29,3,2023,5,B5,MEEL,0,NA
29,3,2023,5,B5,MESU,0,NA
29,3,2023,5,B6,BEMA,70,NA
29,3,2023,5,B6,HOMA,13,NA
29,3,2023,5,B6,CHFU,0,NA
29,3,2023,5,B6,SOAS,0,NA
29,3,2023,5,B6,LEMA,0,NA
29,3,2023,5,B6,POMA,2,NA
29,3,2023,5,B6,PLCO,0,NA
29,3,2023,5,B6,SCLA,1,NA
29,3,2023,5,B6,PAIN,3,NA
29,3,2023,5,B6,MEEL,0,NA
29,3,2023,5,B6,MESU,0,NA
29,3,2023,5,C1,BEMA,61,NA
29,3,2023,5,C1,HOMA,16,NA
29,3,2023,5,C1,CHFU,0,NA
29,3,2023,5,C1,SOAS,2,NA
29,3,2023,5,C1,LEMA,1,NA
29,3,2023,5,C1,POMA,7,NA
29,3,2023,5,C1,PLCO,0,NA
29,3,2023,5,C1,SCLA,1,NA
29,3,2023,5,C1,PAIN,1,NA
29,3,2023,5,C1,MEEL,0,NA
29,3,2023,5,C1,MESU,0,NA
29,3,2023,5,C2,BEMA,11,NA
29,3,2023,5,C2,HOMA,3,NA
29,3,2023,5,C2,CHFU,0,NA
29,3,2023,5,C2,SOAS,3,NA
29,3,2023,5,C2,LEMA,2,NA
29,3,2023,5,C2,POMA,8,NA
29,3,2023,5,C2,PLCO,0,NA
29,3,2023,5,C2,SCLA,0,NA
29,3,2023,5,C2,PAIN,2,NA
29,3,2023,5,C2,MEEL,0,NA
29,3,2023,5,C2,MESU,0,NA
29,3,2023,5,C3,BEMA,21,NA
29,3,2023,5,C3,HOMA,8,NA
29,3,2023,5,C3,CHFU,2,NA
29,3,2023,5,C3,SOAS,3,NA
29,3,2023,5,C3,LEMA,0,NA
29,3,2023,5,C3,POMA,4,NA
29,3,2023,5,C3,PLCO,0,NA
29,3,2023,5,C3,SCLA,0,NA
29,3,2023,5,C3,PAIN,5,NA
29,3,2023,5,C3,MEEL,0,NA
29,3,2023,5,C3,MESU,2,NA
29,3,2023,5,C4,BEMA,36,NA
29,3,2023,5,C4,HOMA,6,NA
29,3,2023,5,C4,CHFU,0,NA
29,3,2023,5,C4,SOAS,0,NA
29,3,2023,5,C4,LEMA,0,NA
29,3,2023,5,C4,POMA,0,NA
29,3,2023,5,C4,PLCO,0,NA
29,3,2023,5,C4,SCLA,0,NA
29,3,2023,5,C4,PAIN,0,NA
29,3,2023,5,C4,MEEL,0,NA
29,3,2023,5,C4,MESU,0,NA
29,3,2023,5,C5,BEMA,39,NA
29,3,2023,5,C5,HOMA,12,NA
29,3,2023,5,C5,CHFU,1,NA
29,3,2023,5,C5,SOAS,1,NA
29,3,2023,5,C5,LEMA,0,NA
29,3,2023,5,C5,POMA,0,NA
29,3,2023,5,C5,PLCO,0,NA
29,3,2023,5,C5,SCLA,0,NA
29,3,2023,5,C5,PAIN,7,NA
29,3,2023,5,C5,MEEL,0,NA
29,3,2023,5,C5,MESU,0,NA
29,3,2023,5,C6,BEMA,34,NA
29,3,2023,5,C6,HOMA,5,NA
29,3,2023,5,C6,CHFU,0,NA
29,3,2023,5,C6,SOAS,2,NA
29,3,2023,5,C6,LEMA,0,NA
29,3,2023,5,C6,POMA,0,NA
29,3,2023,5,C6,PLCO,0,NA
29,3,2023,5,C6,SCLA,0,NA
29,3,2023,5,C6,PAIN,0,NA
29,3,2023,5,C6,MEEL,4,NA
29,3,2023,5,C6,MESU,0,NA
29,3,2023,5,D1,BEMA,18,NA
29,3,2023,5,D1,HOMA,9,NA
29,3,2023,5,D1,CHFU,2,NA
29,3,2023,5,D1,SOAS,3,NA
29,3,2023,5,D1,LEMA,0,NA
29,3,2023,5,D1,POMA,4,NA
29,3,2023,5,D1,PLCO,0,NA
29,3,2023,5,D1,SCLA,0,NA
29,3,2023,5,D1,PAIN,6,NA
29,3,2023,5,D1,MEEL,3,NA
29,3,2023,5,D1,MESU,1,NA
29,3,2023,5,D2,BEMA,21,NA
29,3,2023,5,D2,HOMA,12,NA
29,3,2023,5,D2,CHFU,1,NA
29,3,2023,5,D2,SOAS,6,NA
29,3,2023,5,D2,LEMA,0,NA
29,3,2023,5,D2,POMA,2,NA
29,3,2023,5,D2,PLCO,0,NA
29,3,2023,5,D2,SCLA,1,NA
29,3,2023,5,D2,PAIN,8,NA
29,3,2023,5,D2,MEEL,1,NA
29,3,2023,5,D2,MESU,1,NA
29,3,2023,5,D3,BEMA,36,NA
29,3,2023,5,D3,HOMA,7,NA
29,3,2023,5,D3,CHFU,2,NA
29,3,2023,5,D3,SOAS,4,NA
29,3,2023,5,D3,LEMA,0,NA
29,3,2023,5,D3,POMA,8,NA
29,3,2023,5,D3,PLCO,0,NA
29,3,2023,5,D3,SCLA,0,NA
29,3,2023,5,D3,PAIN,3,NA
29,3,2023,5,D3,MEEL,1,NA
29,3,2023,5,D3,MESU,0,NA
29,3,2023,5,D4,BEMA,20,NA
29,3,2023,5,D4,HOMA,16,NA
29,3,2023,5,D4,CHFU,0,NA
29,3,2023,5,D4,SOAS,2,NA
29,3,2023,5,D4,LEMA,1,NA
29,3,2023,5,D4,POMA,3,NA
29,3,2023,5,D4,PLCO,0,NA
29,3,2023,5,D4,SCLA,0,NA
29,3,2023,5,D4,PAIN,0,NA
29,3,2023,5,D4,MEEL,3,NA
29,3,2023,5,D4,MESU,1,NA
29,3,2023,5,D5,BEMA,42,NA
29,3,2023,5,D5,HOMA,8,NA
29,3,2023,5,D5,CHFU,0,NA
29,3,2023,5,D5,SOAS,1,NA
29,3,2023,5,D5,LEMA,0,NA
29,3,2023,5,D5,POMA,4,NA
29,3,2023,5,D5,PLCO,0,NA
29,3,2023,5,D5,SCLA,0,NA
29,3,2023,5,D5,PAIN,0,NA
29,3,2023,5,D5,MEEL,0,NA
29,3,2023,5,D5,MESU,0,NA
29,3,2023,5,D6,BEMA,17,NA
29,3,2023,5,D6,HOMA,11,NA
29,3,2023,5,D6,CHFU,1,NA
29,3,2023,5,D6,SOAS,3,NA
29,3,2023,5,D6,LEMA,0,NA
29,3,2023,5,D6,POMA,6,NA
29,3,2023,5,D6,PLCO,0,NA
29,3,2023,5,D6,SCLA,0,NA
29,3,2023,5,D6,PAIN,0,NA
29,3,2023,5,D6,MEEL,0,NA
29,3,2023,5,D6,MESU,0,NA
29,3,2023,5,E1,BEMA,14,NA
29,3,2023,5,E1,HOMA,16,NA
29,3,2023,5,E1,CHFU,0,NA
29,3,2023,5,E1,SOAS,2,NA
29,3,2023,5,E1,LEMA,1,NA
29,3,2023,5,E1,POMA,12,NA
29,3,2023,5,E1,PLCO,0,NA
29,3,2023,5,E1,SCLA,0,NA
29,3,2023,5,E1,PAIN,4,NA
29,3,2023,5,E1,MEEL,3,NA
29,3,2023,5,E1,MESU,1,NA
29,3,2023,5,E2,BEMA,8,NA
29,3,2023,5,E2,HOMA,3,NA
29,3,2023,5,E2,CHFU,0,NA
29,3,2023,5,E2,SOAS,5,NA
29,3,2023,5,E2,LEMA,1,NA
29,3,2023,5,E2,POMA,21,NA
29,3,2023,5,E2,PLCO,14,NA
29,3,2023,5,E2,SCLA,0,NA
29,3,2023,5,E2,PAIN,3,NA
29,3,2023,5,E2,MEEL,6,NA
29,3,2023,5,E2,MESU,0,NA
29,3,2023,5,E3,BEMA,21,NA
29,3,2023,5,E3,HOMA,3,NA
29,3,2023,5,E3,CHFU,0,NA
29,3,2023,5,E3,SOAS,1,NA
29,3,2023,5,E3,LEMA,0,NA
29,3,2023,5,E3,POMA,20,NA
29,3,2023,5,E3,PLCO,0,NA
29,3,2023,5,E3,SCLA,0,NA
29,3,2023,5,E3,PAIN,7,NA
29,3,2023,5,E3,MEEL,4,NA
29,3,2023,5,E3,MESU,0,NA
29,3,2023,5,E4,BEMA,14,NA
29,3,2023,5,E4,HOMA,1,NA
29,3,2023,5,E4,CHFU,0,NA
29,3,2023,5,E4,SOAS,0,NA
29,3,2023,5,E4,LEMA,0,NA
29,3,2023,5,E4,POMA,12,NA
29,3,2023,5,E4,PLCO,0,NA
29,3,2023,5,E4,SCLA,0,NA
29,3,2023,5,E4,PAIN,0,NA
29,3,2023,5,E4,MEEL,0,NA
29,3,2023,5,E4,MESU,8,NA
29,3,2023,5,E5,BEMA,17,NA
29,3,2023,5,E5,HOMA,4,NA
29,3,2023,5,E5,CHFU,0,NA
29,3,2023,5,E5,SOAS,1,NA
29,3,2023,5,E5,LEMA,0,NA
29,3,2023,5,E5,POMA,0,NA
29,3,2023,5,E5,PLCO,3,NA
29,3,2023,5,E5,SCLA,0,NA
29,3,2023,5,E5,PAIN,0,NA
29,3,2023,5,E5,MEEL,2,NA
29,3,2023,5,E5,MESU,0,NA
29,3,2023,5,E6,BEMA,21,NA
29,3,2023,5,E6,HOMA,7,NA
29,3,2023,5,E6,CHFU,0,NA
29,3,2023,5,E6,SOAS,1,NA
29,3,2023,5,E6,LEMA,0,NA
29,3,2023,5,E6,POMA,6,NA
29,3,2023,5,E6,PLCO,0,NA
29,3,2023,5,E6,SCLA,0,NA
29,3,2023,5,E6,PAIN,0,NA
29,3,2023,5,E6,MEEL,0,NA
29,3,2023,5,E6,MESU,0,NA
29,3,2023,5,F1,BEMA,19,NA
29,3,2023,5,F1,HOMA,13,NA
29,3,2023,5,F1,CHFU,3,NA
29,3,2023,5,F1,SOAS,2,NA
29,3,2023,5,F1,LEMA,1,NA
29,3,2023,5,F1,POMA,9,NA
29,3,2023,5,F1,PLCO,1,NA
29,3,2023,5,F1,SCLA,0,NA
29,3,2023,5,F1,PAIN,8,NA
29,3,2023,5,F1,MEEL,4,NA
29,3,2023,5,F1,MESU,2,NA
29,3,2023,5,F2,BEMA,20,NA
29,3,2023,5,F2,HOMA,4,NA
29,3,2023,5,F2,CHFU,0,NA
29,3,2023,5,F2,SOAS,2,NA
29,3,2023,5,F2,LEMA,0,NA
29,3,2023,5,F2,POMA,0,NA
29,3,2023,5,F2,PLCO,0,NA
29,3,2023,5,F2,SCLA,0,NA
29,3,2023,5,F2,PAIN,0,NA
29,3,2023,5,F2,MEEL,0,NA
29,3,2023,5,F2,MESU,0,NA
29,3,2023,5,F3,BEMA,10,NA
29,3,2023,5,F3,HOMA,0,NA
29,3,2023,5,F3,CHFU,0,NA
29,3,2023,5,F3,SOAS,7,NA
29,3,2023,5,F3,LEMA,3,NA
29,3,2023,5,F3,POMA,6,NA
29,3,2023,5,F3,PLCO,0,NA
29,3,2023,5,F3,SCLA,0,NA
29,3,2023,5,F3,PAIN,0,NA
29,3,2023,5,F3,MEEL,0,NA
29,3,2023,5,F3,MESU,0,NA
29,3,2023,5,F4,BEMA,3,NA
29,3,2023,5,F4,HOMA,3,NA
29,3,2023,5,F4,CHFU,0,NA
29,3,2023,5,F4,SOAS,4,NA
29,3,2023,5,F4,LEMA,1,NA
29,3,2023,5,F4,POMA,8,NA
29,3,2023,5,F4,PLCO,0,NA
29,3,2023,5,F4,SCLA,0,NA
29,3,2023,5,F4,PAIN,3,NA
29,3,2023,5,F4,MEEL,4,NA
29,3,2023,5,F4,MESU,1,NA
29,3,2023,5,F5,BEMA,5,NA
29,3,2023,5,F5,HOMA,18,NA
29,3,2023,5,F5,CHFU,0,NA
29,3,2023,5,F5,SOAS,0,NA
29,3,2023,5,F5,LEMA,1,NA
29,3,2023,5,F5,POMA,0,NA
29,3,2023,5,F5,PLCO,0,NA
29,3,2023,5,F5,SCLA,0,NA
29,3,2023,5,F5,PAIN,0,NA
29,3,2023,5,F5,MEEL,0,NA
29,3,2023,5,F5,MESU,0,NA
29,3,2023,5,F6,BEMA,8,NA
29,3,2023,5,F6,HOMA,14,NA
29,3,2023,5,F6,CHFU,0,NA
29,3,2023,5,F6,SOAS,4,NA
29,3,2023,5,F6,LEMA,3,NA
29,3,2023,5,F6,POMA,5,NA
29,3,2023,5,F6,PLCO,0,NA
29,3,2023,5,F6,SCLA,1,NA
29,3,2023,5,F6,PAIN,0,NA
29,3,2023,5,F6,MEEL,0,NA
29,3,2023,5,F6,MESU,0,NA
29,3,2023,6,A1,BEMA,46,NA
29,3,2023,6,A1,HOMA,12,NA
29,3,2023,6,A1,POMA,4,NA
29,3,2023,6,A1,PLCO,1,NA
29,3,2023,6,A1,PAIN,3,NA
29,3,2023,6,A1,LEMA,0,NA
29,3,2023,6,A1,SOAS,2,NA
29,3,2023,6,A1,ANAR,1,NA
29,3,2023,6,A1,CHFU,0,NA
29,3,2023,6,A1,MEEL,0,NA
29,3,2023,6,A1,SCLA,0,NA
29,3,2023,6,A1,MESU,0,NA
29,3,2023,6,A1,POMO,0,NA
29,3,2023,6,A1,SPRU,0,NA
29,3,2023,6,A2,BEMA,45,NA
29,3,2023,6,A2,HOMA,13,NA
29,3,2023,6,A2,POMA,6,NA
29,3,2023,6,A2,PLCO,2,NA
29,3,2023,6,A2,PAIN,3,NA
29,3,2023,6,A2,LEMA,0,NA
29,3,2023,6,A2,SOAS,1,NA
29,3,2023,6,A2,ANAR,3,NA
29,3,2023,6,A2,CHFU,0,NA
29,3,2023,6,A2,MEEL,0,NA
29,3,2023,6,A2,SCLA,0,NA
29,3,2023,6,A2,MESU,0,NA
29,3,2023,6,A2,POMO,0,NA
29,3,2023,6,A2,SPRU,0,NA
29,3,2023,6,A3,BEMA,17,NA
29,3,2023,6,A3,HOMA,4,NA
29,3,2023,6,A3,POMA,2,NA
29,3,2023,6,A3,PLCO,3,NA
29,3,2023,6,A3,PAIN,4,NA
29,3,2023,6,A3,LEMA,0,NA
29,3,2023,6,A3,SOAS,0,NA
29,3,2023,6,A3,ANAR,1,NA
29,3,2023,6,A3,CHFU,3,NA
29,3,2023,6,A3,MEEL,3,NA
29,3,2023,6,A3,SCLA,0,NA
29,3,2023,6,A3,MESU,0,NA
29,3,2023,6,A3,POMO,0,NA
29,3,2023,6,A3,SPRU,0,NA
29,3,2023,6,A4,BEMA,46,NA
29,3,2023,6,A4,HOMA,8,NA
29,3,2023,6,A4,POMA,6,NA
29,3,2023,6,A4,PLCO,9,NA
29,3,2023,6,A4,PAIN,2,NA
29,3,2023,6,A4,LEMA,0,NA
29,3,2023,6,A4,SOAS,3,NA
29,3,2023,6,A4,ANAR,4,NA
29,3,2023,6,A4,CHFU,0,NA
29,3,2023,6,A4,MEEL,4,NA
29,3,2023,6,A4,SCLA,0,NA
29,3,2023,6,A4,MESU,0,NA
29,3,2023,6,A4,POMO,0,NA
29,3,2023,6,A4,SPRU,0,NA
29,3,2023,6,A5,BEMA,68,NA
29,3,2023,6,A5,HOMA,26,NA
29,3,2023,6,A5,POMA,3,NA
29,3,2023,6,A5,PLCO,0,NA
29,3,2023,6,A5,PAIN,0,NA
29,3,2023,6,A5,LEMA,0,NA
29,3,2023,6,A5,SOAS,0,NA
29,3,2023,6,A5,ANAR,0,NA
29,3,2023,6,A5,CHFU,0,NA
29,3,2023,6,A5,MEEL,0,NA
29,3,2023,6,A5,SCLA,0,NA
29,3,2023,6,A5,MESU,0,NA
29,3,2023,6,A5,POMO,0,NA
29,3,2023,6,A5,SPRU,0,NA
29,3,2023,6,A6,BEMA,73,NA
29,3,2023,6,A6,HOMA,4,NA
29,3,2023,6,A6,POMA,0,NA
29,3,2023,6,A6,PLCO,0,NA
29,3,2023,6,A6,PAIN,6,NA
29,3,2023,6,A6,LEMA,0,NA
29,3,2023,6,A6,SOAS,4,NA
29,3,2023,6,A6,ANAR,0,NA
29,3,2023,6,A6,CHFU,1,NA
29,3,2023,6,A6,MEEL,0,NA
29,3,2023,6,A6,SCLA,0,NA
29,3,2023,6,A6,MESU,0,NA
29,3,2023,6,A6,POMO,0,NA
29,3,2023,6,A6,SPRU,0,NA
29,3,2023,6,B1,BEMA,28,NA
29,3,2023,6,B1,HOMA,2,NA
29,3,2023,6,B1,POMA,3,NA
29,3,2023,6,B1,PLCO,0,NA
29,3,2023,6,B1,PAIN,4,NA
29,3,2023,6,B1,LEMA,0,NA
29,3,2023,6,B1,SOAS,1,NA
29,3,2023,6,B1,ANAR,5,NA
29,3,2023,6,B1,CHFU,0,NA
29,3,2023,6,B1,MEEL,0,NA
29,3,2023,6,B1,SCLA,0,NA
29,3,2023,6,B1,MESU,0,NA
29,3,2023,6,B1,POMO,0,NA
29,3,2023,6,B1,SPRU,0,NA
29,3,2023,6,B2,BEMA,31,NA
29,3,2023,6,B2,HOMA,3,NA
29,3,2023,6,B2,POMA,6,NA
29,3,2023,6,B2,PLCO,0,NA
29,3,2023,6,B2,PAIN,10,NA
29,3,2023,6,B2,LEMA,0,NA
29,3,2023,6,B2,SOAS,0,NA
29,3,2023,6,B2,ANAR,0,NA
29,3,2023,6,B2,CHFU,0,NA
29,3,2023,6,B2,MEEL,2,NA
29,3,2023,6,B2,SCLA,0,NA
29,3,2023,6,B2,MESU,0,NA
29,3,2023,6,B2,POMO,0,NA
29,3,2023,6,B2,SPRU,0,NA
29,3,2023,6,B3,BEMA,42,NA
29,3,2023,6,B3,HOMA,18,NA
29,3,2023,6,B3,POMA,3,NA
29,3,2023,6,B3,PLCO,4,NA
29,3,2023,6,B3,PAIN,6,NA
29,3,2023,6,B3,LEMA,0,NA
29,3,2023,6,B3,SOAS,1,NA
29,3,2023,6,B3,ANAR,0,NA
29,3,2023,6,B3,CHFU,1,NA
29,3,2023,6,B3,MEEL,2,NA
29,3,2023,6,B3,SCLA,0,NA
29,3,2023,6,B3,MESU,0,NA
29,3,2023,6,B3,POMO,0,NA
29,3,2023,6,B3,SPRU,0,NA
29,3,2023,6,B4,BEMA,71,NA
29,3,2023,6,B4,HOMA,3,NA
29,3,2023,6,B4,POMA,8,NA
29,3,2023,6,B4,PLCO,2,NA
29,3,2023,6,B4,PAIN,2,NA
29,3,2023,6,B4,LEMA,0,NA
29,3,2023,6,B4,SOAS,3,NA
29,3,2023,6,B4,ANAR,0,NA
29,3,2023,6,B4,CHFU,1,NA
29,3,2023,6,B4,MEEL,4,NA
29,3,2023,6,B4,SCLA,0,NA
29,3,2023,6,B4,MESU,0,NA
29,3,2023,6,B4,POMO,0,NA
29,3,2023,6,B4,SPRU,0,NA
29,3,2023,6,B5,BEMA,36,NA
29,3,2023,6,B5,HOMA,3,NA
29,3,2023,6,B5,POMA,0,NA
29,3,2023,6,B5,PLCO,2,NA
29,3,2023,6,B5,PAIN,15,NA
29,3,2023,6,B5,LEMA,0,NA
29,3,2023,6,B5,SOAS,0,NA
29,3,2023,6,B5,ANAR,0,NA
29,3,2023,6,B5,CHFU,6,NA
29,3,2023,6,B5,MEEL,2,NA
29,3,2023,6,B5,SCLA,0,NA
29,3,2023,6,B5,MESU,0,NA
29,3,2023,6,B5,POMO,0,NA
29,3,2023,6,B5,SPRU,0,NA
29,3,2023,6,B6,BEMA,31,NA
29,3,2023,6,B6,HOMA,5,NA
29,3,2023,6,B6,POMA,1,NA
29,3,2023,6,B6,PLCO,2,NA
29,3,2023,6,B6,PAIN,13,NA
29,3,2023,6,B6,LEMA,0,NA
29,3,2023,6,B6,SOAS,0,NA
29,3,2023,6,B6,ANAR,0,NA
29,3,2023,6,B6,CHFU,1,NA
29,3,2023,6,B6,MEEL,10,NA
29,3,2023,6,B6,SCLA,0,NA
29,3,2023,6,B6,MESU,0,NA
29,3,2023,6,B6,POMO,0,NA
29,3,2023,6,B6,SPRU,0,NA
29,3,2023,6,C1,BEMA,20,NA
29,3,2023,6,C1,HOMA,3,NA
29,3,2023,6,C1,POMA,4,NA
29,3,2023,6,C1,PLCO,2,NA
29,3,2023,6,C1,PAIN,0,NA
29,3,2023,6,C1,LEMA,0,NA
29,3,2023,6,C1,SOAS,0,NA
29,3,2023,6,C1,ANAR,1,NA
29,3,2023,6,C1,CHFU,0,NA
29,3,2023,6,C1,MEEL,0,NA
29,3,2023,6,C1,SCLA,0,NA
29,3,2023,6,C1,MESU,0,NA
29,3,2023,6,C1,POMO,0,NA
29,3,2023,6,C1,SPRU,0,NA
29,3,2023,6,C2,BEMA,44,NA
29,3,2023,6,C2,HOMA,2,NA
29,3,2023,6,C2,POMA,6,NA
29,3,2023,6,C2,PLCO,1,NA
29,3,2023,6,C2,PAIN,1,NA
29,3,2023,6,C2,LEMA,0,NA
29,3,2023,6,C2,SOAS,3,NA
29,3,2023,6,C2,ANAR,1,NA
29,3,2023,6,C2,CHFU,0,NA
29,3,2023,6,C2,MEEL,2,NA
29,3,2023,6,C2,SCLA,0,NA
29,3,2023,6,C2,MESU,0,NA
29,3,2023,6,C2,POMO,0,NA
29,3,2023,6,C2,SPRU,0,NA
29,3,2023,6,C3,BEMA,32,NA
29,3,2023,6,C3,HOMA,6,NA
29,3,2023,6,C3,POMA,3,NA
29,3,2023,6,C3,PLCO,3,NA
29,3,2023,6,C3,PAIN,0,NA
29,3,2023,6,C3,LEMA,0,NA
29,3,2023,6,C3,SOAS,2,NA
29,3,2023,6,C3,ANAR,0,NA
29,3,2023,6,C3,CHFU,0,NA
29,3,2023,6,C3,MEEL,10,NA
29,3,2023,6,C3,SCLA,2,NA
29,3,2023,6,C3,MESU,0,NA
29,3,2023,6,C3,POMO,0,NA
29,3,2023,6,C3,SPRU,0,NA
29,3,2023,6,C4,BEMA,48,NA
29,3,2023,6,C4,HOMA,1,NA
29,3,2023,6,C4,POMA,2,NA
29,3,2023,6,C4,PLCO,0,NA
29,3,2023,6,C4,PAIN,0,NA
29,3,2023,6,C4,LEMA,0,NA
29,3,2023,6,C4,SOAS,1,NA
29,3,2023,6,C4,ANAR,0,NA
29,3,2023,6,C4,CHFU,0,NA
29,3,2023,6,C4,MEEL,7,NA
29,3,2023,6,C4,SCLA,1,NA
29,3,2023,6,C4,MESU,2,NA
29,3,2023,6,C4,POMO,0,NA
29,3,2023,6,C4,SPRU,0,NA
29,3,2023,6,C5,BEMA,83,NA
29,3,2023,6,C5,HOMA,0,NA
29,3,2023,6,C5,POMA,8,NA
29,3,2023,6,C5,PLCO,1,NA
29,3,2023,6,C5,PAIN,5,NA
29,3,2023,6,C5,LEMA,1,NA
29,3,2023,6,C5,SOAS,0,NA
29,3,2023,6,C5,ANAR,1,NA
29,3,2023,6,C5,CHFU,0,NA
29,3,2023,6,C5,MEEL,0,NA
29,3,2023,6,C5,SCLA,0,NA
29,3,2023,6,C5,MESU,0,NA
29,3,2023,6,C5,POMO,0,NA
29,3,2023,6,C5,SPRU,0,NA
29,3,2023,6,C6,BEMA,57,NA
29,3,2023,6,C6,HOMA,2,NA
29,3,2023,6,C6,POMA,9,NA
29,3,2023,6,C6,PLCO,0,NA
29,3,2023,6,C6,PAIN,8,NA
29,3,2023,6,C6,LEMA,3,NA
29,3,2023,6,C6,SOAS,3,NA
29,3,2023,6,C6,ANAR,0,NA
29,3,2023,6,C6,CHFU,2,NA
29,3,2023,6,C6,MEEL,0,NA
29,3,2023,6,C6,SCLA,0,NA
29,3,2023,6,C6,MESU,0,NA
29,3,2023,6,C6,POMO,0,NA
29,3,2023,6,C6,SPRU,0,NA
29,3,2023,6,D1,BEMA,55,NA
29,3,2023,6,D1,HOMA,12,NA
29,3,2023,6,D1,POMA,1,NA
29,3,2023,6,D1,PLCO,0,NA
29,3,2023,6,D1,PAIN,0,NA
29,3,2023,6,D1,LEMA,0,NA
29,3,2023,6,D1,SOAS,0,NA
29,3,2023,6,D1,ANAR,2,NA
29,3,2023,6,D1,CHFU,4,NA
29,3,2023,6,D1,MEEL,0,NA
29,3,2023,6,D1,SCLA,1,NA
29,3,2023,6,D1,MESU,0,NA
29,3,2023,6,D1,POMO,4,NA
29,3,2023,6,D1,SPRU,0,NA
29,3,2023,6,D2,BEMA,45,NA
29,3,2023,6,D2,HOMA,12,NA
29,3,2023,6,D2,POMA,2,NA
29,3,2023,6,D2,PLCO,0,NA
29,3,2023,6,D2,PAIN,0,NA
29,3,2023,6,D2,LEMA,0,NA
29,3,2023,6,D2,SOAS,0,NA
29,3,2023,6,D2,ANAR,4,NA
29,3,2023,6,D2,CHFU,0,NA
29,3,2023,6,D2,MEEL,0,NA
29,3,2023,6,D2,SCLA,0,NA
29,3,2023,6,D2,MESU,0,NA
29,3,2023,6,D2,POMO,4,NA
29,3,2023,6,D2,SPRU,0,NA
29,3,2023,6,D3,BEMA,14,NA
29,3,2023,6,D3,HOMA,25,NA
29,3,2023,6,D3,POMA,0,NA
29,3,2023,6,D3,PLCO,0,NA
29,3,2023,6,D3,PAIN,0,NA
29,3,2023,6,D3,LEMA,1,NA
29,3,2023,6,D3,SOAS,1,NA
29,3,2023,6,D3,ANAR,0,NA
29,3,2023,6,D3,CHFU,0,NA
29,3,2023,6,D3,MEEL,0,NA
29,3,2023,6,D3,SCLA,0,NA
29,3,2023,6,D3,MESU,0,NA
29,3,2023,6,D3,POMO,1,NA
29,3,2023,6,D3,SPRU,0,NA
29,3,2023,6,D4,BEMA,65,NA
29,3,2023,6,D4,HOMA,31,NA
29,3,2023,6,D4,POMA,2,NA
29,3,2023,6,D4,PLCO,2,NA
29,3,2023,6,D4,PAIN,0,NA
29,3,2023,6,D4,LEMA,3,NA
29,3,2023,6,D4,SOAS,1,NA
29,3,2023,6,D4,ANAR,0,NA
29,3,2023,6,D4,CHFU,1,NA
29,3,2023,6,D4,MEEL,0,NA
29,3,2023,6,D4,SCLA,0,NA
29,3,2023,6,D4,MESU,0,NA
29,3,2023,6,D4,POMO,10,NA
29,3,2023,6,D4,SPRU,0,NA
29,3,2023,6,D5,BEMA,35,NA
29,3,2023,6,D5,HOMA,27,NA
29,3,2023,6,D5,POMA,3,NA
29,3,2023,6,D5,PLCO,0,NA
29,3,2023,6,D5,PAIN,0,NA
29,3,2023,6,D5,LEMA,0,NA
29,3,2023,6,D5,SOAS,0,NA
29,3,2023,6,D5,ANAR,0,NA
29,3,2023,6,D5,CHFU,0,NA
29,3,2023,6,D5,MEEL,0,NA
29,3,2023,6,D5,SCLA,0,NA
29,3,2023,6,D5,MESU,0,NA
29,3,2023,6,D5,POMO,5,NA
29,3,2023,6,D5,SPRU,0,NA
29,3,2023,6,D6,BEMA,20,NA
29,3,2023,6,D6,HOMA,8,NA
29,3,2023,6,D6,POMA,0,NA
29,3,2023,6,D6,PLCO,0,NA
29,3,2023,6,D6,PAIN,0,NA
29,3,2023,6,D6,LEMA,0,NA
29,3,2023,6,D6,SOAS,0,NA
29,3,2023,6,D6,ANAR,0,NA
29,3,2023,6,D6,CHFU,0,NA
29,3,2023,6,D6,MEEL,0,NA
29,3,2023,6,D6,SCLA,0,NA
29,3,2023,6,D6,MESU,0,NA
29,3,2023,6,D6,POMO,0,NA
29,3,2023,6,D6,SPRU,0,NA
29,3,2023,6,E1,BEMA,31,NA
29,3,2023,6,E1,HOMA,7,NA
29,3,2023,6,E1,POMA,1,NA
29,3,2023,6,E1,PLCO,0,NA
29,3,2023,6,E1,PAIN,0,NA
29,3,2023,6,E1,LEMA,0,NA
29,3,2023,6,E1,SOAS,0,NA
29,3,2023,6,E1,ANAR,0,NA
29,3,2023,6,E1,CHFU,0,NA
29,3,2023,6,E1,MEEL,0,NA
29,3,2023,6,E1,SCLA,1,NA
29,3,2023,6,E1,MESU,0,NA
29,3,2023,6,E1,POMO,2,NA
29,3,2023,6,E1,SPRU,0,NA
29,3,2023,6,E2,BEMA,70,NA
29,3,2023,6,E2,HOMA,15,NA
29,3,2023,6,E2,POMA,3,NA
29,3,2023,6,E2,PLCO,0,NA
29,3,2023,6,E2,PAIN,0,NA
29,3,2023,6,E2,LEMA,0,NA
29,3,2023,6,E2,SOAS,0,NA
29,3,2023,6,E2,ANAR,0,NA
29,3,2023,6,E2,CHFU,0,NA
29,3,2023,6,E2,MEEL,0,NA
29,3,2023,6,E2,SCLA,1,NA
29,3,2023,6,E2,MESU,0,NA
29,3,2023,6,E2,POMO,11,NA
29,3,2023,6,E2,SPRU,0,NA
29,3,2023,6,E3,BEMA,45,NA
29,3,2023,6,E3,HOMA,19,NA
29,3,2023,6,E3,POMA,3,NA
29,3,2023,6,E3,PLCO,1,NA
29,3,2023,6,E3,PAIN,0,NA
29,3,2023,6,E3,LEMA,1,NA
29,3,2023,6,E3,SOAS,1,NA
29,3,2023,6,E3,ANAR,0,NA
29,3,2023,6,E3,CHFU,2,NA
29,3,2023,6,E3,MEEL,0,NA
29,3,2023,6,E3,SCLA,0,NA
29,3,2023,6,E3,MESU,4,NA
29,3,2023,6,E3,POMO,16,NA
29,3,2023,6,E3,SPRU,0,NA
29,3,2023,6,E4,BEMA,60,NA
29,3,2023,6,E4,HOMA,14,NA
29,3,2023,6,E4,POMA,15,NA
29,3,2023,6,E4,PLCO,2,NA
29,3,2023,6,E4,PAIN,0,NA
29,3,2023,6,E4,LEMA,0,NA
29,3,2023,6,E4,SOAS,4,NA
29,3,2023,6,E4,ANAR,0,NA
29,3,2023,6,E4,CHFU,1,NA
29,3,2023,6,E4,MEEL,8,NA
29,3,2023,6,E4,SCLA,0,NA
29,3,2023,6,E4,MESU,0,NA
29,3,2023,6,E4,POMO,6,NA
29,3,2023,6,E4,SPRU,0,NA
29,3,2023,6,E5,BEMA,75,NA
29,3,2023,6,E5,HOMA,26,NA
29,3,2023,6,E5,POMA,6,NA
29,3,2023,6,E5,PLCO,0,NA
29,3,2023,6,E5,PAIN,0,NA
29,3,2023,6,E5,LEMA,0,NA
29,3,2023,6,E5,SOAS,2,NA
29,3,2023,6,E5,ANAR,0,NA
29,3,2023,6,E5,CHFU,0,NA
29,3,2023,6,E5,MEEL,0,NA
29,3,2023,6,E5,SCLA,0,NA
29,3,2023,6,E5,MESU,0,NA
29,3,2023,6,E5,POMO,25,NA
29,3,2023,6,E5,SPRU,4,NA
29,3,2023,6,E6,BEMA,16,NA
29,3,2023,6,E6,HOMA,7,NA
29,3,2023,6,E6,POMA,0,NA
29,3,2023,6,E6,PLCO,1,NA
29,3,2023,6,E6,PAIN,0,NA
29,3,2023,6,E6,LEMA,0,NA
29,3,2023,6,E6,SOAS,0,NA
29,3,2023,6,E6,ANAR,0,NA
29,3,2023,6,E6,CHFU,0,NA
29,3,2023,6,E6,MEEL,0,NA
29,3,2023,6,E6,SCLA,0,NA
29,3,2023,6,E6,MESU,0,NA
29,3,2023,6,E6,POMO,2,NA
29,3,2023,6,E6,SPRU,0,NA
29,3,2023,6,F1,BEMA,7,NA
29,3,2023,6,F1,HOMA,28,NA
29,3,2023,6,F1,POMA,5,NA
29,3,2023,6,F1,PLCO,0,NA
29,3,2023,6,F1,PAIN,0,NA
29,3,2023,6,F1,LEMA,0,NA
29,3,2023,6,F1,SOAS,0,NA
29,3,2023,6,F1,ANAR,0,NA
29,3,2023,6,F1,CHFU,0,NA
29,3,2023,6,F1,MEEL,0,NA
29,3,2023,6,F1,SCLA,0,NA
29,3,2023,6,F1,MESU,0,NA
29,3,2023,6,F1,POMO,3,NA
29,3,2023,6,F1,SPRU,0,NA
29,3,2023,6,F2,BEMA,45,NA
29,3,2023,6,F2,HOMA,30,NA
29,3,2023,6,F2,POMA,3,NA
29,3,2023,6,F2,PLCO,0,NA
29,3,2023,6,F2,PAIN,0,NA
29,3,2023,6,F2,LEMA,0,NA
29,3,2023,6,F2,SOAS,2,NA
29,3,2023,6,F2,ANAR,0,NA
29,3,2023,6,F2,CHFU,3,NA
29,3,2023,6,F2,MEEL,0,NA
29,3,2023,6,F2,SCLA,0,NA
29,3,2023,6,F2,MESU,0,NA
29,3,2023,6,F2,POMO,10,NA
29,3,2023,6,F2,SPRU,2,NA
29,3,2023,6,F3,BEMA,8,NA
29,3,2023,6,F3,HOMA,12,NA
29,3,2023,6,F3,POMA,1,NA
29,3,2023,6,F3,PLCO,0,NA
29,3,2023,6,F3,PAIN,0,NA
29,3,2023,6,F3,LEMA,0,NA
29,3,2023,6,F3,SOAS,0,NA
29,3,2023,6,F3,ANAR,0,NA
29,3,2023,6,F3,CHFU,0,NA
29,3,2023,6,F3,MEEL,0,NA
29,3,2023,6,F3,SCLA,0,NA
29,3,2023,6,F3,MESU,0,NA
29,3,2023,6,F3,POMO,7,NA
29,3,2023,6,F3,SPRU,0,NA
29,3,2023,6,F4,BEMA,70,NA
29,3,2023,6,F4,HOMA,7,NA
29,3,2023,6,F4,POMA,8,NA
29,3,2023,6,F4,PLCO,4,NA
29,3,2023,6,F4,PAIN,0,NA
29,3,2023,6,F4,LEMA,1,NA
29,3,2023,6,F4,SOAS,4,NA
29,3,2023,6,F4,ANAR,0,NA
29,3,2023,6,F4,CHFU,0,NA
29,3,2023,6,F4,MEEL,0,NA
29,3,2023,6,F4,SCLA,4,NA
29,3,2023,6,F4,MESU,0,NA
29,3,2023,6,F4,POMO,16,NA
29,3,2023,6,F4,SPRU,0,NA
29,3,2023,6,F5,BEMA,12,NA
29,3,2023,6,F5,HOMA,6,NA
29,3,2023,6,F5,POMA,5,NA
29,3,2023,6,F5,PLCO,0,NA
29,3,2023,6,F5,PAIN,0,NA
29,3,2023,6,F5,LEMA,0,NA
29,3,2023,6,F5,SOAS,0,NA
29,3,2023,6,F5,ANAR,0,NA
29,3,2023,6,F5,CHFU,0,NA
29,3,2023,6,F5,MEEL,0,NA
29,3,2023,6,F5,SCLA,0,NA
29,3,2023,6,F5,MESU,0,NA
29,3,2023,6,F5,POMO,7,NA
29,3,2023,6,F5,SPRU,0,NA
29,3,2023,6,F6,BEMA,55,NA
29,3,2023,6,F6,HOMA,5,NA
29,3,2023,6,F6,POMA,3,NA
29,3,2023,6,F6,PLCO,0,NA
29,3,2023,6,F6,PAIN,0,NA
29,3,2023,6,F6,LEMA,14,NA
29,3,2023,6,F6,SOAS,2,NA
29,3,2023,6,F6,ANAR,0,NA
29,3,2023,6,F6,CHFU,1,NA
29,3,2023,6,F6,MEEL,0,NA
29,3,2023,6,F6,SCLA,1,NA
29,3,2023,6,F6,MESU,0,NA
29,3,2023,6,F6,POMO,4,NA
29,3,2023,6,F6,SPRU,0,NA
