year,focal,seeds.fruit,plot,subplot,fruits.panicle
2015,BEMA,4,NA,NA,NA
2015,CETE,146,NA,NA,NA
2015,CHFU,63,NA,NA,NA
2015,CHMI,47,NA,NA,NA
2015,COSQ,4,NA,NA,NA
2015,FRPU,80,NA,NA,NA
2015,HOMA,15,NA,NA,NA
2015,LEMA,55,NA,NA,NA
2015,LYTR,41,NA,NA,NA
2015,MEEL,1,NA,NA,NA
2015,MEPO,4,NA,NA,NA
2015,MESU,2,NA,NA,NA
2015,PAIN,23,NA,NA,NA
2015,PLCO,34,NA,NA,NA
2015,POMA,140,NA,NA,NA
2015,POMO,77,NA,NA,NA
2015,PUPA,68,NA,NA,NA
2015,RAPE,8,NA,NA,NA
2015,SASO,2,NA,NA,NA
2015,SCLA,38,NA,NA,NA
2015,SOAS,29,NA,NA,NA
2015,SPRU,47,NA,NA,NA
2015,SUSP,4,NA,NA,NA
2015,CRCR,8,NA,NA,NA
2016,BEMA,4,NA,NA,NA
2016,CETE,338,NA,NA,NA
2016,CHFU,84,NA,NA,NA
2016,CHMI,55,NA,NA,NA
2016,FRPU,52,NA,NA,NA
2016,HOMA,12,NA,NA,NA
2016,LEMA,48,NA,NA,NA
2016,MEEL,1,NA,NA,NA
2016,MESU,2,NA,NA,NA
2016,PAIN,1,NA,NA,NA
2016,PLCO,22,NA,NA,NA
2016,POMA,86,NA,NA,NA
2016,POMO,61,NA,NA,NA
2016,PUPA,90,NA,NA,NA
2016,SASO,2,NA,NA,NA
2016,SCLA,24,NA,NA,NA
2016,SOAS,45,NA,NA,NA
2016,SPRU,84,NA,NA,NA
2016,SUSP,4,NA,NA,NA
2019,CHFU,76,1,A1,1
2019,CHFU,76,1,A2,1
2019,CHFU,152,1,A3,2
2019,CHFU,152,1,A5,2
2019,CHFU,152,1,B1,2
2019,CHFU,152,1,B2,2
2019,CHFU,380,1,B3,5
2019,CHFU,532,1,B4,7
2019,CHFU,76,1,B5,1
2019,CHFU,76,1,C1,1
2019,CHFU,76,1,C2,1
2019,CHFU,228,1,C3,3
2019,CHFU,76,1,C4,1
2019,CHFU,152,1,C5,2
2019,CHFU,152,1,C6,2
2019,CHFU,228,1,D1,3
2019,CHFU,228,1,D2,3
2019,CHFU,228,1,D3,3
2019,CHFU,76,1,D4,1
2019,CHFU,152,1,D5,2
2019,CHFU,152,1,D6,2
2019,CHFU,152,1,E1,2
2019,CHFU,76,1,E2,1
2019,CHFU,152,1,E3,2
2019,CHFU,76,1,E4,1
2019,CHFU,684,1,E5,9
2019,CHFU,228,1,E6,3
2019,CHFU,76,1,F1,1
2019,CHFU,76,1,F2,1
2019,CHFU,76,1,F3,1
2019,CHFU,152,1,F4,2
2019,CHFU,152,1,F5,2
2019,CHFU,380,1,F6,5
2019,CHFU,76,2,A1,1
2019,CHFU,380,2,A2,5
2019,CHFU,152,2,A3,2
2019,CHFU,304,2,A4,4
2019,CHFU,380,2,A5,5
2019,CHFU,228,2,A6,3
2019,CHFU,152,2,B1,2
2019,CHFU,152,2,B2,2
2019,CHFU,380,2,B3,5
2019,CHFU,76,2,B4,1
2019,CHFU,456,2,C1,6
2019,CHFU,152,2,C2,2
2019,CHFU,228,2,C3,3
2019,CHFU,152,2,C4,2
2019,CHFU,228,2,D1,3
2019,CHFU,152,2,D2,2
2019,CHFU,152,2,D3,2
2019,CHFU,304,2,D4,4
2019,CHFU,76,2,E1,1
2019,CHFU,228,2,E2,3
2019,CHFU,152,2,E3,2
2019,CHFU,228,2,E4,3
2019,CHFU,152,2,E6,2
2019,CHFU,76,2,F1,1
2019,CHFU,152,2,F2,2
2019,CHFU,152,2,F3,2
2019,CHFU,380,2,F4,5
2019,CHFU,304,2,F5,4
2019,CHFU,76,2,F6,1
2019,CHFU,304,3,A1,4
2019,CHFU,456,3,A2,6
2019,CHFU,532,3,A3,7
2019,CHFU,152,3,A4,2
2019,CHFU,76,3,A6,1
2019,CHFU,152,3,B1,2
2019,CHFU,152,3,B2,2
2019,CHFU,76,3,B3,1
2019,CHFU,76,3,B4,1
2019,CHFU,76,3,B5,1
2019,CHFU,152,3,B6,2
2019,CHFU,76,3,C3,1
2019,CHFU,76,3,C4,1
2019,CHFU,152,3,C5,2
2019,CHFU,152,3,C6,2
2019,CHFU,76,3,D2,1
2019,CHFU,76,3,D4,1
2019,CHFU,76,3,D5,1
2019,CHFU,76,3,E1,1
2019,CHFU,76,3,E2,1
2019,CHFU,76,3,E3,1
2019,CHFU,76,3,E4,1
2019,CHFU,76,3,F1,1
2019,CHFU,152,3,F2,2
2019,CHFU,304,3,F4,4
2019,CHFU,152,3,F5,2
2019,CHFU,76,3,F6,1
2019,CHFU,152,4,A1,2
2019,CHFU,380,4,A2,5
2019,CHFU,152,4,A3,2
2019,CHFU,760,4,A4,10
2019,CHFU,380,4,A5,5
2019,CHFU,228,4,A6,3
2019,CHFU,76,4,B1,1
2019,CHFU,532,4,B2,7
2019,CHFU,684,4,B3,9
2019,CHFU,76,4,B4,1
2019,CHFU,532,4,B5,7
2019,CHFU,380,4,B6,5
2019,CHFU,532,4,C1,7
2019,CHFU,380,4,C2,5
2019,CHFU,912,4,C3,12
2019,CHFU,760,4,C4,10
2019,CHFU,152,4,C5,2
2019,CHFU,228,4,C6,3
2019,CHFU,456,4,D1,6
2019,CHFU,152,4,D2,2
2019,CHFU,228,4,D3,3
2019,CHFU,152,4,D4,2
2019,CHFU,152,4,D5,2
2019,CHFU,380,4,D6,5
2019,CHFU,380,4,E1,5
2019,CHFU,532,4,E2,7
2019,CHFU,304,4,E3,4
2019,CHFU,152,4,E4,2
2019,CHFU,684,4,E5,9
2019,CHFU,456,4,E6,6
2019,CHFU,380,4,F1,5
2019,CHFU,152,4,F2,2
2019,CHFU,152,4,F3,2
2019,CHFU,228,4,F4,3
2019,CHFU,152,4,F5,2
2019,CHFU,304,4,F6,4
2019,CHFU,684,5,A1,9
2019,CHFU,1064,5,A2,14
2019,CHFU,228,5,A3,3
2019,CHFU,836,5,A4,11
2019,CHFU,152,5,A5,2
2019,CHFU,228,5,A6,3
2019,CHFU,608,5,B1,8
2019,CHFU,836,5,B2,11
2019,CHFU,228,5,B3,3
2019,CHFU,304,5,B4,4
2019,CHFU,532,5,B5,7
2019,CHFU,380,5,B6,5
2019,CHFU,988,5,C1,13
2019,CHFU,684,5,C2,9
2019,CHFU,380,5,C3,5
2019,CHFU,76,5,C4,1
2019,CHFU,152,5,C5,2
2019,CHFU,228,5,C6,3
2019,CHFU,456,5,D1,6
2019,CHFU,1140,5,D2,15
2019,CHFU,228,5,D3,3
2019,CHFU,532,5,D4,7
2019,CHFU,304,5,D5,4
2019,CHFU,76,5,D6,1
2019,CHFU,684,5,E1,9
2019,CHFU,380,5,E2,5
2019,CHFU,532,5,E3,7
2019,CHFU,532,5,E4,7
2019,CHFU,304,5,E5,4
2019,CHFU,76,5,E6,1
2019,CHFU,304,5,F1,4
2019,CHFU,684,5,F2,9
2019,CHFU,380,5,F3,5
2019,CHFU,836,5,F4,11
2019,CHFU,380,5,F5,5
2019,CHFU,304,6,A1,4
2019,CHFU,228,6,A2,3
2019,CHFU,228,6,A3,3
2019,CHFU,152,6,A4,2
2019,CHFU,228,6,A5,3
2019,CHFU,152,6,A6,2
2019,CHFU,304,6,B1,4
2019,CHFU,152,6,B2,2
2019,CHFU,228,6,B3,3
2019,CHFU,152,6,B4,2
2019,CHFU,228,6,B5,3
2019,CHFU,380,6,B6,5
2019,CHFU,456,6,C1,6
2019,CHFU,152,6,C2,2
2019,CHFU,228,6,C3,3
2019,CHFU,380,6,C4,5
2019,CHFU,304,6,C5,4
2019,CHFU,228,6,C6,3
2019,CHFU,228,6,D1,3
2019,CHFU,532,6,D2,7
2019,CHFU,1292,6,D3,17
2019,CHFU,608,6,D4,8
2019,CHFU,380,6,D5,5
2019,CHFU,228,6,D6,3
2019,CHFU,380,6,E1,5
2019,CHFU,380,6,E2,5
2019,CHFU,228,6,E3,3
2019,CHFU,760,6,E4,10
2019,CHFU,152,6,E5,2
2019,CHFU,152,6,E6,2
2019,CHFU,532,6,F1,7
2019,CHFU,456,6,F2,6
2019,CHFU,152,6,F3,2
2019,CHFU,228,6,F4,3
2019,CHFU,228,6,F5,3
2019,CHFU,152,6,F6,2
2019,CHFU,456,7,A1,6
2019,CHFU,608,7,A2,8
2019,CHFU,304,7,A3,4
2019,CHFU,304,7,A4,4
2019,CHFU,456,7,A5,6
2019,CHFU,456,7,A6,6
2019,CHFU,1140,7,B1,15
2019,CHFU,608,7,B2,8
2019,CHFU,912,7,B4,12
2019,CHFU,684,7,B5,9
2019,CHFU,456,7,B6,6
2019,CHFU,456,7,C1,6
2019,CHFU,380,7,C2,5
2019,CHFU,1064,7,C3,14
2019,CHFU,304,7,C4,4
2019,CHFU,304,7,C5,4
2019,CHFU,684,7,C6,9
2019,CHFU,608,7,D1,8
2019,CHFU,532,7,D3,7
2019,CHFU,760,7,D4,10
2019,CHFU,912,7,D5,12
2019,CHFU,608,7,D6,8
2019,CHFU,76,7,E1,1
2019,CHFU,228,7,E2,3
2019,CHFU,380,7,E3,5
2019,CHFU,532,7,E4,7
2019,CHFU,684,7,E5,9
2019,CHFU,152,7,E6,2
2019,CHFU,1140,7,F3,15
2019,CHFU,608,7,F4,8
2019,CHFU,988,7,F5,13
2019,CHFU,760,7,F6,10
2019,CHFU,684,8,A1,9
2019,CHFU,760,8,A2,10
2019,CHFU,1140,8,A3,15
2019,CHFU,532,8,A4,7
2019,CHFU,532,8,A5,7
2019,CHFU,760,8,A6,10
2019,CHFU,532,8,B1,7
2019,CHFU,608,8,B2,8
2019,CHFU,760,8,B3,10
2019,CHFU,836,8,B4,11
2019,CHFU,228,8,B5,3
2019,CHFU,304,8,B6,4
2019,CHFU,456,8,C1,6
2019,CHFU,608,8,C2,8
2019,CHFU,532,8,C3,7
2019,CHFU,608,8,C4,8
2019,CHFU,912,8,C5,12
2019,CHFU,608,8,C6,8
2019,CHFU,532,8,D1,7
2019,CHFU,380,8,D2,5
2019,CHFU,380,8,D3,5
2019,CHFU,304,8,D4,4
2019,CHFU,228,8,D5,3
2019,CHFU,380,8,D6,5
2019,CHFU,608,8,E1,8
2019,CHFU,836,8,E2,11
2019,CHFU,532,8,E3,7
2019,CHFU,532,8,E4,7
2019,CHFU,456,8,E5,6
2019,CHFU,304,8,E6,4
2019,CHFU,304,8,F1,4
2019,CHFU,760,8,F2,10
2019,CHFU,608,8,F3,8
2019,CHFU,836,8,F4,11
2019,CHFU,1140,8,F5,15
2019,CHFU,684,8,F6,9
2019,CHFU,152,9,A1,2
2019,CHFU,380,9,A2,5
2019,CHFU,152,9,A3,2
2019,CHFU,152,9,A4,2
2019,CHFU,152,9,A5,2
2019,CHFU,304,9,A6,4
2019,CHFU,152,9,B1,2
2019,CHFU,152,9,B2,2
2019,CHFU,152,9,B3,2
2019,CHFU,76,9,B4,1
2019,CHFU,228,9,B5,3
2019,CHFU,152,9,B6,2
2019,CHFU,76,9,C1,1
2019,CHFU,152,9,C2,2
2019,CHFU,152,9,C3,2
2019,CHFU,152,9,C4,2
2019,CHFU,228,9,C5,3
2019,CHFU,76,9,C6,1
2019,CHFU,304,9,D1,4
2019,CHFU,152,9,D2,2
2019,CHFU,228,9,D3,3
2019,CHFU,304,9,D4,4
2019,CHFU,228,9,D5,3
2019,CHFU,152,9,D6,2
2019,CHFU,152,9,E1,2
2019,CHFU,152,9,E2,2
2019,CHFU,228,9,E3,3
2019,CHFU,228,9,E4,3
2019,CHFU,152,9,E5,2
2019,CHFU,304,9,E6,4
2019,CHFU,152,9,F1,2
2019,CHFU,228,9,F2,3
2019,CHFU,152,9,F3,2
2019,CHFU,304,9,F4,4
2019,CHFU,228,9,F5,3
2019,CHFU,456,9,F6,6
2019,HOMA,23,1,A1,1
2019,HOMA,23,1,A2,1
2019,HOMA,23,1,A3,1
2019,HOMA,23,1,A4,1
2019,HOMA,23,1,A5,1
2019,HOMA,23,1,A6,1
2019,HOMA,23,1,B1,1
2019,HOMA,23,1,B2,1
2019,HOMA,23,1,B3,1
2019,HOMA,23,1,B4,1
2019,HOMA,23,1,B5,1
2019,HOMA,23,1,B6,1
2019,HOMA,23,1,C1,1
2019,HOMA,23,1,C2,1
2019,HOMA,23,1,C3,1
2019,HOMA,23,1,C4,1
2019,HOMA,23,1,C5,1
2019,HOMA,23,1,C6,1
2019,HOMA,23,1,D1,1
2019,HOMA,23,1,D2,1
2019,HOMA,23,1,D3,1
2019,HOMA,23,1,D4,1
2019,HOMA,23,1,D5,1
2019,HOMA,23,1,D6,1
2019,HOMA,23,1,E1,1
2019,HOMA,23,1,E2,1
2019,HOMA,23,1,E3,1
2019,HOMA,23,1,E4,1
2019,HOMA,23,1,E5,1
2019,HOMA,23,1,E6,1
2019,HOMA,23,1,F1,1
2019,HOMA,23,1,F2,1
2019,HOMA,23,1,F3,1
2019,HOMA,23,1,F4,1
2019,HOMA,23,1,F5,1
2019,HOMA,23,1,F6,1
2019,HOMA,23,2,A1,1
2019,HOMA,23,2,A2,1
2019,HOMA,23,2,A3,1
2019,HOMA,23,2,A4,1
2019,HOMA,23,2,A5,1
2019,HOMA,23,2,A6,1
2019,HOMA,23,2,B1,1
2019,HOMA,23,2,B2,1
2019,HOMA,23,2,B3,1
2019,HOMA,23,2,B4,1
2019,HOMA,23,2,B5,1
2019,HOMA,23,2,B6,1
2019,HOMA,23,2,C1,1
2019,HOMA,23,2,C2,1
2019,HOMA,23,2,C3,1
2019,HOMA,23,2,C4,1
2019,HOMA,23,2,C5,1
2019,HOMA,23,2,C6,1
2019,HOMA,23,2,D1,1
2019,HOMA,23,2,D2,1
2019,HOMA,23,2,D3,1
2019,HOMA,23,2,D4,1
2019,HOMA,23,2,D5,1
2019,HOMA,23,2,D6,1
2019,HOMA,23,2,E1,1
2019,HOMA,23,2,E2,1
2019,HOMA,23,2,E3,1
2019,HOMA,23,2,E4,1
2019,HOMA,23,2,E5,1
2019,HOMA,23,2,E6,1
2019,HOMA,23,2,F1,1
2019,HOMA,23,2,F2,1
2019,HOMA,23,2,F3,1
2019,HOMA,23,2,F4,1
2019,HOMA,23,2,F5,1
2019,HOMA,23,2,F6,1
2019,HOMA,23,3,A1,1
2019,HOMA,23,3,A2,1
2019,HOMA,23,3,A3,1
2019,HOMA,23,3,A4,1
2019,HOMA,23,3,A5,1
2019,HOMA,23,3,A6,1
2019,HOMA,23,3,B1,1
2019,HOMA,23,3,B2,1
2019,HOMA,23,3,B3,1
2019,HOMA,23,3,B4,1
2019,HOMA,23,3,B5,1
2019,HOMA,23,3,B6,1
2019,HOMA,23,3,C1,1
2019,HOMA,23,3,C2,1
2019,HOMA,23,3,C3,1
2019,HOMA,23,3,C4,1
2019,HOMA,23,3,C5,1
2019,HOMA,23,3,C6,1
2019,HOMA,23,3,D1,1
2019,HOMA,23,3,D2,1
2019,HOMA,23,3,D3,1
2019,HOMA,23,3,D4,1
2019,HOMA,23,3,D5,1
2019,HOMA,23,3,D6,1
2019,HOMA,23,3,E1,1
2019,HOMA,23,3,E2,1
2019,HOMA,23,3,E3,1
2019,HOMA,23,3,E4,1
2019,HOMA,23,3,E5,1
2019,HOMA,23,3,E6,1
2019,HOMA,23,3,F1,1
2019,HOMA,23,3,F2,1
2019,HOMA,23,3,F3,1
2019,HOMA,23,3,F4,1
2019,HOMA,23,3,F5,1
2019,HOMA,23,3,F6,1
2019,HOMA,23,4,A1,1
2019,HOMA,23,4,A2,1
2019,HOMA,23,4,A3,1
2019,HOMA,23,4,A4,1
2019,HOMA,23,4,A5,1
2019,HOMA,23,4,A6,1
2019,HOMA,23,4,B1,1
2019,HOMA,23,4,B2,1
2019,HOMA,23,4,B3,1
2019,HOMA,23,4,B4,1
2019,HOMA,23,4,B5,1
2019,HOMA,23,4,B6,1
2019,HOMA,23,4,C1,1
2019,HOMA,23,4,C2,1
2019,HOMA,23,4,C3,1
2019,HOMA,23,4,C4,1
2019,HOMA,23,4,C5,1
2019,HOMA,23,4,C6,1
2019,HOMA,23,4,D1,1
2019,HOMA,23,4,D2,1
2019,HOMA,23,4,D3,1
2019,HOMA,23,4,D4,1
2019,HOMA,23,4,D5,1
2019,HOMA,23,4,D6,1
2019,HOMA,23,4,E1,1
2019,HOMA,23,4,E2,1
2019,HOMA,23,4,E3,1
2019,HOMA,23,4,E4,1
2019,HOMA,23,4,E5,1
2019,HOMA,23,4,E6,1
2019,HOMA,23,4,F1,1
2019,HOMA,23,4,F2,1
2019,HOMA,23,4,F3,1
2019,HOMA,23,4,F4,1
2019,HOMA,23,4,F5,1
2019,HOMA,23,4,F6,1
2019,HOMA,23,5,A1,1
2019,HOMA,23,5,A2,1
2019,HOMA,23,5,A3,1
2019,HOMA,23,5,A4,1
2019,HOMA,23,5,A5,1
2019,HOMA,23,5,A6,1
2019,HOMA,23,5,B1,1
2019,HOMA,23,5,B2,1
2019,HOMA,23,5,B3,1
2019,HOMA,23,5,B4,1
2019,HOMA,23,5,B5,1
2019,HOMA,23,5,B6,1
2019,HOMA,23,5,C1,1
2019,HOMA,23,5,C2,1
2019,HOMA,23,5,C3,1
2019,HOMA,23,5,C4,1
2019,HOMA,23,5,C5,1
2019,HOMA,23,5,C6,1
2019,HOMA,23,5,D1,1
2019,HOMA,23,5,D2,1
2019,HOMA,23,5,D3,1
2019,HOMA,23,5,D4,1
2019,HOMA,23,5,D5,1
2019,HOMA,23,5,D6,1
2019,HOMA,23,5,E1,1
2019,HOMA,23,5,E2,1
2019,HOMA,23,5,E3,1
2019,HOMA,23,5,E4,1
2019,HOMA,23,5,E5,1
2019,HOMA,23,5,E6,1
2019,HOMA,23,5,F1,1
2019,HOMA,23,5,F2,1
2019,HOMA,23,5,F3,1
2019,HOMA,23,5,F4,1
2019,HOMA,23,5,F5,1
2019,HOMA,23,5,F6,1
2019,HOMA,23,6,A1,1
2019,HOMA,23,6,A2,1
2019,HOMA,23,6,A3,1
2019,HOMA,23,6,A4,1
2019,HOMA,23,6,A5,1
2019,HOMA,23,6,A6,1
2019,HOMA,23,6,B1,1
2019,HOMA,23,6,B2,1
2019,HOMA,23,6,B3,1
2019,HOMA,23,6,B4,1
2019,HOMA,23,6,B5,1
2019,HOMA,23,6,B6,1
2019,HOMA,23,6,C1,1
2019,HOMA,23,6,C2,1
2019,HOMA,23,6,C3,1
2019,HOMA,23,6,C4,1
2019,HOMA,23,6,C5,1
2019,HOMA,23,6,C6,1
2019,HOMA,23,6,D1,1
2019,HOMA,23,6,D2,1
2019,HOMA,23,6,D3,1
2019,HOMA,23,6,D4,1
2019,HOMA,23,6,D5,1
2019,HOMA,23,6,D6,1
2019,HOMA,23,6,E1,1
2019,HOMA,23,6,E2,1
2019,HOMA,23,6,E3,1
2019,HOMA,23,6,E4,1
2019,HOMA,23,6,E5,1
2019,HOMA,23,6,E6,1
2019,HOMA,23,6,F1,1
2019,HOMA,23,6,F2,1
2019,HOMA,23,6,F3,1
2019,HOMA,23,6,F4,1
2019,HOMA,23,6,F5,1
2019,HOMA,23,6,F6,1
2019,HOMA,23,7,A2,1
2019,HOMA,23,7,B6,1
2019,HOMA,23,7,E6,1
2019,HOMA,23,8,C2,1
2019,HOMA,23,8,C6,1
2019,HOMA,23,8,D3,1
2019,HOMA,23,8,D4,1
2019,HOMA,23,8,E2,1
2019,HOMA,23,8,E4,1
2019,HOMA,23,8,F3,1
2019,HOMA,23,8,F4,1
2019,HOMA,23,9,B1,1
2019,HOMA,23,9,C1,1
2019,HOMA,23,9,C2,1
2019,HOMA,23,9,C3,1
2019,HOMA,23,9,D1,1
2019,HOMA,23,9,D2,1
2019,HOMA,23,9,D3,1
2019,HOMA,23,9,D4,1
2019,HOMA,23,9,E1,1
2019,HOMA,23,9,E2,1
2019,HOMA,23,9,E3,1
2019,HOMA,23,9,E4,1
2019,HOMA,23,9,E5,1
2019,HOMA,23,9,E6,1
2019,HOMA,23,9,F1,1
2019,HOMA,23,9,F2,1
2019,HOMA,23,9,F3,1
2019,HOMA,23,9,F4,1
2019,HOMA,23,9,F5,1
2019,HOMA,23,9,F6,1
2019,LEMA,192,1,A1,3
2019,LEMA,128,1,A2,2
2019,LEMA,128,1,A3,2
2019,LEMA,128,1,A4,2
2019,LEMA,256,1,A5,4
2019,LEMA,128,1,A6,2
2019,LEMA,128,1,B1,2
2019,LEMA,128,1,B2,2
2019,LEMA,128,1,B3,2
2019,LEMA,192,1,B4,3
2019,LEMA,384,1,B5,6
2019,LEMA,192,1,B6,3
2019,LEMA,128,1,C1,2
2019,LEMA,128,1,C2,2
2019,LEMA,128,1,C3,2
2019,LEMA,128,1,C4,2
2019,LEMA,64,1,C5,1
2019,LEMA,128,1,C6,2
2019,LEMA,192,1,D1,3
2019,LEMA,192,1,D2,3
2019,LEMA,128,1,D3,2
2019,LEMA,192,1,D4,3
2019,LEMA,128,1,D5,2
2019,LEMA,128,1,D6,2
2019,LEMA,192,1,E1,3
2019,LEMA,256,1,E2,4
2019,LEMA,192,1,E3,3
2019,LEMA,256,1,E4,4
2019,LEMA,192,1,E5,3
2019,LEMA,256,1,E6,4
2019,LEMA,128,1,F1,2
2019,LEMA,128,1,F2,2
2019,LEMA,128,1,F3,2
2019,LEMA,192,1,F4,3
2019,LEMA,256,1,F5,4
2019,LEMA,192,1,F6,3
2019,LEMA,128,2,A1,2
2019,LEMA,192,2,A2,3
2019,LEMA,64,2,A3,1
2019,LEMA,192,2,A4,3
2019,LEMA,192,2,A5,3
2019,LEMA,320,2,A6,5
2019,LEMA,192,2,B1,3
2019,LEMA,128,2,B2,2
2019,LEMA,128,2,B3,2
2019,LEMA,192,2,B4,3
2019,LEMA,192,2,B5,3
2019,LEMA,256,2,B6,4
2019,LEMA,320,2,C1,5
2019,LEMA,256,2,C2,4
2019,LEMA,384,2,C3,6
2019,LEMA,192,2,C4,3
2019,LEMA,512,2,C5,8
2019,LEMA,384,2,C6,6
2019,LEMA,384,2,D1,6
2019,LEMA,192,2,D2,3
2019,LEMA,192,2,D3,3
2019,LEMA,128,2,D4,2
2019,LEMA,192,2,D5,3
2019,LEMA,384,2,D6,6
2019,LEMA,192,2,E1,3
2019,LEMA,256,2,E2,4
2019,LEMA,128,2,E3,2
2019,LEMA,128,2,E4,2
2019,LEMA,128,2,E5,2
2019,LEMA,384,2,E6,6
2019,LEMA,192,2,F1,3
2019,LEMA,128,2,F2,2
2019,LEMA,256,2,F3,4
2019,LEMA,384,2,F4,6
2019,LEMA,256,2,F5,4
2019,LEMA,256,2,F6,4
2019,LEMA,128,3,A1,2
2019,LEMA,128,3,A2,2
2019,LEMA,128,3,A3,2
2019,LEMA,64,3,A4,1
2019,LEMA,64,3,A5,1
2019,LEMA,64,3,A6,1
2019,LEMA,128,3,B1,2
2019,LEMA,64,3,B2,1
2019,LEMA,64,3,B3,1
2019,LEMA,64,3,B4,1
2019,LEMA,128,3,B5,2
2019,LEMA,64,3,B6,1
2019,LEMA,64,3,C1,1
2019,LEMA,64,3,C2,1
2019,LEMA,64,3,C3,1
2019,LEMA,64,3,C4,1
2019,LEMA,64,3,C5,1
2019,LEMA,64,3,C6,1
2019,LEMA,64,3,D1,1
2019,LEMA,64,3,D2,1
2019,LEMA,64,3,D3,1
2019,LEMA,64,3,D4,1
2019,LEMA,64,3,D5,1
2019,LEMA,64,3,D6,1
2019,LEMA,64,3,E1,1
2019,LEMA,64,3,E2,1
2019,LEMA,128,3,E3,2
2019,LEMA,128,3,E4,2
2019,LEMA,128,3,E5,2
2019,LEMA,128,3,E6,2
2019,LEMA,128,3,F1,2
2019,LEMA,128,3,F2,2
2019,LEMA,64,3,F3,1
2019,LEMA,192,3,F4,3
2019,LEMA,128,3,F5,2
2019,LEMA,128,3,F6,2
2019,LEMA,128,4,A1,2
2019,LEMA,192,4,A2,3
2019,LEMA,448,4,A3,7
2019,LEMA,192,4,A4,3
2019,LEMA,192,4,A5,3
2019,LEMA,128,4,A6,2
2019,LEMA,192,4,B1,3
2019,LEMA,448,4,B2,7
2019,LEMA,384,4,B3,6
2019,LEMA,576,4,B4,9
2019,LEMA,192,4,B5,3
2019,LEMA,192,4,C1,3
2019,LEMA,448,4,C2,7
2019,LEMA,448,4,C3,7
2019,LEMA,128,4,C4,2
2019,LEMA,128,4,C5,2
2019,LEMA,192,4,C6,3
2019,LEMA,128,4,D1,2
2019,LEMA,64,4,D2,1
2019,LEMA,128,4,D3,2
2019,LEMA,256,4,D4,4
2019,LEMA,192,4,D5,3
2019,LEMA,320,4,E1,5
2019,LEMA,256,4,E2,4
2019,LEMA,768,4,E3,12
2019,LEMA,192,4,E4,3
2019,LEMA,256,4,E5,4
2019,LEMA,192,4,E6,3
2019,LEMA,896,4,F1,14
2019,LEMA,128,4,F2,2
2019,LEMA,384,4,F3,6
2019,LEMA,192,4,F4,3
2019,LEMA,192,4,F5,3
2019,LEMA,576,4,F6,9
2019,LEMA,128,5,A1,2
2019,LEMA,128,5,A2,2
2019,LEMA,320,5,A3,5
2019,LEMA,384,5,A4,6
2019,LEMA,192,5,A5,3
2019,LEMA,192,5,A6,3
2019,LEMA,192,5,B1,3
2019,LEMA,256,5,B2,4
2019,LEMA,192,5,B3,3
2019,LEMA,256,5,B4,4
2019,LEMA,128,5,B5,2
2019,LEMA,192,5,B6,3
2019,LEMA,192,5,C1,3
2019,LEMA,256,5,C2,4
2019,LEMA,192,5,C3,3
2019,LEMA,128,5,C4,2
2019,LEMA,128,5,C5,2
2019,LEMA,192,5,C6,3
2019,LEMA,192,5,D1,3
2019,LEMA,896,5,D2,14
2019,LEMA,128,5,D3,2
2019,LEMA,320,5,D4,5
2019,LEMA,128,5,D5,2
2019,LEMA,320,5,D6,5
2019,LEMA,704,5,E1,11
2019,LEMA,512,5,E2,8
2019,LEMA,320,5,E3,5
2019,LEMA,320,5,E4,5
2019,LEMA,384,5,E5,6
2019,LEMA,256,5,E6,4
2019,LEMA,192,5,F1,3
2019,LEMA,320,5,F2,5
2019,LEMA,192,5,F3,3
2019,LEMA,640,5,F4,10
2019,LEMA,576,5,F5,9
2019,LEMA,128,5,F6,2
2019,LEMA,128,6,A2,2
2019,LEMA,64,6,A3,1
2019,LEMA,64,6,A4,1
2019,LEMA,128,6,A5,2
2019,LEMA,128,6,A6,2
2019,LEMA,192,6,B1,3
2019,LEMA,128,6,B2,2
2019,LEMA,64,6,B3,1
2019,LEMA,128,6,B4,2
2019,LEMA,128,6,B5,2
2019,LEMA,128,6,B6,2
2019,LEMA,320,6,C1,5
2019,LEMA,256,6,C2,4
2019,LEMA,256,6,C3,4
2019,LEMA,192,6,C4,3
2019,LEMA,256,6,C5,4
2019,LEMA,320,6,C6,5
2019,LEMA,192,6,D1,3
2019,LEMA,128,6,D2,2
2019,LEMA,192,6,D3,3
2019,LEMA,256,6,D4,4
2019,LEMA,64,6,D5,1
2019,LEMA,256,6,D6,4
2019,LEMA,64,6,E1,1
2019,LEMA,256,6,E2,4
2019,LEMA,128,6,E3,2
2019,LEMA,128,6,E4,2
2019,LEMA,64,6,E5,1
2019,LEMA,128,6,E6,2
2019,LEMA,320,6,F1,5
2019,LEMA,192,6,F2,3
2019,LEMA,320,6,F3,5
2019,LEMA,128,6,F4,2
2019,LEMA,384,6,F5,6
2019,LEMA,192,6,F6,3
2019,LEMA,384,7,A1,6
2019,LEMA,256,7,A2,4
2019,LEMA,320,7,A3,5
2019,LEMA,320,7,A4,5
2019,LEMA,384,7,A5,6
2019,LEMA,640,7,A6,10
2019,LEMA,256,7,B1,4
2019,LEMA,384,7,B2,6
2019,LEMA,256,7,B3,4
2019,LEMA,448,7,B4,7
2019,LEMA,320,7,B5,5
2019,LEMA,320,7,B6,5
2019,LEMA,448,7,C1,7
2019,LEMA,384,7,C2,6
2019,LEMA,576,7,C3,9
2019,LEMA,448,7,C4,7
2019,LEMA,384,7,C5,6
2019,LEMA,320,7,C6,5
2019,LEMA,320,7,D1,5
2019,LEMA,128,7,D2,2
2019,LEMA,448,7,D3,7
2019,LEMA,320,7,D4,5
2019,LEMA,384,7,D5,6
2019,LEMA,192,7,D6,3
2019,LEMA,320,7,E2,5
2019,LEMA,384,7,E3,6
2019,LEMA,320,7,E4,5
2019,LEMA,576,7,E5,9
2019,LEMA,448,7,E6,7
2019,LEMA,256,7,F1,4
2019,LEMA,192,7,F2,3
2019,LEMA,256,7,F3,4
2019,LEMA,256,7,F4,4
2019,LEMA,192,7,F5,3
2019,LEMA,192,8,A2,3
2019,LEMA,192,8,A3,3
2019,LEMA,320,8,A4,5
2019,LEMA,128,8,A5,2
2019,LEMA,512,8,B1,8
2019,LEMA,320,8,B2,5
2019,LEMA,192,8,B3,3
2019,LEMA,384,8,B4,6
2019,LEMA,192,8,B5,3
2019,LEMA,256,8,B6,4
2019,LEMA,192,8,C1,3
2019,LEMA,384,8,C2,6
2019,LEMA,640,8,C3,10
2019,LEMA,320,8,C4,5
2019,LEMA,384,8,C6,6
2019,LEMA,320,8,D1,5
2019,LEMA,512,8,D2,8
2019,LEMA,192,8,D3,3
2019,LEMA,128,8,D4,2
2019,LEMA,256,8,D5,4
2019,LEMA,256,8,D6,4
2019,LEMA,384,8,E1,6
2019,LEMA,320,8,E2,5
2019,LEMA,256,8,E3,4
2019,LEMA,320,8,E4,5
2019,LEMA,192,8,E5,3
2019,LEMA,384,8,E6,6
2019,LEMA,192,8,F1,3
2019,LEMA,128,8,F2,2
2019,LEMA,192,8,F4,3
2019,LEMA,320,8,F5,5
2019,LEMA,192,8,F6,3
2019,LEMA,128,9,A1,2
2019,LEMA,128,9,A2,2
2019,LEMA,128,9,A3,2
2019,LEMA,256,9,A6,4
2019,LEMA,256,9,B1,4
2019,LEMA,128,9,B2,2
2019,LEMA,128,9,B3,2
2019,LEMA,128,9,B4,2
2019,LEMA,64,9,B5,1
2019,LEMA,128,9,B6,2
2019,LEMA,64,9,C1,1
2019,LEMA,64,9,C2,1
2019,LEMA,128,9,C3,2
2019,LEMA,64,9,C4,1
2019,LEMA,64,9,C5,1
2019,LEMA,64,9,C6,1
2019,LEMA,64,9,D1,1
2019,LEMA,128,9,D4,2
2019,LEMA,192,9,D5,3
2019,LEMA,64,9,D6,1
2019,LEMA,64,9,E2,1
2019,LEMA,128,9,E4,2
2019,LEMA,64,9,E5,1
2019,LEMA,128,9,E6,2
2019,MEEL,10,1,D5,10
2019,MEEL,12,1,D5,12
2019,MEEL,20,2,E6,20
2019,MEEL,30,5,F2,30
2019,MESU,140,1,D5,140
2019,MESU,200,1,E4,200
2019,MESU,140,1,E5,140
2019,MESU,120,1,F1,120
2019,MESU,180,1,F4,180
2019,MESU,220,1,F5,220
2019,MESU,110,1,F6,110
2019,MESU,120,2,A4,120
2019,MESU,220,2,A5,220
2019,MESU,180,2,A6,180
2019,MESU,200,2,B1,200
2019,MESU,140,2,B2,140
2019,MESU,160,2,B4,160
2019,MESU,120,2,B5,120
2019,MESU,180,2,C1,180
2019,MESU,140,2,C4,140
2019,MESU,250,2,C5,250
2019,MESU,300,2,D1,300
2019,MESU,140,2,D2,140
2019,MESU,150,2,D3,150
2019,MESU,240,2,D4,240
2019,MESU,260,2,D5,260
2019,MESU,180,2,E1,180
2019,MESU,140,2,E2,140
2019,MESU,260,2,E3,260
2019,MESU,240,2,E4,240
2019,MESU,240,2,E5,240
2019,MESU,140,2,E6,140
2019,MESU,180,2,F1,180
2019,MESU,120,2,F2,120
2019,MESU,140,2,F3,140
2019,MESU,280,2,F5,280
2019,MESU,240,2,F6,240
2019,MESU,80,3,B6,80
2019,MESU,60,3,B6,60
2019,MESU,50,3,B6,50
2019,MESU,380,3,C3,380
2019,MESU,180,3,C4,180
2019,MESU,150,3,C5,150
2019,MESU,100,3,C6,100
2019,MESU,280,3,D3,280
2019,MESU,220,4,E2,220
2019,MESU,240,4,E2,240
2019,MESU,240,4,F6,240
2019,MESU,220,4,F6,220
2019,MESU,210,4,F6,210
2019,MESU,500,7,A1,500
2019,MESU,500,7,A4,500
2019,MESU,240,7,A6,240
2019,MESU,160,7,B1,160
2019,MESU,280,7,B2,280
2019,MESU,360,7,B4,360
2019,MESU,200,7,B5,200
2019,MESU,240,7,C5,240
2019,MESU,280,7,C6,280
2019,MESU,200,7,D5,200
2019,MESU,200,7,E4,200
2019,MESU,400,7,E5,400
2019,MESU,180,7,E6,180
2019,MESU,500,8,A4,500
2019,MESU,390,8,A5,390
2019,MESU,500,8,A6,500
2019,MESU,400,8,B2,400
2019,MESU,500,8,B3,500
2019,MESU,500,8,B4,500
2019,MESU,350,8,C3,350
2019,MESU,500,8,C5,500
2019,MESU,500,8,D4,500
2019,MESU,450,8,D6,450
2019,MESU,500,8,E1,500
2019,MESU,450,8,E3,450
2019,MESU,390,8,E5,390
2019,MESU,20,9,A2,20
2019,MESU,30,9,A3,30
2019,MESU,70,9,A4,70
2019,MESU,80,9,A5,80
2019,MESU,300,9,A6,300
2019,MESU,60,9,B1,60
2019,MESU,120,9,B4,120
2019,MESU,140,9,B5,140
2019,MESU,300,9,B6,300
2019,MESU,150,9,C2,150
2019,MESU,140,9,C5,140
2019,MESU,140,9,C6,140
2019,MESU,240,9,D4,240
2019,MESU,180,9,D5,180
2019,PUPA,420,2,C5,12
2019,PUPA,245,2,D6,7
2019,PUPA,140,2,F6,4
2019,PUPA,525,7,A1,15
2019,PUPA,350,7,A2,10
2019,PUPA,525,7,A4,15
2019,PUPA,840,7,A5,24
2019,PUPA,700,7,A6,20
2019,PUPA,280,7,B1,8
2019,PUPA,385,7,B4,11
2019,PUPA,315,7,B5,9
2019,PUPA,420,7,B6,12
2019,PUPA,525,7,C1,15
2019,PUPA,420,7,C3,12
2019,PUPA,175,7,C4,5
2019,PUPA,490,7,C5,14
2019,PUPA,770,7,C6,22
2019,PUPA,210,7,D3,6
2019,PUPA,490,7,D4,14
2019,PUPA,595,7,D5,17
2019,PUPA,735,7,D6,21
2019,PUPA,560,7,E3,16
2019,PUPA,245,7,E4,7
2019,PUPA,315,7,E5,9
2019,PUPA,245,7,E6,7
2019,PUPA,490,7,F4,14
2019,PUPA,210,7,F5,6
2019,PUPA,315,8,A2,9
2019,PUPA,420,8,A3,12
2019,PUPA,525,8,A4,15
2019,PUPA,315,8,A5,9
2019,PUPA,245,8,A6,7
2019,PUPA,385,8,B2,11
2019,PUPA,735,8,B3,21
2019,PUPA,1050,8,B4,30
2019,PUPA,245,8,B5,7
2019,PUPA,490,8,B6,14
2019,PUPA,840,8,C1,24
2019,PUPA,665,8,C2,19
2019,PUPA,525,8,C3,15
2019,PUPA,560,8,C4,16
2019,PUPA,315,8,C5,9
2019,PUPA,385,8,C6,11
2019,PUPA,840,8,D2,24
2019,PUPA,490,8,D3,14
2019,PUPA,385,8,D4,11
2019,PUPA,245,8,D5,7
2019,PUPA,210,8,D6,6
2019,PUPA,280,8,E1,8
2019,PUPA,490,8,E2,14
2019,PUPA,420,8,E3,12
2019,PUPA,315,8,E4,9
2019,PUPA,385,8,E5,11
2019,PUPA,245,8,E6,7
2019,PUPA,560,8,F5,16
2019,PUPA,315,8,F6,9
2019,CHMI,832,2,F5,16
2019,CHMI,520,2,F5,10
2019,CHMI,156,2,F5,3
2019,CHMI,728,2,F5,14
2019,CHMI,312,2,F5,6
2019,CHMI,2600,7,B6,50
2019,LEMA,38,NA,NA,NA
2019,LEMA,57,NA,NA,NA
2019,LEMA,45,NA,NA,NA
2019,LEMA,35,NA,NA,NA
2019,LEMA,50,NA,NA,NA
2019,LEMA,30,NA,NA,NA
2019,LEMA,38,NA,NA,NA
2019,LEMA,80,NA,NA,NA
2019,LEMA,51,NA,NA,NA
2019,LEMA,19,NA,NA,NA
2019,CHFU,82,NA,NA,NA
2019,CHFU,59,NA,NA,NA
2019,CHFU,68,NA,NA,NA
2019,CHFU,88,NA,NA,NA
2019,CHFU,50,NA,NA,NA
2019,CHFU,106,NA,NA,NA
2019,CHFU,5,NA,NA,NA
2019,CHFU,75,NA,NA,NA
2019,CHFU,59,NA,NA,NA
2019,CHFU,89,NA,NA,NA
2019,PUPA,3,NA,NA,NA
2019,PUPA,3,NA,NA,NA
2019,PUPA,2,NA,NA,NA
2019,PUPA,11,NA,NA,NA
2019,PUPA,1,NA,NA,NA
2019,PUPA,1,NA,NA,NA
2019,PUPA,4,NA,NA,NA
2019,PLCO,57,NA,NA,NA
2019,PLCO,132,NA,NA,NA
2019,PLCO,102,NA,NA,NA
2019,PLCO,144,NA,NA,NA
2019,PLCO,200,NA,NA,NA
2019,PLCO,152,NA,NA,NA
2019,PLCO,105,NA,NA,NA
2019,PLCO,97,NA,NA,NA
2019,PLCO,168,NA,NA,NA
2019,MESU,1,NA,NA,NA
2019,MESU,1,NA,NA,NA
2019,MESU,1,NA,NA,NA
2019,MESU,1,NA,NA,NA
2019,MESU,1,NA,NA,NA
2019,MESU,1,NA,NA,NA
2019,MESU,1,NA,NA,NA
2019,MESU,1,NA,NA,NA
2019,MESU,1,NA,NA,NA
2019,SCLA,34,NA,NA,NA
2019,SCLA,42,NA,NA,NA
2019,SCLA,38,NA,NA,NA
2019,SCLA,49,NA,NA,NA
2019,SCLA,28,NA,NA,NA
2019,SCLA,29,NA,NA,NA
2019,SCLA,18,NA,NA,NA
2019,SCLA,36,NA,NA,NA
2019,SPRU,32,NA,NA,NA
2019,SPRU,42,NA,NA,NA
2019,SPRU,18,NA,NA,NA
2019,SPRU,17,NA,NA,NA
2019,SPRU,27,NA,NA,NA
2019,SPRU,40,NA,NA,NA
2019,SPRU,31,NA,NA,NA
2019,SPRU,23,NA,NA,NA
2019,MEEL,1,NA,NA,NA
2019,MEEL,1,NA,NA,NA
2019,MEEL,1,NA,NA,NA
2019,MEEL,1,NA,NA,NA
2019,MEEL,1,NA,NA,NA
2019,POMO,142,NA,NA,NA
2019,POMO,134,NA,NA,NA
2019,POMO,90,NA,NA,NA
2019,POMO,142,NA,NA,NA
2019,POMO,244,NA,NA,NA
2019,POMO,108,NA,NA,NA
2019,POMO,83,NA,NA,NA
2019,POMO,62,NA,NA,NA
2019,POMO,114,NA,NA,NA
2019,BEMA,7,NA,NA,NA
2019,BEMA,5,NA,NA,NA
2019,BEMA,10,NA,NA,NA
2019,BEMA,4,NA,NA,NA
2019,BEMA,10,NA,NA,NA
2019,BEMA,26,NA,NA,NA
2019,BEMA,4,NA,NA,NA
2019,BEMA,8,NA,NA,NA
2019,BEMA,8,NA,NA,NA
2019,HOMA,25,NA,NA,NA
2019,HOMA,21,NA,NA,NA
2019,HOMA,36,NA,NA,NA
2019,HOMA,26,NA,NA,NA
2019,HOMA,14,NA,NA,NA
2019,HOMA,24,NA,NA,NA
2019,HOMA,24,NA,NA,NA
2019,HOMA,18,NA,NA,NA
2019,HOMA,22,NA,NA,NA
2019,POMA,1376,NA,NA,NA
2019,POMA,280,NA,NA,NA
2019,POMA,192,NA,NA,NA
2019,POMA,640,NA,NA,NA
2019,POMA,172,NA,NA,NA
2019,POMA,1040,NA,NA,NA
2019,POMA,320,NA,NA,NA
2019,POMA,2600,NA,NA,NA
2019,PAIN,40,NA,NA,NA
2019,PAIN,22,NA,NA,NA
2019,PAIN,33,NA,NA,NA
2019,PAIN,22,NA,NA,NA
2019,PAIN,31,NA,NA,NA
2019,PAIN,21,NA,NA,NA
2019,PAIN,38,NA,NA,NA
2019,PAIN,26,NA,NA,NA
2019,PAIN,36,NA,NA,NA
2019,SOAS,50,NA,NA,NA
2019,SOAS,17,NA,NA,NA
2019,SOAS,37,NA,NA,NA
2019,SOAS,63,NA,NA,NA
2019,SOAS,64,NA,NA,NA
2019,SOAS,69,NA,NA,NA
2019,SOAS,50,NA,NA,NA
2019,SOAS,5,NA,NA,NA
2019,SOAS,32,NA,NA,NA
2019,CETE,550,NA,NA,NA
2019,CETE,750,NA,NA,NA
2019,CETE,340,NA,NA,NA
2019,CETE,350,NA,NA,NA
2019,CETE,400,NA,NA,NA
2019,CETE,40,NA,NA,NA
2019,CETE,100,NA,NA,NA
2019,CETE,370,NA,NA,NA
2019,CETE,340,NA,NA,NA
2020,SCLA,31,1,E6,1
2020,SCLA,22,1,E1,1
2020,SCLA,20,3,B4,1
2020,SCLA,34,2,B2,1
2020,SCLA,8,2,B5,1
2020,SCLA,28,2,A2,1
2020,SCLA,11,7,E6,1
2020,SCLA,26,7,D6,1
2020,SCLA,12,7,B2,1
2020,SCLA,25,7,E5,1
2020,SCLA,20,7,E3,1
2020,SCLA,32,2,C6,1
2020,SCLA,48,9,A5,1
2020,SCLA,38,9,A3,1
2020,SCLA,56,9,C5,1
2020,SCLA,61,9,B3,1
2020,SCLA,29,9,B2,1
2020,SCLA,38,9,A2,1
2020,SCLA,44,9,B6,1
2020,SCLA,34,9,A1,1
2020,SCLA,60,9,B3,1
2020,SCLA,20,9,E6,1
2020,SCLA,23,2,B4,1
2020,SPRU,46,7,F1,1
2020,SPRU,33,7,D1,1
2020,SPRU,23,7,E1,1
2020,SPRU,47,7,F4,1
2020,SPRU,24,7,F2,1
2020,SPRU,21,7,F3,1
2020,SPRU,19,7,D1,1
2020,SPRU,16,7,B1,1
2020,SPRU,10,7,A1,1
2020,ANAR,22,NA,NA,1
2020,ANAR,17,NA,NA,1
2020,ANAR,20,NA,NA,1
2020,ANAR,21,NA,NA,1
2020,ANAR,30,NA,NA,1
2020,ANAR,19,NA,NA,1
2020,ANAR,19,NA,NA,1
2020,ANAR,18,NA,NA,1
2020,ANAR,20,NA,NA,1
2020,SOAS,56,7,D1,1
2020,SOAS,32,7,E2,1
2020,SOAS,50,7,B1,1
2020,SOAS,49,7,C6,1
2020,SOAS,59,7,F6,1
2020,SOAS,43,7,E3,1
2020,SOAS,51,7,A5,1
2020,SOAS,40,7,D2,1
2020,SOAS,20,7,E6,1
2020,SOAS,71,7,A1,1
2020,SOAS,62,8,A3,1
2020,SOAS,104,8,F4,1
2020,SOAS,33,8,A6,1
2020,SOAS,85,8,F6,1
2020,SOAS,60,8,E6,1
2020,SOAS,45,8,E5,1
2020,SOAS,104,8,B6,1
2020,SOAS,44,8,B4,1
2020,SOAS,43,8,A5,1
2020,LEMA,52,1,D1,1
2020,LEMA,88,1,C2,1
2020,LEMA,80,1,F3,1
2020,LEMA,70,1,F1,1
2020,LEMA,82,1,D4,1
2020,LEMA,48,1,E3,1
2020,LEMA,54,1,E2,1
2020,LEMA,62,1,C6,1
2020,LEMA,66,1,A3,1
2020,LEMA,96,1,A6,1
2020,LEMA,48,9,D5,1
2020,LEMA,17,8,F6,1
2020,LEMA,33,8,B6,1
2020,LEMA,28,8,C1,1
2020,LEMA,41,8,E6,1
2020,LEMA,27,6,D6,1
2020,LEMA,33,6,F6,1
2020,LEMA,32,5,F3,1
2020,LEMA,29,5,F5,1
2020,LEMA,39,5,F6,1
2020,LEMA,69,4,C1,1
2020,LEMA,42,4,D1,1
2020,LEMA,60,4,F2,1
2020,LEMA,26,7,D6,1
2020,LEMA,63,6,E6,1
2020,LEMA,41,6,E6,1
2020,LEMA,101,4,B2,1
2020,LEMA,95,3,C1,1
2020,LEMA,21,3,F4,1
2020,LEMA,47,1,B5,1
2020,LEMA,58,1,D5,1
2020,LEMA,77,1,B2,1
2020,LEMA,89,1,B5,1
2020,LEMA,32,2,E5,1
2020,LEMA,49,2,F2,1
2020,LEMA,18,2,E4,1
2020,LEMA,28,2,F4,1
2020,LEMA,32,2,D3,1
2020,LEMA,27,2,B4,1
2020,LEMA,48,2,D2,1
2020,LEMA,79,2,B3,1
2020,LEMA,48,2,D2,1
2020,LEMA,51,3,B1,1
2020,LEMA,40,3,C3,1
2020,LEMA,21,3,B1,1
2020,LEMA,39,3,C1,1
2020,LEMA,17,3,D4,1
2020,LEMA,40,3,C4,1
2020,LEMA,55,3,F1,1
2020,LEMA,48,3,E5,1
2020,LEMA,39,3,C2,1
2020,LEMA,37,3,F5,1
2020,LEMA,35,3,D5,1
2020,LEMA,37,3,B5,1
2020,LEMA,80,6,E6,1
2020,LEMA,83,6,C6,1
2020,LEMA,62,6,B3,1
2020,LEMA,52,6,E6,1
2020,LEMA,42,6,F6,1
2020,LEMA,35,5,E6,1
2020,LEMA,40,5,A5,1
2020,LEMA,18,5,F6,1
2020,LEMA,54,5,C4,1
2020,LEMA,43,5,F3,1
2020,LEMA,52,5,F5,1
2020,LEMA,76,5,D6,1
2020,LEMA,36,5,C6,1
2020,LEMA,13,5,C5,1
2020,LEMA,24,5,C4,1
2020,LEMA,51,5,C2,1
2020,LEMA,42,5,B3,1
2020,LEMA,48,8,B3,1
2020,LEMA,16,8,A1,1
2020,LEMA,29,8,C1,1
2020,LEMA,51,8,E6,1
2020,LEMA,25,8,D3,1
2020,LEMA,21,9,E1,1
2020,LEMA,30,9,D2,1
2020,LEMA,18,4,D3,1
2020,LEMA,38,4,E2,1
2020,LEMA,66,4,F1,1
2020,LEMA,32,4,B1,1
2020,LEMA,37,4,E5,1
2020,LEMA,132,4,E1,1
2020,LEMA,32,4,NA,1
2020,LEMA,62,7,E6,1
2020,LEMA,73,7,B4,1
2020,LEMA,50,7,C2,1
2020,LEMA,28,7,F5,1
2020,LEMA,27,7,A3,1
2020,LEMA,34,7,D6,1
2020,LEMA,54,7,D6,1
2020,LEMA,53,7,E3,1
2020,LEMA,33,7,A4,1
2020,LEMA,13,7,B5,1
2020,LEMA,26,7,E6,1
2020,LEMA,12,7,A2,1
2020,LEMA,64,7,C6,1
2020,LEMA,50,7,F6,1
2020,LEMA,60,7,F4,1
2020,LEMA,49,7,C5,1
2020,LEMA,60,3,F5,1
2020,LEMA,87,3,E5,1
2020,LEMA,44,3,C3,1
2020,LEMA,85,3,B4,1
2020,LEMA,93,3,B5,1
2020,LEMA,55,3,F4,1
2020,LEMA,81,3,F6,1
2020,LEMA,38,3,C2,1
2020,LEMA,54,3,A6,1
2020,LEMA,59,3,D6,1
2020,LEMA,50,3,F3,1
2020,LEMA,46,3,E3,1
2020,LEMA,54,3,D4,1
2020,LEMA,75,3,B6,1
2020,LEMA,36,3,A3,1
2020,LEMA,54,3,F1,1
2020,LEMA,41,3,D1,1
2020,LEMA,53,3,B3,1
2020,LEMA,52,3,B3,1
2020,LEMA,105,3,D4,1
2020,LEMA,73,3,E6,1
2020,LEMA,70,3,F2,1
2020,LEMA,82,3,C2,1
2020,LEMA,48,3,B5,1
2020,LEMA,47,2,A4,1
2020,LEMA,63,2,B5,1
2020,LEMA,47,2,A6,1
2020,LEMA,111,2,C5,1
2020,LEMA,40,2,C4,1
2020,LEMA,79,2,C2,1
2020,LEMA,110,2,C1,1
2020,LEMA,77,2,C3,1
2020,LEMA,102,2,E1,1
2020,LEMA,110,2,E2,1
2020,LEMA,110,2,C1,1
2020,LEMA,82,2,C6,1
2020,LEMA,77,2,D6,1
2020,LEMA,57,2,D5,1
2020,LEMA,76,2,B6,1
2020,LEMA,83,2,E6,1
2020,LEMA,59,2,E5,1
2020,LEMA,54,2,B4,1
2020,LEMA,73,2,A5,1
2020,LEMA,70,2,B4,1
2020,LEMA,155,2,E3,1
2020,LEMA,58,2,B1,1
2020,LEMA,134,2,C3,1
2020,LEMA,81,2,C2,1
2020,LEMA,29,2,D4,1
2020,LEMA,98,2,F4,1
2020,LEMA,68,2,F2,1
2020,LEMA,57,2,F1,1
2020,LEMA,51,1,A1,1
2020,LEMA,54,1,A2,1
2020,LEMA,80,1,A3,1
2020,LEMA,71,1,A4,1
2020,LEMA,63,1,A5,1
2020,LEMA,98,1,A6,1
2020,LEMA,58,1,B1,1
2020,LEMA,84,1,B2,1
2020,LEMA,71,1,B3,1
2020,LEMA,65,1,B4,1
2020,LEMA,72,1,B5,1
2020,LEMA,62,1,B6,1
2020,LEMA,58,1,C1,1
2020,LEMA,86,1,C1,1
2020,LEMA,91,1,C2,1
2020,LEMA,58,1,C3,1
2020,LEMA,59,1,C4,1
2020,LEMA,67,1,C5,1
2020,LEMA,61,1,C6,1
2020,LEMA,75,1,D2,1
2020,LEMA,62,1,D3,1
2020,LEMA,51,1,D4,1
2020,LEMA,72,1,D5,1
2020,LEMA,55,1,D6,1
2020,LEMA,80,1,E1,1
2020,LEMA,99,1,E2,1
2020,LEMA,55,1,E3,1
2020,LEMA,67,1,E4,1
2020,LEMA,59,1,E5,1
2020,LEMA,60,1,E6,1
2020,LEMA,42,1,F1,1
2020,LEMA,60,1,F2,1
2020,LEMA,41,1,F3,1
2020,LEMA,71,1,F4,1
2020,LEMA,49,1,F5,1
2020,LEMA,62,1,F6,1
2020,LEMA,57,2,A5,1
2020,LEMA,88,2,F5,1
2020,LEMA,77,2,F3,1
2020,LEMA,67,2,B3,1
2020,LEMA,77,2,F6,1
2020,LEMA,54,2,B2,1
2020,LEMA,126,2,A1,1
2020,LEMA,62,2,A3,1
2020,LEMA,77,2,A2,1
2020,CHMI,41,NA,NA,1
2020,CHMI,30,NA,NA,1
2020,CHMI,3,NA,NA,1
2020,CHMI,50,NA,NA,1
2020,CHMI,8,3,A5,1
2020,CHMI,1,3,F6,1
2020,CHMI,57,3,A4,1
2020,CHMI,17,3,A3,1
2020,CHMI,2,3,B1,1
2020,CHMI,1,3,C3,1
2020,MESU,1,NA,NA,21
2020,MESU,1,NA,NA,21
2020,MESU,1,NA,NA,16
2020,MESU,1,NA,NA,39
2020,MESU,1,NA,NA,38
2020,MESU,1,NA,NA,24
2020,MESU,1,NA,NA,25
2020,MESU,1,NA,NA,30
2020,MESU,1,NA,NA,21
2020,MESU,1,NA,NA,21
2020,MESU,1,NA,NA,11
2020,CETE,43,1,E1,1
2020,CETE,140,1,D1,1
2020,CETE,120,2,A2,1
2020,CETE,316,2,A6,1
2020,CETE,186,2,A5,1
2020,CETE,56,2,A4,1
2020,CETE,190,2,A3,1
2020,CETE,210,2,A2,1
2020,CETE,175,2,C1,1
2020,CETE,216,2,D1,1
2020,CETE,210,2,F1,1
2020,CETE,73,2,F2,1
2020,CETE,35,2,E6,1
2020,CETE,63,2,E1,1
2020,CETE,143,2,C1,1
2020,CETE,260,7,D6,1
2020,CETE,242,7,D5,1
2020,CETE,68,7,D4,1
2020,CETE,148,7,C6,1
2020,CETE,236,7,C5,1
2020,CETE,27,7,C3,1
2020,CETE,85,7,C1,1
2020,CETE,57,7,B3,1
2020,CETE,158,7,A6,1
2020,CETE,96,7,A4,1
2020,CETE,26,7,A1,1
2020,CETE,154,7,E6,1
2020,CETE,53,7,E5,1
2020,CETE,230,7,E3,1
2020,CETE,210,7,F4,1
2020,CETE,140,7,F5,1
2020,CETE,116,8,B5,1
2020,CETE,26,8,B6,1
2020,CETE,10,8,A6,1
2020,CETE,67,8,A5,1
2020,CETE,10,8,A4,1
2020,CETE,79,8,A3,1
2020,CETE,194,8,A2,1
2020,CETE,200,8,A1,1
2020,CETE,150,8,E6,1
2020,CETE,160,8,D6,1
2020,CETE,256,8,F6,1
2020,CETE,124,8,D4,1
2020,CETE,228,8,C4,1
2020,CETE,82,8,C3,1
2020,CETE,90,8,C2,1
2020,CETE,8,8,C1,1
2020,CETE,136,8,B2,1
2020,CETE,50,8,B4,1
2020,CETE,100,8,C2,1
2020,CETE,14,8,C3,1
2020,CETE,188,8,E5,1
2020,CETE,93,8,E4,1
2020,CETE,80,8,E3,1
2020,CETE,96,8,E2,1
2020,CETE,20,8,E1,1
2020,CETE,35,8,C4,1
2020,CETE,79,8,C5,1
2020,CETE,54,8,C6,1
2020,CETE,75,9,B4,1
2020,CETE,148,9,B2,1
2020,CETE,47,9,F5,1
2020,CETE,152,9,C4,1
2020,CETE,176,9,A3,1
2020,CETE,134,9,A5,1
2020,CETE,132,9,A4,1
2020,CETE,37,9,A6,1
2020,PUPA,29,1,C2,1
2020,PUPA,40,1,A1,1
2020,PUPA,10,1,F5,1
2020,PUPA,4,1,E5,1
2020,PUPA,20,1,F3,1
2020,PUPA,57,7,C4,1
2020,PUPA,48,7,D4,1
2020,PUPA,23,7,A1,1
2020,PUPA,92,8,B6,1
2020,PUPA,6,8,E2,1
2020,PUPA,9,8,F6,1
2020,PUPA,47,2,A2,1
2020,PUPA,1,2,E1,1
2020,PUPA,54,2,B1,1
2020,PUPA,16,2,F6,1
2020,PUPA,10,2,E2,1
2020,PUPA,8,2,E5,1
2020,PUPA,14,2,E6,1
2020,PUPA,100,2,C6,1
2020,PUPA,21,2,C5,1
2020,PUPA,39,2,C3,1
2020,PUPA,26,2,A6,1
2020,PUPA,24,2,A5,1
2020,PUPA,10,2,B5,1
2020,PUPA,1,2,B4,1
2020,PUPA,59,2,C4,1
2020,PUPA,3,2,A4,1
2020,PUPA,49,2,A1,1
2020,PUPA,15,2,C1,1
2020,PUPA,1,2,C2,1
2020,PUPA,26,3,B6,1
2020,PUPA,43,3,A4,1
2020,PUPA,30,3,B1,1
2020,PUPA,23,3,D4,1
2020,PUPA,15,3,D2,1
2020,PUPA,52,3,E6,1
2020,PUPA,55,3,A6,1
2020,PUPA,4,3,E1,1
2020,PUPA,28,3,E5,1
2020,PUPA,3,3,A5,1
2020,PUPA,59,3,B5,1
2020,PUPA,8,3,C5,1
2020,PUPA,6,3,D6,1
2020,PUPA,21,3,F5,1
2020,PUPA,40,3,E2,1
2020,PUPA,1,3,E4,1
2020,PUPA,6,3,B4,1
2020,PUPA,14,3,B3,1
2020,PUPA,103,3,D5,1
2020,PUPA,63,3,F4,1
2020,PUPA,128,3,F6,1
2020,PUPA,10,3,F2,1
2020,PUPA,82,3,F1,1
2020,PUPA,18,3,E3,1
2020,PUPA,10,5,A6,1
2020,PUPA,2,6,E5,1
2020,PUPA,78,6,B5,1
2020,PUPA,5,6,D3,1
2020,PUPA,9,7,D2,1
2020,PUPA,7,7,D6,1
2020,PUPA,1,7,D1,1
2020,PUPA,12,7,F2,1
2020,PUPA,2,7,C5,1
2020,PUPA,15,7,F5,1
2020,PUPA,46,7,D3,1
2020,PUPA,17,7,C1,1
2020,PUPA,1,7,F4,1
2020,PUPA,59,7,D5,1
2020,PUPA,18,7,C2,1
2020,PUPA,5,7,F1,1
2020,PUPA,9,7,C6,1
2020,PUPA,28,7,C3,1
2020,PUPA,3,7,E2,1
2020,PUPA,2,7,E1,1
2020,PUPA,27,7,B3,1
2020,PUPA,1,7,E4,1
2020,PUPA,21,7,A4,1
2020,PUPA,3,7,E5,1
2020,PUPA,12,7,E6,1
2020,PUPA,4,7,E3,1
2020,PUPA,34,7,B6,1
2020,PUPA,14,7,A6,1
2020,PUPA,17,7,C6,1
2020,PUPA,27,7,B2,1
2020,PUPA,1,7,F6,1
2020,PUPA,28,7,A5,1
2020,PUPA,11,8,C5,1
2020,PUPA,15,8,C1,1
2020,PUPA,1,8,B4,1
2020,PUPA,14,8,A4,1
2020,PUPA,1,8,F5,1
2020,PUPA,3,8,E1,1
2020,PUPA,52,8,E6,1
2020,PUPA,16,8,D3,1
2020,PUPA,2,8,C2,1
2020,PUPA,8,8,C4,1
2020,PUPA,55,8,B1,1
2020,PUPA,66,8,B5,1
2020,PUPA,9,8,A3,1
2020,PUPA,7,8,F3,1
2020,PUPA,75,8,E3,1
2020,PUPA,57,8,D1,1
2020,PUPA,32,8,C3,1
2020,PUPA,28,8,C3,1
2020,PUPA,34,8,B2,1
2020,PUPA,36,8,A6,1
2020,PUPA,60,8,A2,1
2020,PUPA,28,8,F2,1
2020,PUPA,3,8,D5,1
2020,PUPA,24,8,D2,1
2020,PUPA,63,8,C4,1
2020,PUPA,40,8,B3,1
2020,PUPA,28,8,A5,1
2020,PUPA,1,8,A1,1
2020,PUPA,17,8,F1,1
2020,PUPA,57,8,D4,1
2020,PUPA,57,8,D4,1
2020,PUPA,11,9,E6,1
2020,PUPA,6,9,D2,1
2020,PUPA,83,9,D6,1
2020,PUPA,50,9,F1,1
2020,PUPA,80,9,F6,1
2020,PUPA,30,9,C1,1
2020,PUPA,46,9,E2,1
2020,PUPA,3,9,C5,1
2020,PUPA,41,9,E1,1
2020,PUPA,12,9,D5,1
2020,BEMA,4,NA,NA,20
2020,BEMA,4,NA,NA,11
2020,BEMA,4,NA,NA,30
2020,BEMA,4,NA,NA,24
2020,BEMA,4,NA,NA,18
2020,BEMA,4,NA,NA,55
2020,BEMA,4,NA,NA,19
2020,BEMA,4,NA,NA,30
2020,BEMA,4,NA,NA,19
2020,BEMA,4,NA,NA,19
2020,ACHI,14,NA,NA,1
2020,ACHI,12,NA,NA,1
2020,ACHI,9,NA,NA,1
2020,ACHI,11,NA,NA,1
2020,ACHI,8,NA,NA,1
2020,ACHI,9,NA,NA,1
2020,ACHI,14,NA,NA,1
2020,ACHI,13,NA,NA,1
2020,ACHI,10,NA,NA,1
2020,ACHI,11,NA,NA,1
2020,CHFU,68,1,A6,1
2020,CHFU,58,1,C3,1
2020,CHFU,72,1,B1,1
2020,CHFU,25,1,E3,1
2020,CHFU,47,1,D6,1
2020,CHFU,124,1,E1,1
2020,CHFU,60,1,A5,1
2020,CHFU,64,1,C1,1
2020,CHFU,1,3,D5,1
2020,CHFU,13,3,C3,1
2020,CHFU,14,4,D2,1
2020,CHFU,22,4,F2,1
2020,CHFU,21,2,B3,1
2020,CHFU,54,2,F5,1
2020,CHFU,44,2,A1,1
2020,CHFU,14,2,B6,1
2020,CHFU,6,2,F6,1
2020,CHFU,30,2,F5,1
2020,CHFU,101,2,D4,1
2020,CHFU,37,2,F4,1
2020,CHFU,107,2,F4,1
2020,CHFU,28,2,E2,1
2020,CHFU,68,2,C3,1
2020,CHFU,1,2,A3,1
2020,CHFU,9,5,C5,1
2020,CHFU,26,5,B6,1
2020,CHFU,57,5,B6,1
2020,CHFU,17,5,A4,1
2020,CHFU,16,6,E6,1
2020,CHFU,26,7,E1,1
2020,CHFU,32,7,D1,1
2020,CHFU,1,7,C3,1
2020,CHFU,33,7,E2,1
2020,CHFU,16,7,E3,1
2020,CHFU,17,7,E4,1
2020,CHFU,5,7,D2,1
2020,CHFU,10,7,C6,1
2020,CHFU,45,7,F2,1
2020,CHFU,8,7,F1,1
2020,CHFU,19,7,A2,1
2020,CHFU,2,7,A1,1
2020,CHFU,13,7,B2,1
2020,CHFU,28,7,B1,1
2020,CHFU,44,7,B4,1
2020,CHFU,77,7,C1,1
2020,CHFU,17,7,C2,1
2020,CHFU,9,7,A5,1
2020,CHFU,30,8,A2,1
2020,CHFU,31,8,A5,1
2020,CHFU,79,8,B2,1
2020,CHFU,16,8,B5,1
2020,CHFU,41,8,A3,1
2020,CHFU,13,8,A6,1
2020,CHFU,59,8,B3,1
2020,CHFU,30,8,A4,1
2020,CHFU,36,8,B1,1
2020,CHFU,20,8,B4,1
2020,CHFU,70,8,C1,1
2020,CHFU,35,8,C2,1
2020,CHFU,9,8,C3,1
2020,CHFU,13,8,C4,1
2020,CHFU,21,8,D2,1
2020,CHFU,14,8,C1,1
2020,CHFU,41,8,C2,1
2020,CHFU,6,8,C3,1
2020,CHFU,15,8,C5,1
2020,CHFU,29,8,D5,1
2020,CHFU,31,8,C6,1
2020,CHFU,41,8,D1,1
2020,CHFU,17,8,D4,1
2020,CHFU,1,8,D4,1
2020,CHFU,16,8,D5,1
2020,CHFU,10,8,D3,1
2020,CHFU,36,8,D6,1
2020,CHFU,15,8,D6,1
2020,CHFU,45,8,E1,1
2020,CHFU,90,8,E1,1
2020,CHFU,7,8,E2,1
2020,CHFU,76,8,F2,1
2020,CHFU,23,8,F3,1
2020,CHFU,30,8,F4,1
2020,CHFU,46,8,F5,1
2020,CHFU,23,8,F6,1
2020,CHFU,27,9,B2,1
2020,CHFU,21,9,E1,1
2020,CHFU,45,9,F1,1
2020,CHFU,80,9,D3,1
2020,CHFU,26,9,E5,1
2020,CHFU,69,9,F6,1
2020,CHFU,16,9,A6,1
2020,CHFU,58,9,E5,1
2020,CHFU,18,9,B6,1
2020,CHFU,29,9,B2,1
2020,CHFU,25,9,D5,1
2020,CHFU,53,9,B1,1
2020,CHFU,58,9,C2,1
2020,CHFU,68,9,C5,1
2020,CHFU,56,9,E4,1
2020,CHFU,20,9,E3,1
2020,CHFU,19,9,D2,1
2020,CHFU,15,9,D1,1
2020,CHFU,79,9,D3,1
2020,CHFU,20,9,D6,1
2020,CHFU,13,9,C5,1
2020,CHFU,31,9,C3,1
2020,CHFU,16,9,E2,1
2020,PLCO,211,NA,NA,1
2020,PLCO,253,NA,NA,1
2020,PLCO,193,NA,NA,1
2020,PLCO,215,NA,NA,1
2020,PLCO,80,NA,NA,1
2020,PLCO,260,NA,NA,1
2020,PLCO,113,NA,NA,1
2020,PLCO,171,NA,NA,1
2020,PLCO,220,NA,NA,1
2020,PLCO,195,NA,NA,1
2020,PAIN,15,NA,NA,1
2020,PAIN,21,NA,NA,1
2020,PAIN,22,NA,NA,1
2020,PAIN,24,NA,NA,1
2020,PAIN,21,NA,NA,1
2020,PAIN,16,NA,NA,1
2020,PAIN,22,NA,NA,1
2020,PAIN,25,NA,NA,1
2020,PAIN,21,NA,NA,1
2020,PAIN,26,NA,NA,1
2020,POMA,1208,NA,NA,1
2020,POMA,1599,NA,NA,1
2020,POMA,417,NA,NA,1
2020,POMA,374,NA,NA,1
2020,POMA,706,NA,NA,1
2020,POMA,864,NA,NA,1
2020,POMA,1310,NA,NA,1
2020,POMA,518,NA,NA,1
2020,POMA,720,NA,NA,1
2020,POMA,2650,NA,NA,1
2020,HOMA,21,NA,NA,1
2020,HOMA,23,NA,NA,1
2020,HOMA,17,NA,NA,1
2020,HOMA,24,NA,NA,1
2020,HOMA,18,NA,NA,1
2020,HOMA,22,NA,NA,1
2020,HOMA,14,NA,NA,1
2020,HOMA,23,NA,NA,1
2020,HOMA,17,NA,NA,1
2020,HOMA,20,NA,NA,1
2020,MEPO,3,NA,NA,1
2020,MEPO,7,NA,NA,1
2020,MEPO,4,NA,NA,1
2020,MEPO,6,NA,NA,1
2020,MEPO,6,NA,NA,1
2020,MEPO,5,NA,NA,1
2020,MEPO,5,NA,NA,1
2020,MEPO,1,NA,NA,1
2020,MEPO,8,NA,NA,1
2020,POMO,32,NA,NA,1
2020,POMO,37,NA,NA,1
2020,POMO,40,NA,NA,1
2020,POMO,48,NA,NA,1
2020,POMO,59,NA,NA,1
2020,POMO,39,NA,NA,1
2020,POMO,48,NA,NA,1
2020,POMO,22,NA,NA,1
2020,POMO,58,NA,NA,1
2020,POMO,39,NA,NA,1
2020,SASO,1,NA,NA,1
2020,SASO,1,NA,NA,1
2020,SASO,1,NA,NA,1
2020,SASO,1,NA,NA,1
2020,SASO,1,NA,NA,1
2020,SASO,1,NA,NA,NA
2020,SASO,1,NA,NA,NA
2020,SASO,1,NA,NA,1
2020,SASO,1,NA,NA,1
2021,CHFU,62,6,B2,NA
2021,CHFU,65,8,E1,NA
2021,CHFU,39,8,A3,NA
2021,CHFU,16,8,A1,NA
2021,CHFU,25,8,A5,NA
2021,CHFU,9,8,E5,NA
2021,CHFU,32,9,C2,NA
2021,CHFU,40,5,B1,NA
2021,CHFU,28,4,B6,NA
2021,CHFU,16,9,E4,NA
2021,CHFU,9,6,D6,NA
2021,CHFU,40,6,D2,NA
2021,CHFU,31,9,E5,NA
2021,CHFU,47,8,F6,NA
2021,CHFU,74,1,E4,NA
2021,CHFU,24,7,C6,NA
2021,CHFU,52,7,B4,NA
2021,CHFU,14,7,B5,NA
2021,CHFU,10,7,B1,NA
2021,CHFU,77,4,B4,NA
2021,CHFU,39,5,B1,NA
2021,CHFU,39,4,E2,NA
2021,CHFU,58,6,A2,NA
2021,CHFU,21,1,E4,NA
2021,CHFU,101,8,E3,NA
2021,CHFU,70,8,A6,NA
2021,CHFU,53,8,D2,NA
2021,CHFU,26,6,E3,NA
2021,CHFU,31,9,F4,NA
2021,CHFU,44,9,F3,NA
2021,CHFU,30,9,E3,NA
2021,CHFU,33,9,E2,NA
2021,CHFU,38,8,E6,NA
2021,CHFU,42,8,D6,NA
2021,CHFU,16,8,B3,NA
2021,CHFU,12,9,A6,NA
2021,CHFU,61,9,D6,NA
2021,CHFU,36,9,C6,NA
2021,CHFU,57,9,F3,NA
2021,CHFU,69,8,F3,NA
2021,CHFU,41,9,F1,NA
2021,CHFU,47,8,D5,NA
2021,CHFU,30,5,D5,NA
2021,CHFU,52,9,D2,NA
2021,CHFU,39,9,C3,NA
2021,CHFU,12,9,D3,NA
2021,CHFU,63,8,A4,NA
2021,CHFU,42,6,F2,NA
2021,CHFU,18,9,D5,NA
2021,CHFU,86,8,C2,NA
2021,CHFU,104,8,E2,NA
2021,CHFU,60,8,F4,NA
2021,CHFU,63,8,F2,NA
2021,CHFU,96,6,E1,NA
2021,CHFU,46,5,A6,NA
2021,CHFU,31,9,D4,NA
2021,CHFU,47,5,A2,NA
2021,CHFU,21,9,F5,NA
2021,CHFU,39,9,E6,NA
2021,CHFU,5,6,B1,NA
2021,CHFU,89,6,A2,NA
2021,CHFU,41,9,F2,NA
2021,CHFU,15,9,F1,NA
2021,CHFU,43,9,D1,NA
2021,CHFU,56,6,E4,NA
2021,CHFU,15,6,C6,NA
2021,CHFU,54,6,E1,NA
2021,LEMA,67,8,F6,NA
2021,LEMA,97,4,F2,NA
2021,LEMA,62,7,E6,NA
2021,LEMA,49,7,F6,NA
2021,LEMA,47,7,F5,NA
2021,LEMA,79,7,E2,NA
2021,LEMA,73,7,F1,NA
2021,LEMA,93,7,E5,NA
2021,LEMA,84,4,F1,NA
2021,LEMA,52,7,D4,NA
2021,LEMA,47,7,D3,NA
2021,LEMA,36,7,D1,NA
2021,LEMA,39,7,D5,NA
2021,LEMA,46,7,D6,NA
2021,LEMA,92,4,F3,NA
2021,LEMA,104,4,F4,NA
2021,LEMA,144,4,F5,NA
2021,LEMA,116,4,F6,NA
2021,LEMA,64,6,E6,NA
2021,LEMA,146,4,D6,NA
2021,SOAS,129,4,D6,NA
2021,LEMA,98,4,E5,NA
2021,LEMA,97,4,E4,NA
2021,LEMA,95,4,D4,NA
2021,LEMA,109,4,E3,NA
2021,LEMA,96,4,D3,NA
2021,LEMA,63,4,E2,NA
2021,LEMA,104,4,D2,NA
2021,LEMA,112,4,E1,NA
2021,LEMA,75,4,D1,NA
2021,LEMA,84,3,F5,NA
2021,LEMA,74,3,F6,NA
2021,LEMA,42,3,E6,NA
2021,LEMA,63,3,E4,NA
2021,LEMA,83,5,F3,NA
2021,LEMA,102,5,F1,NA
2021,LEMA,131,5,F4,NA
2021,LEMA,44,2,D4,NA
2021,LEMA,76,2,D6,NA
2021,SCLA,30,2,D2,NA
2021,LEMA,93,2,F1,NA
2021,LEMA,93,2,D1,NA
2021,LEMA,64,2,F3,NA
2021,LEMA,52,1,E1,NA
2021,LEMA,31,1,E3,NA
2021,LEMA,42,1,D5,NA
2021,LEMA,55,1,E5,NA
2021,LEMA,42,1,D6,NA
2021,LEMA,53,1,E6,NA
2021,LEMA,38,1,F6,NA
2021,LEMA,53,1,F5,NA
2021,LEMA,74,5,F2,NA
2021,SCLA,39,9,A5,NA
2021,LEMA,73,7,F2,NA
2021,LEMA,66,7,E4,NA
2021,LEMA,54,8,E4,NA
2021,LEMA,43,8,D4,NA
2021,LEMA,67,7,F4,NA
2021,LEMA,79,8,E1,NA
2021,LEMA,88,8,E2,NA
2021,LEMA,67,8,D2,NA
2021,LEMA,62,8,D3,NA
2021,LEMA,73,8,D1,NA
2021,CHFU,31,9,D1,1
2021,CHFU,64,9,C1,1
2021,CHFU,105,1,D5,1
2021,CHFU,29,1,E6,1
2021,CHFU,79,8,F5,1
2021,CHFU,67,2,B1,1
2021,CHFU,56,1,B1,1
2021,CHFU,56,1,B6,1
2021,CHFU,35,1,C1,1
2021,CHFU,81,1,D2,1
2021,CHFU,23,9,C1,1
2021,CHFU,109,4,A2,1
2021,CHFU,31,1,D1,1
2021,CHFU,48,1,F4,1
2021,CHFU,8,1,C3,1
2021,CHFU,112,8,C5,1
2021,CHFU,35,4,D3,1
2021,CHFU,24,6,C6,1
2021,CHFU,58,1,B6,1
2021,CHFU,55,3,B6,1
2021,CHFU,28,7,B6,1
2021,CHFU,33,9,F6,1
2021,CHFU,16,4,A5,1
2021,CHFU,33,9,E1,1
2021,CHFU,61,8,C1,1
2021,CHFU,23,8,D1,1
2021,CHFU,52,8,D2,1
2021,CHFU,80,8,D3,1
2021,CHFU,7,1,C3,1
2021,CHFU,53,6,D5,1
2021,CHFU,69,8,D4,1
2021,CHFU,34,6,E3,1
2021,CHFU,31,6,F4,1
2021,CHFU,32,6,D6,1
2021,CHFU,82,1,F5,1
2021,CHFU,42,6,B1,1
2021,CHFU,44,1,E3,1
2021,CHFU,102,1,E1,1
2021,CHFU,64,1,C5,1
2021,CHFU,69,1,C3,1
2021,CHFU,44,1,D4,1
2021,CHFU,81,1,C2,1
2021,CHFU,76,2,C1,1
2021,CHFU,53,1,A3,1
2021,CHFU,61,5,E1,1
2021,CHFU,46,8,C4,1
2021,CHFU,43,2,D2,1
2021,CHFU,45,6,D5,1
2021,LEMA,56,5,A1,1
2021,LEMA,54,8,A4,1
2021,LEMA,56,2,C2,1
2021,LEMA,47,2,A5,1
2021,LEMA,44,2,A3,1
2021,LEMA,55,7,A4,1
2021,LEMA,74,6,A4,1
2021,LEMA,69,5,C3,1
2021,LEMA,50,8,A1,1
2021,LEMA,113,4,A2,1
2021,LEMA,45,1,B2,1
2021,LEMA,96,8,A2,1
2021,LEMA,80,4,A1,1
2021,LEMA,84,4,A3,1
2021,LEMA,100,6,A1,1
2021,LEMA,65,5,C4,1
2021,LEMA,31,4,C1,1
2021,LEMA,77,7,B1,1
2021,LEMA,69,6,B6,1
2021,LEMA,73,6,C6,1
2021,LEMA,73,4,A6,1
2021,LEMA,48,8,C1,1
2021,LEMA,23,7,A3,1
2021,LEMA,51,7,A5,1
2021,LEMA,83,7,A6,1
2021,LEMA,54,7,B6,1
2021,LEMA,58,2,B2,1
2021,LEMA,43,2,A6,1
2021,LEMA,101,5,A1,1
2021,LEMA,61,2,B4,1
2021,LEMA,75,5,B5,1
2021,LEMA,74,5,C5,1
2021,LEMA,21,2,B3,1
2021,LEMA,23,1,C4,1
2021,LEMA,29,1,B4,1
2021,LEMA,25,1,A1,1
2021,LEMA,43,1,A3,1
2021,LEMA,43,1,B5,1
2021,LEMA,32,1,A6,1
2021,LEMA,63,6,A6,1
2021,LEMA,49,8,B4,1
2021,LEMA,82,8,C4,1
2021,LEMA,105,8,C5,1
2021,LEMA,51,8,C6,1
2021,LEMA,57,8,B6,1
2021,LEMA,57,8,A6,1
2021,LEMA,47,7,A2,1
2021,LEMA,88,8,B5,1
2021,LEMA,65,9,B1,1
2021,LEMA,54,8,C2,1
2021,LEMA,63,8,C3,1
2021,LEMA,55,8,B2,1
2021,LEMA,64,8,B3,1
2021,LEMA,102,5,A4,1
2021,LEMA,86,5,B2,1
2021,LEMA,41,1,B2,1
2021,LEMA,62,7,C6,1
2021,LEMA,75,3,C1,1
2021,LEMA,81,5,C2,1
2021,LEMA,70,7,C1,1
2021,LEMA,68,3,C4,1
2021,CHFU,32,1,C3,1
2021,CHFU,21,4,B6,1
2021,CHFU,11,6,A5,1
2021,CHFU,9,6,A2,1
2021,CHFU,27,1,B4,1
2021,CHFU,8,1,A5,1
2021,CHFU,14,6,B2,1
2021,CHFU,14,6,B1,1
2021,CHFU,15,7,C6,1
2021,CHMI,16,7,B6,1
2021,POMO,105,8,B4,1
2021,POMO,86,8,B5,1
2021,POMO,114,8,A4,1
2021,POMO,156,8,A4,1
2021,POMO,144,8,D4,1
2021,POMA,169,9,E1,1
2021,POMA,227,9,F1,1
2021,POMA,264,4,F3,1
2021,POMA,306,9,F1,1
2021,POMA,423,8,B6,1
2021,POMA,238,8,A6,1
2021,POMA,124,8,A3,1
2021,SCLA,63,3,C1,1
2021,SCLA,46,5,C6,1
2021,SCLA,61,9,B2,1
2021,SCLA,57,3,B3,1
2021,SCLA,57,7,F1,1
2021,SCLA,70,3,F5,1
2021,SOAS,127,6,B2,1
2021,SOAS,153,9,A1,1
2021,SOAS,23,9,C2,1
2021,SOAS,60,8,C5,1
2021,SOAS,54,8,A6,1
2021,SOAS,79,2,D3,1
2021,SOAS,37,9,C6,1
2021,SOAS,81,9,A3,1
2021,SOAS,40,9,A1,1
2021,SOAS,118,6,F4,1
2021,SOAS,54,6,E1,1
2021,SOAS,127,5,A3,1
2021,SOAS,106,5,A4,1
2021,SOAS,40,9,F5,1
2021,SOAS,56,7,A6,1
2021,SOAS,82,7,A4,1
2021,SOAS,37,7,A3,1
2021,SOAS,53,7,F2,1
2021,SOAS,47,7,E6,1
2021,SOAS,83,6,B4,1
2021,SOAS,115,4,B2,1
2021,SOAS,94,5,E3,1
2021,SOAS,26,6,B2,1
2021,SOAS,84,9,C1,1
2021,SOAS,54,7,F6,1
2021,SOAS,36,9,D1,1
2021,SOAS,83,9,A2,1
2021,SOAS,35,6,F3,1
2021,LEMA,88,6,B3,1
2021,LEMA,82,3,C6,1
2021,LEMA,69,7,B5,1
2021,LEMA,63,7,C5,1
2021,LEMA,85,4,C4,1
2021,LEMA,68,7,C4,1
2021,LEMA,83,5,B4,1
2021,LEMA,109,5,D6,1
2021,LEMA,43,7,A1,1
2021,LEMA,64,5,C3,1
2021,LEMA,62,5,B6,1
2021,LEMA,51,2,B2,1
2021,LEMA,62,4,C2,1
2021,LEMA,85,4,C3,1
2021,LEMA,104,4,B4,1
2021,SOAS,106,9,D6,1
2021,SOAS,76,9,B1,1
2021,SOAS,102,9,B5,1
2021,SOAS,108,9,A4,1
2021,SOAS,52,6,A1,1
2021,SOAS,132,6,B1,1
2021,SOAS,41,7,B4,1
2021,SOAS,29,7,F5,1
2021,SOAS,53,7,F4,1
2021,SOAS,45,7,E5,1
2021,SOAS,96,6,E1,1
2021,SOAS,62,7,B3,1
2021,SOAS,31,7,E3,1
2021,SOAS,42,7,B2,1
2021,SOAS,64,7,F1,1
2021,SOAS,45,5,E2,1
2021,SOAS,55,9,B2,1
2021,SOAS,51,5,E1,1
2021,SOAS,48,6,B1,1
2021,SOAS,60,5,F4,1
2021,SOAS,52,4,C2,1
2021,SOAS,96,5,C3,1
2021,SOAS,33,7,F3,1
2021,SOAS,76,6,A2,1
2021,SOAS,101,6,E3,1
2021,SOAS,66,6,B5,1
2021,SOAS,77,6,B4,1
2021,SOAS,67,9,B2,1
2021,SCLA,64,5,A4,1
2021,SCLA,48,4,B5,1
2021,SCLA,26,7,B2,1
2021,SCLA,57,5,A4,1
2021,SCLA,62,5,C2,1
2021,SCLA,85,5,C4,1
2021,SOAS,24,5,A4,1
2021,SOAS,58,4,C5,1
2021,SOAS,47,5,B1,1
2021,SOAS,64,6,A6,1
2021,LEMA,40,7,B4,1
2021,LEMA,63,7,B3,1
2021,LEMA,72,7,C3,1
2021,LEMA,43,7,B2,1
2021,LEMA,67,6,B1,1
2021,LEMA,31,1,C3,1
2021,LEMA,41,1,B1,1
2021,LEMA,61,7,C2,1
2021,LEMA,52,4,B1,1
2021,LEMA,118,5,B1,1
2021,LEMA,78,4,B2,1
